[vcheck] ftn 
[vcheck] ftn 
[vcheck] ftn 
[vcheck] ftn 
[cpp] cpp -traditional-cpp -P -DLEGACY_MPI -DLEGACY_TIMER -DTIMING_ON -DRDEF_PRECISION=32 -DR_SOLVER_PRECISION=32 -DR_TRAN_PRECISION=32 -DR_BL_PRECISION=32 -DUSE_XIOS -DUSE_XIOS -DLEGACY_MPI -DLEGACY_TIMER -DTIMING_ON -DRDEF_PRECISION=32 -DR_SOLVER_PRECISION=32 -DR_TRAN_PRECISION=32 -DR_BL_PRECISION=32 /tmp/lparisi/spack-stage/spack-stage-lfric-3.1.1-crd6scd56enulty4epudksqlyzthqs5w/spack-src/lfric_apps/applications/gungho_model/working/scratch/lfric_core/components/lfric-xios/source/lfric_xios_time_axis_mod.X90 /tmp/lparisi/spack-stage/spack-stage-lfric-3.1.1-crd6scd56enulty4epudksqlyzthqs5w/spack-src/lfric_apps/applications/gungho_model/working/build_gungho_model/lfric_xios_time_axis_mod.x90
[vcheck] ftn 
[cpp] cpp -traditional-cpp -P -DLEGACY_MPI -DLEGACY_TIMER -DTIMING_ON -DRDEF_PRECISION=32 -DR_SOLVER_PRECISION=32 -DR_TRAN_PRECISION=32 -DR_BL_PRECISION=32 -DUSE_XIOS -DLEGACY_MPI -DLEGACY_TIMER -DTIMING_ON -DRDEF_PRECISION=32 -DR_SOLVER_PRECISION=32 -DR_TRAN_PRECISION=32 -DR_BL_PRECISION=32 /tmp/lparisi/spack-stage/spack-stage-lfric-3.1.1-crd6scd56enulty4epudksqlyzthqs5w/spack-src/lfric_apps/science/gungho/source/algorithm/runtime_constants/physics_constants_mod.X90 /tmp/lparisi/spack-stage/spack-stage-lfric-3.1.1-crd6scd56enulty4epudksqlyzthqs5w/spack-src/lfric_apps/applications/gungho_model/working/build_gungho_model/algorithm/runtime_constants/physics_constants_mod.x90
[cpp] cpp -traditional-cpp -P -DLEGACY_MPI -DLEGACY_TIMER -DTIMING_ON -DRDEF_PRECISION=32 -DR_SOLVER_PRECISION=32 -DR_TRAN_PRECISION=32 -DR_BL_PRECISION=32 -DUSE_XIOS -DLEGACY_MPI -DLEGACY_TIMER -DTIMING_ON -DRDEF_PRECISION=32 -DR_SOLVER_PRECISION=32 -DR_TRAN_PRECISION=32 -DR_BL_PRECISION=32 /tmp/lparisi/spack-stage/spack-stage-lfric-3.1.1-crd6scd56enulty4epudksqlyzthqs5w/spack-src/lfric_apps/science/gungho/source/algorithm/timestepping/semi_implicit_timestep_alg_mod.X90 /tmp/lparisi/spack-stage/spack-stage-lfric-3.1.1-crd6scd56enulty4epudksqlyzthqs5w/spack-src/lfric_apps/applications/gungho_model/working/build_gungho_model/algorithm/timestepping/semi_implicit_timestep_alg_mod.x90
[cpp] cpp -traditional-cpp -P -DLEGACY_MPI -DLEGACY_TIMER -DTIMING_ON -DRDEF_PRECISION=32 -DR_SOLVER_PRECISION=32 -DR_TRAN_PRECISION=32 -DR_BL_PRECISION=32 -DUSE_XIOS -DLEGACY_MPI -DLEGACY_TIMER -DTIMING_ON -DRDEF_PRECISION=32 -DR_SOLVER_PRECISION=32 -DR_TRAN_PRECISION=32 -DR_BL_PRECISION=32 /tmp/lparisi/spack-stage/spack-stage-lfric-3.1.1-crd6scd56enulty4epudksqlyzthqs5w/spack-src/lfric_apps/science/gungho/source/driver/gungho_init_fields_mod.X90 /tmp/lparisi/spack-stage/spack-stage-lfric-3.1.1-crd6scd56enulty4epudksqlyzthqs5w/spack-src/lfric_apps/applications/gungho_model/working/build_gungho_model/driver/gungho_init_fields_mod.x90
[cpp] cpp -traditional-cpp -P -DLEGACY_MPI -DLEGACY_TIMER -DTIMING_ON -DRDEF_PRECISION=32 -DR_SOLVER_PRECISION=32 -DR_TRAN_PRECISION=32 -DR_BL_PRECISION=32 -DUSE_XIOS -DLEGACY_MPI -DLEGACY_TIMER -DTIMING_ON -DRDEF_PRECISION=32 -DR_SOLVER_PRECISION=32 -DR_TRAN_PRECISION=32 -DR_BL_PRECISION=32 /tmp/lparisi/spack-stage/spack-stage-lfric-3.1.1-crd6scd56enulty4epudksqlyzthqs5w/spack-src/lfric_apps/science/gungho/source/algorithm/initialisation/init_physics_prognostics_alg_mod.X90 /tmp/lparisi/spack-stage/spack-stage-lfric-3.1.1-crd6scd56enulty4epudksqlyzthqs5w/spack-src/lfric_apps/applications/gungho_model/working/build_gungho_model/algorithm/initialisation/init_physics_prognostics_alg_mod.x90
[cpp] cpp -traditional-cpp -P -DLEGACY_MPI -DLEGACY_TIMER -DTIMING_ON -DRDEF_PRECISION=32 -DR_SOLVER_PRECISION=32 -DR_TRAN_PRECISION=32 -DR_BL_PRECISION=32 -DUSE_XIOS -DLEGACY_MPI -DLEGACY_TIMER -DTIMING_ON -DRDEF_PRECISION=32 -DR_SOLVER_PRECISION=32 -DR_TRAN_PRECISION=32 -DR_BL_PRECISION=32 /tmp/lparisi/spack-stage/spack-stage-lfric-3.1.1-crd6scd56enulty4epudksqlyzthqs5w/spack-src/lfric_apps/science/gungho/source/algorithm/physics/external_forcing_alg_mod.X90 /tmp/lparisi/spack-stage/spack-stage-lfric-3.1.1-crd6scd56enulty4epudksqlyzthqs5w/spack-src/lfric_apps/applications/gungho_model/working/build_gungho_model/algorithm/physics/external_forcing_alg_mod.x90
[cpp] cpp -traditional-cpp -P -DLEGACY_MPI -DLEGACY_TIMER -DTIMING_ON -DRDEF_PRECISION=32 -DR_SOLVER_PRECISION=32 -DR_TRAN_PRECISION=32 -DR_BL_PRECISION=32 -DUSE_XIOS -DLEGACY_MPI -DLEGACY_TIMER -DTIMING_ON -DRDEF_PRECISION=32 -DR_SOLVER_PRECISION=32 -DR_TRAN_PRECISION=32 -DR_BL_PRECISION=32 /tmp/lparisi/spack-stage/spack-stage-lfric-3.1.1-crd6scd56enulty4epudksqlyzthqs5w/spack-src/lfric_apps/science/gungho/source/algorithm/physics/fast_physics_alg_mod.X90 /tmp/lparisi/spack-stage/spack-stage-lfric-3.1.1-crd6scd56enulty4epudksqlyzthqs5w/spack-src/lfric_apps/applications/gungho_model/working/build_gungho_model/algorithm/physics/fast_physics_alg_mod.x90
[cpp] cpp -traditional-cpp -P -DLEGACY_MPI -DLEGACY_TIMER -DTIMING_ON -DRDEF_PRECISION=32 -DR_SOLVER_PRECISION=32 -DR_TRAN_PRECISION=32 -DR_BL_PRECISION=32 -DUSE_XIOS -DLEGACY_MPI -DLEGACY_TIMER -DTIMING_ON -DRDEF_PRECISION=32 -DR_SOLVER_PRECISION=32 -DR_TRAN_PRECISION=32 -DR_BL_PRECISION=32 /tmp/lparisi/spack-stage/spack-stage-lfric-3.1.1-crd6scd56enulty4epudksqlyzthqs5w/spack-src/lfric_apps/science/gungho/source/algorithm/physics/slow_physics_alg_mod.X90 /tmp/lparisi/spack-stage/spack-stage-lfric-3.1.1-crd6scd56enulty4epudksqlyzthqs5w/spack-src/lfric_apps/applications/gungho_model/working/build_gungho_model/algorithm/physics/slow_physics_alg_mod.x90
[cpp] cpp -traditional-cpp -P -DLEGACY_MPI -DLEGACY_TIMER -DTIMING_ON -DRDEF_PRECISION=32 -DR_SOLVER_PRECISION=32 -DR_TRAN_PRECISION=32 -DR_BL_PRECISION=32 -DUSE_XIOS -DLEGACY_MPI -DLEGACY_TIMER -DTIMING_ON -DRDEF_PRECISION=32 -DR_SOLVER_PRECISION=32 -DR_TRAN_PRECISION=32 -DR_BL_PRECISION=32 /tmp/lparisi/spack-stage/spack-stage-lfric-3.1.1-crd6scd56enulty4epudksqlyzthqs5w/spack-src/lfric_apps/science/gungho/source/algorithm/transport/control/gungho_transport_control_alg_mod.X90 /tmp/lparisi/spack-stage/spack-stage-lfric-3.1.1-crd6scd56enulty4epudksqlyzthqs5w/spack-src/lfric_apps/applications/gungho_model/working/build_gungho_model/algorithm/transport/control/gungho_transport_control_alg_mod.x90
[vcheck] ftn 
[vcheck] ftn 
[cpp] cpp -traditional-cpp -DLEGACY_MPI -DLEGACY_TIMER -DTIMING_ON -DRDEF_PRECISION=32 -DR_SOLVER_PRECISION=32 -DR_TRAN_PRECISION=32 -DR_BL_PRECISION=32 -DUSE_XIOS field/exchange_map_collection_mod.F90
[cpp] cpp -traditional-cpp -DLEGACY_MPI -DLEGACY_TIMER -DTIMING_ON -DRDEF_PRECISION=32 -DR_SOLVER_PRECISION=32 -DR_TRAN_PRECISION=32 -DR_BL_PRECISION=32 -DUSE_XIOS field/field_mod.F90
[cpp] cpp -traditional-cpp -DLEGACY_MPI -DLEGACY_TIMER -DTIMING_ON -DRDEF_PRECISION=32 -DR_SOLVER_PRECISION=32 -DR_TRAN_PRECISION=32 -DR_BL_PRECISION=32 -DUSE_XIOS field/integer_field_mod.F90
[cpp] cpp -traditional-cpp -DLEGACY_MPI -DLEGACY_TIMER -DTIMING_ON -DRDEF_PRECISION=32 -DR_SOLVER_PRECISION=32 -DR_TRAN_PRECISION=32 -DR_BL_PRECISION=32 -DUSE_XIOS field/r_bl_field_mod.F90
[cpp] cpp -traditional-cpp -DLEGACY_MPI -DLEGACY_TIMER -DTIMING_ON -DRDEF_PRECISION=32 -DR_SOLVER_PRECISION=32 -DR_TRAN_PRECISION=32 -DR_BL_PRECISION=32 -DUSE_XIOS field/r_solver_field_mod.F90
[cpp] cpp -traditional-cpp -DLEGACY_MPI -DLEGACY_TIMER -DTIMING_ON -DRDEF_PRECISION=32 -DR_SOLVER_PRECISION=32 -DR_TRAN_PRECISION=32 -DR_BL_PRECISION=32 -DUSE_XIOS field/r_tran_field_mod.F90
[cpp] cpp -traditional-cpp -DLEGACY_MPI -DLEGACY_TIMER -DTIMING_ON -DRDEF_PRECISION=32 -DR_SOLVER_PRECISION=32 -DR_TRAN_PRECISION=32 -DR_BL_PRECISION=32 -DUSE_XIOS field/vector_mod.F90
[cpp] cpp -traditional-cpp -DLEGACY_MPI -DLEGACY_TIMER -DTIMING_ON -DRDEF_PRECISION=32 -DR_SOLVER_PRECISION=32 -DR_TRAN_PRECISION=32 -DR_BL_PRECISION=32 -DUSE_XIOS field/field_indices_mod.F90
[cpp] cpp -traditional-cpp -DLEGACY_MPI -DLEGACY_TIMER -DTIMING_ON -DRDEF_PRECISION=32 -DR_SOLVER_PRECISION=32 -DR_TRAN_PRECISION=32 -DR_BL_PRECISION=32 -DUSE_XIOS operator/operator_mod.F90
[cpp] cpp -traditional-cpp -DLEGACY_MPI -DLEGACY_TIMER -DTIMING_ON -DRDEF_PRECISION=32 -DR_SOLVER_PRECISION=32 -DR_TRAN_PRECISION=32 -DR_BL_PRECISION=32 -DUSE_XIOS operator/r_solver_operator_mod.F90
[cpp] cpp -traditional-cpp -DLEGACY_MPI -DLEGACY_TIMER -DTIMING_ON -DRDEF_PRECISION=32 -DR_SOLVER_PRECISION=32 -DR_TRAN_PRECISION=32 -DR_BL_PRECISION=32 -DUSE_XIOS operator/r_tran_operator_mod.F90
[cpp] cpp -traditional-cpp -DLEGACY_MPI -DLEGACY_TIMER -DTIMING_ON -DRDEF_PRECISION=32 -DR_SOLVER_PRECISION=32 -DR_TRAN_PRECISION=32 -DR_BL_PRECISION=32 -DUSE_XIOS scalar/integer_scalar_mod.F90
[cpp] cpp -traditional-cpp -DLEGACY_MPI -DLEGACY_TIMER -DTIMING_ON -DRDEF_PRECISION=32 -DR_SOLVER_PRECISION=32 -DR_TRAN_PRECISION=32 -DR_BL_PRECISION=32 -DUSE_XIOS scalar/r_solver_scalar_mod.F90
[cpp] cpp -traditional-cpp -DLEGACY_MPI -DLEGACY_TIMER -DTIMING_ON -DRDEF_PRECISION=32 -DR_SOLVER_PRECISION=32 -DR_TRAN_PRECISION=32 -DR_BL_PRECISION=32 -DUSE_XIOS scalar/r_tran_scalar_mod.F90
[cpp] cpp -traditional-cpp -DLEGACY_MPI -DLEGACY_TIMER -DTIMING_ON -DRDEF_PRECISION=32 -DR_SOLVER_PRECISION=32 -DR_TRAN_PRECISION=32 -DR_BL_PRECISION=32 -DUSE_XIOS scalar/scalar_mod.F90
[cpp] cpp -traditional-cpp -DLEGACY_MPI -DLEGACY_TIMER -DTIMING_ON -DRDEF_PRECISION=32 -DR_SOLVER_PRECISION=32 -DR_TRAN_PRECISION=32 -DR_BL_PRECISION=32 -DUSE_XIOS PSYKE/dino_mod.F90
[cpp] cpp -traditional-cpp -DLEGACY_MPI -DLEGACY_TIMER -DTIMING_ON -DRDEF_PRECISION=32 -DR_SOLVER_PRECISION=32 -DR_TRAN_PRECISION=32 -DR_BL_PRECISION=32 -DUSE_XIOS configuration/namelist_mod.F90
[cpp] cpp -traditional-cpp -DLEGACY_MPI -DLEGACY_TIMER -DTIMING_ON -DRDEF_PRECISION=32 -DR_SOLVER_PRECISION=32 -DR_TRAN_PRECISION=32 -DR_BL_PRECISION=32 -DUSE_XIOS configuration/check_configuration_mod.F90
[cpp] cpp -traditional-cpp -DLEGACY_MPI -DLEGACY_TIMER -DTIMING_ON -DRDEF_PRECISION=32 -DR_SOLVER_PRECISION=32 -DR_TRAN_PRECISION=32 -DR_BL_PRECISION=32 -DUSE_XIOS configuration/derived_config_mod.F90
[cpp] cpp -traditional-cpp -DLEGACY_MPI -DLEGACY_TIMER -DTIMING_ON -DRDEF_PRECISION=32 -DR_SOLVER_PRECISION=32 -DR_TRAN_PRECISION=32 -DR_BL_PRECISION=32 -DUSE_XIOS configuration/orography_control_mod.F90
[cpp] cpp -traditional-cpp -DLEGACY_MPI -DLEGACY_TIMER -DTIMING_ON -DRDEF_PRECISION=32 -DR_SOLVER_PRECISION=32 -DR_TRAN_PRECISION=32 -DR_BL_PRECISION=32 -DUSE_XIOS function_space/dofmap/master_dofmap_mod.F90
[cpp] cpp -traditional-cpp -DLEGACY_MPI -DLEGACY_TIMER -DTIMING_ON -DRDEF_PRECISION=32 -DR_SOLVER_PRECISION=32 -DR_TRAN_PRECISION=32 -DR_BL_PRECISION=32 -DUSE_XIOS function_space/dofmap/stencil_dofmap_mod.F90
[cpp] cpp -traditional-cpp -DLEGACY_MPI -DLEGACY_TIMER -DTIMING_ON -DRDEF_PRECISION=32 -DR_SOLVER_PRECISION=32 -DR_TRAN_PRECISION=32 -DR_BL_PRECISION=32 -DUSE_XIOS function_space/fs_continuity_mod.F90
[cpp] cpp -traditional-cpp -DLEGACY_MPI -DLEGACY_TIMER -DTIMING_ON -DRDEF_PRECISION=32 -DR_SOLVER_PRECISION=32 -DR_TRAN_PRECISION=32 -DR_BL_PRECISION=32 -DUSE_XIOS function_space/fs_eigenvalues_mod.F90
[cpp] cpp -traditional-cpp -DLEGACY_MPI -DLEGACY_TIMER -DTIMING_ON -DRDEF_PRECISION=32 -DR_SOLVER_PRECISION=32 -DR_TRAN_PRECISION=32 -DR_BL_PRECISION=32 -DUSE_XIOS function_space/function_space_chain_mod.F90
[cpp] cpp -traditional-cpp -DLEGACY_MPI -DLEGACY_TIMER -DTIMING_ON -DRDEF_PRECISION=32 -DR_SOLVER_PRECISION=32 -DR_TRAN_PRECISION=32 -DR_BL_PRECISION=32 -DUSE_XIOS function_space/function_space_collection_mod.F90
[cpp] cpp -traditional-cpp -DLEGACY_MPI -DLEGACY_TIMER -DTIMING_ON -DRDEF_PRECISION=32 -DR_SOLVER_PRECISION=32 -DR_TRAN_PRECISION=32 -DR_BL_PRECISION=32 -DUSE_XIOS function_space/function_space_constructor_helper_functions_mod.F90
[cpp] cpp -traditional-cpp -DLEGACY_MPI -DLEGACY_TIMER -DTIMING_ON -DRDEF_PRECISION=32 -DR_SOLVER_PRECISION=32 -DR_TRAN_PRECISION=32 -DR_BL_PRECISION=32 -DUSE_XIOS function_space/function_space_mod.F90
[cpp] cpp -traditional-cpp -DLEGACY_MPI -DLEGACY_TIMER -DTIMING_ON -DRDEF_PRECISION=32 -DR_SOLVER_PRECISION=32 -DR_TRAN_PRECISION=32 -DR_BL_PRECISION=32 -DUSE_XIOS function_space/function_space_pointer_mod.F90
[cpp] cpp -traditional-cpp -DLEGACY_MPI -DLEGACY_TIMER -DTIMING_ON -DRDEF_PRECISION=32 -DR_SOLVER_PRECISION=32 -DR_TRAN_PRECISION=32 -DR_BL_PRECISION=32 -DUSE_XIOS io/file_mod.F90
[cpp] cpp -traditional-cpp -DLEGACY_MPI -DLEGACY_TIMER -DTIMING_ON -DRDEF_PRECISION=32 -DR_SOLVER_PRECISION=32 -DR_TRAN_PRECISION=32 -DR_BL_PRECISION=32 -DUSE_XIOS io/io_mod.F90
[cpp] cpp -traditional-cpp -DLEGACY_MPI -DLEGACY_TIMER -DTIMING_ON -DRDEF_PRECISION=32 -DR_SOLVER_PRECISION=32 -DR_TRAN_PRECISION=32 -DR_BL_PRECISION=32 -DUSE_XIOS io/lfric_ncdf_dims_mod.F90
[cpp] cpp -traditional-cpp -DLEGACY_MPI -DLEGACY_TIMER -DTIMING_ON -DRDEF_PRECISION=32 -DR_SOLVER_PRECISION=32 -DR_TRAN_PRECISION=32 -DR_BL_PRECISION=32 -DUSE_XIOS io/lfric_ncdf_field_group_mod.F90
[cpp] cpp -traditional-cpp -DLEGACY_MPI -DLEGACY_TIMER -DTIMING_ON -DRDEF_PRECISION=32 -DR_SOLVER_PRECISION=32 -DR_TRAN_PRECISION=32 -DR_BL_PRECISION=32 -DUSE_XIOS io/lfric_ncdf_field_mod.F90
[cpp] cpp -traditional-cpp -DLEGACY_MPI -DLEGACY_TIMER -DTIMING_ON -DRDEF_PRECISION=32 -DR_SOLVER_PRECISION=32 -DR_TRAN_PRECISION=32 -DR_BL_PRECISION=32 -DUSE_XIOS io/lfric_ncdf_file_mod.F90
[cpp] cpp -traditional-cpp -DLEGACY_MPI -DLEGACY_TIMER -DTIMING_ON -DRDEF_PRECISION=32 -DR_SOLVER_PRECISION=32 -DR_TRAN_PRECISION=32 -DR_BL_PRECISION=32 -DUSE_XIOS io/ncdf_quad_mod.F90
[cpp] cpp -traditional-cpp -DLEGACY_MPI -DLEGACY_TIMER -DTIMING_ON -DRDEF_PRECISION=32 -DR_SOLVER_PRECISION=32 -DR_TRAN_PRECISION=32 -DR_BL_PRECISION=32 -DUSE_XIOS io/ugrid_2d_mod.F90
[cpp] cpp -traditional-cpp -DLEGACY_MPI -DLEGACY_TIMER -DTIMING_ON -DRDEF_PRECISION=32 -DR_SOLVER_PRECISION=32 -DR_TRAN_PRECISION=32 -DR_BL_PRECISION=32 -DUSE_XIOS io/ugrid_file_mod.F90
[cpp] cpp -traditional-cpp -DLEGACY_MPI -DLEGACY_TIMER -DTIMING_ON -DRDEF_PRECISION=32 -DR_SOLVER_PRECISION=32 -DR_TRAN_PRECISION=32 -DR_BL_PRECISION=32 -DUSE_XIOS io/ugrid_generator_mod.F90
[cpp] cpp -traditional-cpp -DLEGACY_MPI -DLEGACY_TIMER -DTIMING_ON -DRDEF_PRECISION=32 -DR_SOLVER_PRECISION=32 -DR_TRAN_PRECISION=32 -DR_BL_PRECISION=32 -DUSE_XIOS kernel_metadata/argument_mod.F90
[cpp] cpp -traditional-cpp -DLEGACY_MPI -DLEGACY_TIMER -DTIMING_ON -DRDEF_PRECISION=32 -DR_SOLVER_PRECISION=32 -DR_TRAN_PRECISION=32 -DR_BL_PRECISION=32 -DUSE_XIOS kernel_metadata/kernel_mod.F90
[cpp] cpp -traditional-cpp -DLEGACY_MPI -DLEGACY_TIMER -DTIMING_ON -DRDEF_PRECISION=32 -DR_SOLVER_PRECISION=32 -DR_TRAN_PRECISION=32 -DR_BL_PRECISION=32 -DUSE_XIOS mesh/domain_mod.F90
[cpp] cpp -traditional-cpp -DLEGACY_MPI -DLEGACY_TIMER -DTIMING_ON -DRDEF_PRECISION=32 -DR_SOLVER_PRECISION=32 -DR_TRAN_PRECISION=32 -DR_BL_PRECISION=32 -DUSE_XIOS mesh/global_mesh_collection_mod.F90
[cpp] cpp -traditional-cpp -DLEGACY_MPI -DLEGACY_TIMER -DTIMING_ON -DRDEF_PRECISION=32 -DR_SOLVER_PRECISION=32 -DR_TRAN_PRECISION=32 -DR_BL_PRECISION=32 -DUSE_XIOS mesh/global_mesh_map_collection_mod.F90
[cpp] cpp -traditional-cpp -DLEGACY_MPI -DLEGACY_TIMER -DTIMING_ON -DRDEF_PRECISION=32 -DR_SOLVER_PRECISION=32 -DR_TRAN_PRECISION=32 -DR_BL_PRECISION=32 -DUSE_XIOS mesh/global_mesh_map_mod.F90
[cpp] cpp -traditional-cpp -DLEGACY_MPI -DLEGACY_TIMER -DTIMING_ON -DRDEF_PRECISION=32 -DR_SOLVER_PRECISION=32 -DR_TRAN_PRECISION=32 -DR_BL_PRECISION=32 -DUSE_XIOS mesh/global_mesh_mod.F90
[cpp] cpp -traditional-cpp -DLEGACY_MPI -DLEGACY_TIMER -DTIMING_ON -DRDEF_PRECISION=32 -DR_SOLVER_PRECISION=32 -DR_TRAN_PRECISION=32 -DR_BL_PRECISION=32 -DUSE_XIOS mesh/mesh_collection_mod.F90
[cpp] cpp -traditional-cpp -DLEGACY_MPI -DLEGACY_TIMER -DTIMING_ON -DRDEF_PRECISION=32 -DR_SOLVER_PRECISION=32 -DR_TRAN_PRECISION=32 -DR_BL_PRECISION=32 -DUSE_XIOS mesh/mesh_colouring_mod.F90
[cpp] cpp -traditional-cpp -DLEGACY_MPI -DLEGACY_TIMER -DTIMING_ON -DRDEF_PRECISION=32 -DR_SOLVER_PRECISION=32 -DR_TRAN_PRECISION=32 -DR_BL_PRECISION=32 -DUSE_XIOS mesh/mesh_constructor_helper_functions_mod.F90
[cpp] cpp -traditional-cpp -DLEGACY_MPI -DLEGACY_TIMER -DTIMING_ON -DRDEF_PRECISION=32 -DR_SOLVER_PRECISION=32 -DR_TRAN_PRECISION=32 -DR_BL_PRECISION=32 -DUSE_XIOS mesh/mesh_map_collection_mod.F90
[cpp] cpp -traditional-cpp -DLEGACY_MPI -DLEGACY_TIMER -DTIMING_ON -DRDEF_PRECISION=32 -DR_SOLVER_PRECISION=32 -DR_TRAN_PRECISION=32 -DR_BL_PRECISION=32 -DUSE_XIOS mesh/mesh_map_mod.F90
[cpp] cpp -traditional-cpp -DLEGACY_MPI -DLEGACY_TIMER -DTIMING_ON -DRDEF_PRECISION=32 -DR_SOLVER_PRECISION=32 -DR_TRAN_PRECISION=32 -DR_BL_PRECISION=32 -DUSE_XIOS mesh/mesh_mod.F90
[cpp] cpp -traditional-cpp -DLEGACY_MPI -DLEGACY_TIMER -DTIMING_ON -DRDEF_PRECISION=32 -DR_SOLVER_PRECISION=32 -DR_TRAN_PRECISION=32 -DR_BL_PRECISION=32 -DUSE_XIOS mesh/mesh_tiling_mod.F90
[cpp] cpp -traditional-cpp -DLEGACY_MPI -DLEGACY_TIMER -DTIMING_ON -DRDEF_PRECISION=32 -DR_SOLVER_PRECISION=32 -DR_TRAN_PRECISION=32 -DR_BL_PRECISION=32 -DUSE_XIOS mesh/partition_mod.F90
[cpp] cpp -traditional-cpp -DLEGACY_MPI -DLEGACY_TIMER -DTIMING_ON -DRDEF_PRECISION=32 -DR_SOLVER_PRECISION=32 -DR_TRAN_PRECISION=32 -DR_BL_PRECISION=32 -DUSE_XIOS mesh/reference_element_mod.F90
[cpp] cpp -traditional-cpp -DLEGACY_MPI -DLEGACY_TIMER -DTIMING_ON -DRDEF_PRECISION=32 -DR_SOLVER_PRECISION=32 -DR_TRAN_PRECISION=32 -DR_BL_PRECISION=32 -DUSE_XIOS quadrature/quadrature_edge_mod.F90
[cpp] cpp -traditional-cpp -DLEGACY_MPI -DLEGACY_TIMER -DTIMING_ON -DRDEF_PRECISION=32 -DR_SOLVER_PRECISION=32 -DR_TRAN_PRECISION=32 -DR_BL_PRECISION=32 -DUSE_XIOS quadrature/quadrature_face_mod.F90
[cpp] cpp -traditional-cpp -DLEGACY_MPI -DLEGACY_TIMER -DTIMING_ON -DRDEF_PRECISION=32 -DR_SOLVER_PRECISION=32 -DR_TRAN_PRECISION=32 -DR_BL_PRECISION=32 -DUSE_XIOS quadrature/quadrature_mod.F90
[cpp] cpp -traditional-cpp -DLEGACY_MPI -DLEGACY_TIMER -DTIMING_ON -DRDEF_PRECISION=32 -DR_SOLVER_PRECISION=32 -DR_TRAN_PRECISION=32 -DR_BL_PRECISION=32 -DUSE_XIOS quadrature/quadrature_rule_gauss_lobatto_mod.F90
[cpp] cpp -traditional-cpp -DLEGACY_MPI -DLEGACY_TIMER -DTIMING_ON -DRDEF_PRECISION=32 -DR_SOLVER_PRECISION=32 -DR_TRAN_PRECISION=32 -DR_BL_PRECISION=32 -DUSE_XIOS quadrature/quadrature_rule_gaussian_mod.F90
[cpp] cpp -traditional-cpp -DLEGACY_MPI -DLEGACY_TIMER -DTIMING_ON -DRDEF_PRECISION=32 -DR_SOLVER_PRECISION=32 -DR_TRAN_PRECISION=32 -DR_BL_PRECISION=32 -DUSE_XIOS quadrature/quadrature_rule_mod.F90
[cpp] cpp -traditional-cpp -DLEGACY_MPI -DLEGACY_TIMER -DTIMING_ON -DRDEF_PRECISION=32 -DR_SOLVER_PRECISION=32 -DR_TRAN_PRECISION=32 -DR_BL_PRECISION=32 -DUSE_XIOS quadrature/quadrature_rule_newton_cotes_mod.F90
[cpp] cpp -traditional-cpp -DLEGACY_MPI -DLEGACY_TIMER -DTIMING_ON -DRDEF_PRECISION=32 -DR_SOLVER_PRECISION=32 -DR_TRAN_PRECISION=32 -DR_BL_PRECISION=32 -DUSE_XIOS quadrature/quadrature_rule_segment_centre_mod.F90
[cpp] cpp -traditional-cpp -DLEGACY_MPI -DLEGACY_TIMER -DTIMING_ON -DRDEF_PRECISION=32 -DR_SOLVER_PRECISION=32 -DR_TRAN_PRECISION=32 -DR_BL_PRECISION=32 -DUSE_XIOS quadrature/quadrature_xoyoz_mod.F90
[cpp] cpp -traditional-cpp -DLEGACY_MPI -DLEGACY_TIMER -DTIMING_ON -DRDEF_PRECISION=32 -DR_SOLVER_PRECISION=32 -DR_TRAN_PRECISION=32 -DR_BL_PRECISION=32 -DUSE_XIOS quadrature/quadrature_xyoz_mod.F90
[cpp] cpp -traditional-cpp -DLEGACY_MPI -DLEGACY_TIMER -DTIMING_ON -DRDEF_PRECISION=32 -DR_SOLVER_PRECISION=32 -DR_TRAN_PRECISION=32 -DR_BL_PRECISION=32 -DUSE_XIOS quadrature/quadrature_xyz_mod.F90
[cpp] cpp -traditional-cpp -DLEGACY_MPI -DLEGACY_TIMER -DTIMING_ON -DRDEF_PRECISION=32 -DR_SOLVER_PRECISION=32 -DR_TRAN_PRECISION=32 -DR_BL_PRECISION=32 -DUSE_XIOS utilities/constants_mod.F90
[cpp] cpp -traditional-cpp -DLEGACY_MPI -DLEGACY_TIMER -DTIMING_ON -DRDEF_PRECISION=32 -DR_SOLVER_PRECISION=32 -DR_TRAN_PRECISION=32 -DR_BL_PRECISION=32 -DUSE_XIOS utilities/convert_to_upper_mod.F90
[cpp] cpp -traditional-cpp -DLEGACY_MPI -DLEGACY_TIMER -DTIMING_ON -DRDEF_PRECISION=32 -DR_SOLVER_PRECISION=32 -DR_TRAN_PRECISION=32 -DR_BL_PRECISION=32 -DUSE_XIOS utilities/coord_transform_mod.F90
[cpp] cpp -traditional-cpp -DLEGACY_MPI -DLEGACY_TIMER -DTIMING_ON -DRDEF_PRECISION=32 -DR_SOLVER_PRECISION=32 -DR_TRAN_PRECISION=32 -DR_BL_PRECISION=32 -DUSE_XIOS utilities/cross_product_mod.F90
[cpp] cpp -traditional-cpp -DLEGACY_MPI -DLEGACY_TIMER -DTIMING_ON -DRDEF_PRECISION=32 -DR_SOLVER_PRECISION=32 -DR_TRAN_PRECISION=32 -DR_BL_PRECISION=32 -DUSE_XIOS utilities/halo_comms_mod.F90
[cpp] cpp -traditional-cpp -DLEGACY_MPI -DLEGACY_TIMER -DTIMING_ON -DRDEF_PRECISION=32 -DR_SOLVER_PRECISION=32 -DR_TRAN_PRECISION=32 -DR_BL_PRECISION=32 -DUSE_XIOS utilities/hash_mod.F90
[cpp] cpp -traditional-cpp -DLEGACY_MPI -DLEGACY_TIMER -DTIMING_ON -DRDEF_PRECISION=32 -DR_SOLVER_PRECISION=32 -DR_TRAN_PRECISION=32 -DR_BL_PRECISION=32 -DUSE_XIOS utilities/lfric_abort_mod.F90
[cpp] cpp -traditional-cpp -DLEGACY_MPI -DLEGACY_TIMER -DTIMING_ON -DRDEF_PRECISION=32 -DR_SOLVER_PRECISION=32 -DR_TRAN_PRECISION=32 -DR_BL_PRECISION=32 -DUSE_XIOS utilities/lfric_mpi_mod.F90
[cpp] cpp -traditional-cpp -DLEGACY_MPI -DLEGACY_TIMER -DTIMING_ON -DRDEF_PRECISION=32 -DR_SOLVER_PRECISION=32 -DR_TRAN_PRECISION=32 -DR_BL_PRECISION=32 -DUSE_XIOS utilities/lfric_string_mod.F90
[cpp] cpp -traditional-cpp -DLEGACY_MPI -DLEGACY_TIMER -DTIMING_ON -DRDEF_PRECISION=32 -DR_SOLVER_PRECISION=32 -DR_TRAN_PRECISION=32 -DR_BL_PRECISION=32 -DUSE_XIOS utilities/linked_list_data_mod.F90
[cpp] cpp -traditional-cpp -DLEGACY_MPI -DLEGACY_TIMER -DTIMING_ON -DRDEF_PRECISION=32 -DR_SOLVER_PRECISION=32 -DR_TRAN_PRECISION=32 -DR_BL_PRECISION=32 -DUSE_XIOS utilities/linked_list_int_mod.F90
[cpp] cpp -traditional-cpp -DLEGACY_MPI -DLEGACY_TIMER -DTIMING_ON -DRDEF_PRECISION=32 -DR_SOLVER_PRECISION=32 -DR_TRAN_PRECISION=32 -DR_BL_PRECISION=32 -DUSE_XIOS utilities/linked_list_mod.F90
[cpp] cpp -traditional-cpp -DLEGACY_MPI -DLEGACY_TIMER -DTIMING_ON -DRDEF_PRECISION=32 -DR_SOLVER_PRECISION=32 -DR_TRAN_PRECISION=32 -DR_BL_PRECISION=32 -DUSE_XIOS utilities/log_mod.F90
[cpp] cpp -traditional-cpp -DLEGACY_MPI -DLEGACY_TIMER -DTIMING_ON -DRDEF_PRECISION=32 -DR_SOLVER_PRECISION=32 -DR_TRAN_PRECISION=32 -DR_BL_PRECISION=32 -DUSE_XIOS utilities/matrix_invert_mod.F90
[cpp] cpp -traditional-cpp -DLEGACY_MPI -DLEGACY_TIMER -DTIMING_ON -DRDEF_PRECISION=32 -DR_SOLVER_PRECISION=32 -DR_TRAN_PRECISION=32 -DR_BL_PRECISION=32 -DUSE_XIOS utilities/mdi_mod.F90
[cpp] cpp -traditional-cpp -DLEGACY_MPI -DLEGACY_TIMER -DTIMING_ON -DRDEF_PRECISION=32 -DR_SOLVER_PRECISION=32 -DR_TRAN_PRECISION=32 -DR_BL_PRECISION=32 -DUSE_XIOS utilities/remove_duplicates_mod.F90
[cpp] cpp -traditional-cpp -DLEGACY_MPI -DLEGACY_TIMER -DTIMING_ON -DRDEF_PRECISION=32 -DR_SOLVER_PRECISION=32 -DR_TRAN_PRECISION=32 -DR_BL_PRECISION=32 -DUSE_XIOS utilities/timer_mod.F90
[cpp] cpp -traditional-cpp -DLEGACY_MPI -DLEGACY_TIMER -DTIMING_ON -DRDEF_PRECISION=32 -DR_SOLVER_PRECISION=32 -DR_TRAN_PRECISION=32 -DR_BL_PRECISION=32 -DUSE_XIOS utilities/timing_mod.F90
[cpp] cpp -traditional-cpp -DLEGACY_MPI -DLEGACY_TIMER -DTIMING_ON -DRDEF_PRECISION=32 -DR_SOLVER_PRECISION=32 -DR_TRAN_PRECISION=32 -DR_BL_PRECISION=32 -DUSE_XIOS utilities/traceback_mod.F90
[cpp] cpp -traditional-cpp -DLEGACY_MPI -DLEGACY_TIMER -DTIMING_ON -DRDEF_PRECISION=32 -DR_SOLVER_PRECISION=32 -DR_TRAN_PRECISION=32 -DR_BL_PRECISION=32 -DUSE_XIOS driver_comm_mod.F90
[cpp] cpp -traditional-cpp -DLEGACY_MPI -DLEGACY_TIMER -DTIMING_ON -DRDEF_PRECISION=32 -DR_SOLVER_PRECISION=32 -DR_TRAN_PRECISION=32 -DR_BL_PRECISION=32 -DUSE_XIOS driver_coordinates_mod.F90
[cpp] cpp -traditional-cpp -DLEGACY_MPI -DLEGACY_TIMER -DTIMING_ON -DRDEF_PRECISION=32 -DR_SOLVER_PRECISION=32 -DR_TRAN_PRECISION=32 -DR_BL_PRECISION=32 -DUSE_XIOS driver_io_mod.F90
[cpp] cpp -traditional-cpp -DLEGACY_MPI -DLEGACY_TIMER -DTIMING_ON -DRDEF_PRECISION=32 -DR_SOLVER_PRECISION=32 -DR_TRAN_PRECISION=32 -DR_BL_PRECISION=32 -DUSE_XIOS io_context_collection_mod.F90
[cpp] cpp -traditional-cpp -DLEGACY_MPI -DLEGACY_TIMER -DTIMING_ON -DRDEF_PRECISION=32 -DR_SOLVER_PRECISION=32 -DR_TRAN_PRECISION=32 -DR_BL_PRECISION=32 -DUSE_XIOS algorithm/sci_project_output_mod.F90
[cpp] cpp -traditional-cpp -DLEGACY_MPI -DLEGACY_TIMER -DTIMING_ON -DRDEF_PRECISION=32 -DR_SOLVER_PRECISION=32 -DR_TRAN_PRECISION=32 -DR_BL_PRECISION=32 -DUSE_XIOS algorithm/transport/common/split_transport_utils_mod.F90
[cpp] cpp -traditional-cpp -DLEGACY_MPI -DLEGACY_TIMER -DTIMING_ON -DRDEF_PRECISION=32 -DR_SOLVER_PRECISION=32 -DR_TRAN_PRECISION=32 -DR_BL_PRECISION=32 -DUSE_XIOS algorithm/transport/common/transport_enumerated_types_mod.F90
[cpp] cpp -traditional-cpp -DLEGACY_MPI -DLEGACY_TIMER -DTIMING_ON -DRDEF_PRECISION=32 -DR_SOLVER_PRECISION=32 -DR_TRAN_PRECISION=32 -DR_BL_PRECISION=32 -DUSE_XIOS algorithm/transport/common/transport_metadata_collection_mod.F90
[cpp] cpp -traditional-cpp -DLEGACY_MPI -DLEGACY_TIMER -DTIMING_ON -DRDEF_PRECISION=32 -DR_SOLVER_PRECISION=32 -DR_TRAN_PRECISION=32 -DR_BL_PRECISION=32 -DUSE_XIOS algorithm/transport/common/transport_metadata_mod.F90
[cpp] cpp -traditional-cpp -DLEGACY_MPI -DLEGACY_TIMER -DTIMING_ON -DRDEF_PRECISION=32 -DR_SOLVER_PRECISION=32 -DR_TRAN_PRECISION=32 -DR_BL_PRECISION=32 -DUSE_XIOS kernel/algebra/dg_inc_matrix_vector_kernel_mod.F90
[cpp] cpp -traditional-cpp -DLEGACY_MPI -DLEGACY_TIMER -DTIMING_ON -DRDEF_PRECISION=32 -DR_SOLVER_PRECISION=32 -DR_TRAN_PRECISION=32 -DR_BL_PRECISION=32 -DUSE_XIOS kernel/algebra/dg_matrix_vector_kernel_mod.F90
[cpp] cpp -traditional-cpp -DLEGACY_MPI -DLEGACY_TIMER -DTIMING_ON -DRDEF_PRECISION=32 -DR_SOLVER_PRECISION=32 -DR_TRAN_PRECISION=32 -DR_BL_PRECISION=32 -DUSE_XIOS kernel/algebra/matrix_vector_kernel_mod.F90
[cpp] cpp -traditional-cpp -DLEGACY_MPI -DLEGACY_TIMER -DTIMING_ON -DRDEF_PRECISION=32 -DR_SOLVER_PRECISION=32 -DR_TRAN_PRECISION=32 -DR_BL_PRECISION=32 -DUSE_XIOS kernel/algebra/sci_assign_field_random_kernel_mod.F90
[cpp] cpp -traditional-cpp -DLEGACY_MPI -DLEGACY_TIMER -DTIMING_ON -DRDEF_PRECISION=32 -DR_SOLVER_PRECISION=32 -DR_TRAN_PRECISION=32 -DR_BL_PRECISION=32 -DUSE_XIOS kernel/algebra/sci_assign_field_single_column_kernel_mod.F90
[cpp] cpp -traditional-cpp -DLEGACY_MPI -DLEGACY_TIMER -DTIMING_ON -DRDEF_PRECISION=32 -DR_SOLVER_PRECISION=32 -DR_TRAN_PRECISION=32 -DR_BL_PRECISION=32 -DUSE_XIOS kernel/algebra/sci_compound_operator_kernel_mod.F90
[cpp] cpp -traditional-cpp -DLEGACY_MPI -DLEGACY_TIMER -DTIMING_ON -DRDEF_PRECISION=32 -DR_SOLVER_PRECISION=32 -DR_TRAN_PRECISION=32 -DR_BL_PRECISION=32 -DUSE_XIOS kernel/algebra/sci_compute_dof_level_kernel_mod.F90
[cpp] cpp -traditional-cpp -DLEGACY_MPI -DLEGACY_TIMER -DTIMING_ON -DRDEF_PRECISION=32 -DR_SOLVER_PRECISION=32 -DR_TRAN_PRECISION=32 -DR_BL_PRECISION=32 -DUSE_XIOS kernel/algebra/sci_dot_product_of_components_kernel_mod.F90
[cpp] cpp -traditional-cpp -DLEGACY_MPI -DLEGACY_TIMER -DTIMING_ON -DRDEF_PRECISION=32 -DR_SOLVER_PRECISION=32 -DR_TRAN_PRECISION=32 -DR_BL_PRECISION=32 -DUSE_XIOS kernel/algebra/sci_enforce_bc_kernel_mod.F90
[cpp] cpp -traditional-cpp -DLEGACY_MPI -DLEGACY_TIMER -DTIMING_ON -DRDEF_PRECISION=32 -DR_SOLVER_PRECISION=32 -DR_TRAN_PRECISION=32 -DR_BL_PRECISION=32 -DUSE_XIOS kernel/algebra/sci_enforce_lower_bound_kernel_mod.F90
[cpp] cpp -traditional-cpp -DLEGACY_MPI -DLEGACY_TIMER -DTIMING_ON -DRDEF_PRECISION=32 -DR_SOLVER_PRECISION=32 -DR_TRAN_PRECISION=32 -DR_BL_PRECISION=32 -DUSE_XIOS kernel/algebra/sci_enforce_operator_bc_kernel_mod.F90
[cpp] cpp -traditional-cpp -DLEGACY_MPI -DLEGACY_TIMER -DTIMING_ON -DRDEF_PRECISION=32 -DR_SOLVER_PRECISION=32 -DR_TRAN_PRECISION=32 -DR_BL_PRECISION=32 -DUSE_XIOS kernel/algebra/sci_enforce_upper_bound_kernel_mod.F90
[cpp] cpp -traditional-cpp -DLEGACY_MPI -DLEGACY_TIMER -DTIMING_ON -DRDEF_PRECISION=32 -DR_SOLVER_PRECISION=32 -DR_TRAN_PRECISION=32 -DR_BL_PRECISION=32 -DUSE_XIOS kernel/algebra/sci_face_selector_kernel_mod.F90
[cpp] cpp -traditional-cpp -DLEGACY_MPI -DLEGACY_TIMER -DTIMING_ON -DRDEF_PRECISION=32 -DR_SOLVER_PRECISION=32 -DR_TRAN_PRECISION=32 -DR_BL_PRECISION=32 -DUSE_XIOS kernel/algebra/sci_invert_local_operator_kernel_mod.F90
[cpp] cpp -traditional-cpp -DLEGACY_MPI -DLEGACY_TIMER -DTIMING_ON -DRDEF_PRECISION=32 -DR_SOLVER_PRECISION=32 -DR_TRAN_PRECISION=32 -DR_BL_PRECISION=32 -DUSE_XIOS kernel/algebra/sci_mm_diagonal_assembled_kernel_mod.F90
[cpp] cpp -traditional-cpp -DLEGACY_MPI -DLEGACY_TIMER -DTIMING_ON -DRDEF_PRECISION=32 -DR_SOLVER_PRECISION=32 -DR_TRAN_PRECISION=32 -DR_BL_PRECISION=32 -DUSE_XIOS kernel/algebra/sci_mm_diagonal_kernel_mod.F90
[cpp] cpp -traditional-cpp -DLEGACY_MPI -DLEGACY_TIMER -DTIMING_ON -DRDEF_PRECISION=32 -DR_SOLVER_PRECISION=32 -DR_TRAN_PRECISION=32 -DR_BL_PRECISION=32 -DUSE_XIOS kernel/algebra/sci_operator_algebra_kernel_mod.F90
[cpp] cpp -traditional-cpp -DLEGACY_MPI -DLEGACY_TIMER -DTIMING_ON -DRDEF_PRECISION=32 -DR_SOLVER_PRECISION=32 -DR_TRAN_PRECISION=32 -DR_BL_PRECISION=32 -DUSE_XIOS kernel/algebra/sci_operator_x_times_y_kernel_mod.F90
[cpp] cpp -traditional-cpp -DLEGACY_MPI -DLEGACY_TIMER -DTIMING_ON -DRDEF_PRECISION=32 -DR_SOLVER_PRECISION=32 -DR_TRAN_PRECISION=32 -DR_BL_PRECISION=32 -DUSE_XIOS kernel/algebra/sci_random_perturb_kernel_mod.F90
[cpp] cpp -traditional-cpp -DLEGACY_MPI -DLEGACY_TIMER -DTIMING_ON -DRDEF_PRECISION=32 -DR_SOLVER_PRECISION=32 -DR_TRAN_PRECISION=32 -DR_BL_PRECISION=32 -DUSE_XIOS kernel/algebra/sci_set_any_dof_kernel_mod.F90
[cpp] cpp -traditional-cpp -DLEGACY_MPI -DLEGACY_TIMER -DTIMING_ON -DRDEF_PRECISION=32 -DR_SOLVER_PRECISION=32 -DR_TRAN_PRECISION=32 -DR_BL_PRECISION=32 -DUSE_XIOS kernel/algebra/sci_set_any_int_dof_kernel_mod.F90
[cpp] cpp -traditional-cpp -DLEGACY_MPI -DLEGACY_TIMER -DTIMING_ON -DRDEF_PRECISION=32 -DR_SOLVER_PRECISION=32 -DR_TRAN_PRECISION=32 -DR_BL_PRECISION=32 -DUSE_XIOS kernel/algebra/sci_set_reciprocal_mod.F90
[cpp] cpp -traditional-cpp -DLEGACY_MPI -DLEGACY_TIMER -DTIMING_ON -DRDEF_PRECISION=32 -DR_SOLVER_PRECISION=32 -DR_TRAN_PRECISION=32 -DR_BL_PRECISION=32 -DUSE_XIOS kernel/algebra/sci_set_w1h_dofs_kernel_mod.F90
[cpp] cpp -traditional-cpp -DLEGACY_MPI -DLEGACY_TIMER -DTIMING_ON -DRDEF_PRECISION=32 -DR_SOLVER_PRECISION=32 -DR_TRAN_PRECISION=32 -DR_BL_PRECISION=32 -DUSE_XIOS kernel/algebra/sci_sort_column_above_kernel_mod.F90
[cpp] cpp -traditional-cpp -DLEGACY_MPI -DLEGACY_TIMER -DTIMING_ON -DRDEF_PRECISION=32 -DR_SOLVER_PRECISION=32 -DR_TRAN_PRECISION=32 -DR_BL_PRECISION=32 -DUSE_XIOS kernel/algebra/sci_sort_ref_kernel_mod.F90
[cpp] cpp -traditional-cpp -DLEGACY_MPI -DLEGACY_TIMER -DTIMING_ON -DRDEF_PRECISION=32 -DR_SOLVER_PRECISION=32 -DR_TRAN_PRECISION=32 -DR_BL_PRECISION=32 -DUSE_XIOS kernel/algebra/sci_transpose_matrix_kernel_mod.F90
[cpp] cpp -traditional-cpp -DLEGACY_MPI -DLEGACY_TIMER -DTIMING_ON -DRDEF_PRECISION=32 -DR_SOLVER_PRECISION=32 -DR_TRAN_PRECISION=32 -DR_BL_PRECISION=32 -DUSE_XIOS kernel/algebra/sci_tri_matrix_vector_kernel_mod.F90
[cpp] cpp -traditional-cpp -DLEGACY_MPI -DLEGACY_TIMER -DTIMING_ON -DRDEF_PRECISION=32 -DR_SOLVER_PRECISION=32 -DR_TRAN_PRECISION=32 -DR_BL_PRECISION=32 -DUSE_XIOS kernel/algebra/transpose_matrix_vector_kernel_mod.F90
[cpp] cpp -traditional-cpp -DLEGACY_MPI -DLEGACY_TIMER -DTIMING_ON -DRDEF_PRECISION=32 -DR_SOLVER_PRECISION=32 -DR_TRAN_PRECISION=32 -DR_BL_PRECISION=32 -DUSE_XIOS kernel/columnwise_operators/sci_columnwise_op_app_kernel_mod.F90
[cpp] cpp -traditional-cpp -DLEGACY_MPI -DLEGACY_TIMER -DTIMING_ON -DRDEF_PRECISION=32 -DR_SOLVER_PRECISION=32 -DR_TRAN_PRECISION=32 -DR_BL_PRECISION=32 -DUSE_XIOS kernel/columnwise_operators/sci_columnwise_op_appinv_kernel_mod.F90
[cpp] cpp -traditional-cpp -DLEGACY_MPI -DLEGACY_TIMER -DTIMING_ON -DRDEF_PRECISION=32 -DR_SOLVER_PRECISION=32 -DR_TRAN_PRECISION=32 -DR_BL_PRECISION=32 -DUSE_XIOS kernel/columnwise_operators/sci_columnwise_op_asm_diag_hmht_kernel_mod.F90
[cpp] cpp -traditional-cpp -DLEGACY_MPI -DLEGACY_TIMER -DTIMING_ON -DRDEF_PRECISION=32 -DR_SOLVER_PRECISION=32 -DR_TRAN_PRECISION=32 -DR_BL_PRECISION=32 -DUSE_XIOS kernel/columnwise_operators/sci_columnwise_op_asm_kernel_mod.F90
[cpp] cpp -traditional-cpp -DLEGACY_MPI -DLEGACY_TIMER -DTIMING_ON -DRDEF_PRECISION=32 -DR_SOLVER_PRECISION=32 -DR_TRAN_PRECISION=32 -DR_BL_PRECISION=32 -DUSE_XIOS kernel/columnwise_operators/sci_columnwise_op_asm_m2v_lumped_inv_krnl_mod.F90
[cpp] cpp -traditional-cpp -DLEGACY_MPI -DLEGACY_TIMER -DTIMING_ON -DRDEF_PRECISION=32 -DR_SOLVER_PRECISION=32 -DR_TRAN_PRECISION=32 -DR_BL_PRECISION=32 -DUSE_XIOS kernel/columnwise_operators/sci_columnwise_op_mul_kernel_mod.F90
[cpp] cpp -traditional-cpp -DLEGACY_MPI -DLEGACY_TIMER -DTIMING_ON -DRDEF_PRECISION=32 -DR_SOLVER_PRECISION=32 -DR_TRAN_PRECISION=32 -DR_BL_PRECISION=32 -DUSE_XIOS kernel/columnwise_operators/sci_columnwise_op_scaledadd_kernel_mod.F90
[cpp] cpp -traditional-cpp -DLEGACY_MPI -DLEGACY_TIMER -DTIMING_ON -DRDEF_PRECISION=32 -DR_SOLVER_PRECISION=32 -DR_TRAN_PRECISION=32 -DR_BL_PRECISION=32 -DUSE_XIOS kernel/fem/sci_compute_broken_div_operator_kernel_mod.F90
[cpp] cpp -traditional-cpp -DLEGACY_MPI -DLEGACY_TIMER -DTIMING_ON -DRDEF_PRECISION=32 -DR_SOLVER_PRECISION=32 -DR_TRAN_PRECISION=32 -DR_BL_PRECISION=32 -DUSE_XIOS kernel/fem/sci_compute_curl_operator_kernel_mod.F90
[cpp] cpp -traditional-cpp -DLEGACY_MPI -DLEGACY_TIMER -DTIMING_ON -DRDEF_PRECISION=32 -DR_SOLVER_PRECISION=32 -DR_TRAN_PRECISION=32 -DR_BL_PRECISION=32 -DUSE_XIOS kernel/fem/sci_compute_derham_matrices_kernel_mod.F90
[cpp] cpp -traditional-cpp -DLEGACY_MPI -DLEGACY_TIMER -DTIMING_ON -DRDEF_PRECISION=32 -DR_SOLVER_PRECISION=32 -DR_TRAN_PRECISION=32 -DR_BL_PRECISION=32 -DUSE_XIOS kernel/fem/sci_compute_div_operator_kernel_mod.F90
[cpp] cpp -traditional-cpp -DLEGACY_MPI -DLEGACY_TIMER -DTIMING_ON -DRDEF_PRECISION=32 -DR_SOLVER_PRECISION=32 -DR_TRAN_PRECISION=32 -DR_BL_PRECISION=32 -DUSE_XIOS kernel/fem/sci_compute_grad_operator_kernel_mod.F90
[cpp] cpp -traditional-cpp -DLEGACY_MPI -DLEGACY_TIMER -DTIMING_ON -DRDEF_PRECISION=32 -DR_SOLVER_PRECISION=32 -DR_TRAN_PRECISION=32 -DR_BL_PRECISION=32 -DUSE_XIOS kernel/fem/sci_compute_mass_matrix_kernel_w1_mod.F90
[cpp] cpp -traditional-cpp -DLEGACY_MPI -DLEGACY_TIMER -DTIMING_ON -DRDEF_PRECISION=32 -DR_SOLVER_PRECISION=32 -DR_TRAN_PRECISION=32 -DR_BL_PRECISION=32 -DUSE_XIOS kernel/fem/sci_compute_mass_matrix_kernel_w2_mod.F90
[cpp] cpp -traditional-cpp -DLEGACY_MPI -DLEGACY_TIMER -DTIMING_ON -DRDEF_PRECISION=32 -DR_SOLVER_PRECISION=32 -DR_TRAN_PRECISION=32 -DR_BL_PRECISION=32 -DUSE_XIOS kernel/fem/sci_compute_mass_matrix_kernel_w3_mod.F90
[cpp] cpp -traditional-cpp -DLEGACY_MPI -DLEGACY_TIMER -DTIMING_ON -DRDEF_PRECISION=32 -DR_SOLVER_PRECISION=32 -DR_TRAN_PRECISION=32 -DR_BL_PRECISION=32 -DUSE_XIOS kernel/fem/sci_compute_mass_matrix_kernel_w_scalar_mod.F90
[cpp] cpp -traditional-cpp -DLEGACY_MPI -DLEGACY_TIMER -DTIMING_ON -DRDEF_PRECISION=32 -DR_SOLVER_PRECISION=32 -DR_TRAN_PRECISION=32 -DR_BL_PRECISION=32 -DUSE_XIOS kernel/fem/sci_compute_trace_operator_kernel_mod.F90
[cpp] cpp -traditional-cpp -DLEGACY_MPI -DLEGACY_TIMER -DTIMING_ON -DRDEF_PRECISION=32 -DR_SOLVER_PRECISION=32 -DR_TRAN_PRECISION=32 -DR_BL_PRECISION=32 -DUSE_XIOS kernel/fem/sci_edge_lump_w2_mass_matrix_kernel_mod.F90
[cpp] cpp -traditional-cpp -DLEGACY_MPI -DLEGACY_TIMER -DTIMING_ON -DRDEF_PRECISION=32 -DR_SOLVER_PRECISION=32 -DR_TRAN_PRECISION=32 -DR_BL_PRECISION=32 -DUSE_XIOS kernel/fem/sci_gp_rhs_kernel_mod.F90
[cpp] cpp -traditional-cpp -DLEGACY_MPI -DLEGACY_TIMER -DTIMING_ON -DRDEF_PRECISION=32 -DR_SOLVER_PRECISION=32 -DR_TRAN_PRECISION=32 -DR_BL_PRECISION=32 -DUSE_XIOS kernel/fem/sci_gp_vector_rhs_kernel_mod.F90
[cpp] cpp -traditional-cpp -DLEGACY_MPI -DLEGACY_TIMER -DTIMING_ON -DRDEF_PRECISION=32 -DR_SOLVER_PRECISION=32 -DR_TRAN_PRECISION=32 -DR_BL_PRECISION=32 -DUSE_XIOS kernel/fem/sci_mg_derham_mat_kernel_mod.F90
[cpp] cpp -traditional-cpp -DLEGACY_MPI -DLEGACY_TIMER -DTIMING_ON -DRDEF_PRECISION=32 -DR_SOLVER_PRECISION=32 -DR_TRAN_PRECISION=32 -DR_BL_PRECISION=32 -DUSE_XIOS kernel/fem/sci_multiplicity_kernel_mod.F90
[cpp] cpp -traditional-cpp -DLEGACY_MPI -DLEGACY_TIMER -DTIMING_ON -DRDEF_PRECISION=32 -DR_SOLVER_PRECISION=32 -DR_TRAN_PRECISION=32 -DR_BL_PRECISION=32 -DUSE_XIOS kernel/fem/strong_curl_kernel_mod.F90
[cpp] cpp -traditional-cpp -DLEGACY_MPI -DLEGACY_TIMER -DTIMING_ON -DRDEF_PRECISION=32 -DR_SOLVER_PRECISION=32 -DR_TRAN_PRECISION=32 -DR_BL_PRECISION=32 -DUSE_XIOS kernel/geometry/sci_calc_da_at_w2_kernel_mod.F90
[cpp] cpp -traditional-cpp -DLEGACY_MPI -DLEGACY_TIMER -DTIMING_ON -DRDEF_PRECISION=32 -DR_SOLVER_PRECISION=32 -DR_TRAN_PRECISION=32 -DR_BL_PRECISION=32 -DUSE_XIOS kernel/geometry/sci_calc_da_msl_proj_kernel_mod.F90
[cpp] cpp -traditional-cpp -DLEGACY_MPI -DLEGACY_TIMER -DTIMING_ON -DRDEF_PRECISION=32 -DR_SOLVER_PRECISION=32 -DR_TRAN_PRECISION=32 -DR_BL_PRECISION=32 -DUSE_XIOS kernel/geometry/sci_calc_delta_at_wtheta_kernel_mod.F90
[cpp] cpp -traditional-cpp -DLEGACY_MPI -DLEGACY_TIMER -DTIMING_ON -DRDEF_PRECISION=32 -DR_SOLVER_PRECISION=32 -DR_TRAN_PRECISION=32 -DR_BL_PRECISION=32 -DUSE_XIOS kernel/geometry/sci_calc_detj_at_w2_kernel_mod.F90
[cpp] cpp -traditional-cpp -DLEGACY_MPI -DLEGACY_TIMER -DTIMING_ON -DRDEF_PRECISION=32 -DR_SOLVER_PRECISION=32 -DR_TRAN_PRECISION=32 -DR_BL_PRECISION=32 -DUSE_XIOS kernel/geometry/sci_calc_detj_at_w3_kernel_mod.F90
[cpp] cpp -traditional-cpp -DLEGACY_MPI -DLEGACY_TIMER -DTIMING_ON -DRDEF_PRECISION=32 -DR_SOLVER_PRECISION=32 -DR_TRAN_PRECISION=32 -DR_BL_PRECISION=32 -DUSE_XIOS kernel/geometry/sci_calc_directional_detj_at_w2_kernel_mod.F90
[cpp] cpp -traditional-cpp -DLEGACY_MPI -DLEGACY_TIMER -DTIMING_ON -DRDEF_PRECISION=32 -DR_SOLVER_PRECISION=32 -DR_TRAN_PRECISION=32 -DR_BL_PRECISION=32 -DUSE_XIOS kernel/geometry/sci_calc_dz_centre_kernel_mod.F90
[cpp] cpp -traditional-cpp -DLEGACY_MPI -DLEGACY_TIMER -DTIMING_ON -DRDEF_PRECISION=32 -DR_SOLVER_PRECISION=32 -DR_TRAN_PRECISION=32 -DR_BL_PRECISION=32 -DUSE_XIOS kernel/geometry/sci_calc_dz_face_kernel_mod.F90
[cpp] cpp -traditional-cpp -DLEGACY_MPI -DLEGACY_TIMER -DTIMING_ON -DRDEF_PRECISION=32 -DR_SOLVER_PRECISION=32 -DR_TRAN_PRECISION=32 -DR_BL_PRECISION=32 -DUSE_XIOS kernel/geometry/sci_chi_transform_mod.F90
[cpp] cpp -traditional-cpp -DLEGACY_MPI -DLEGACY_TIMER -DTIMING_ON -DRDEF_PRECISION=32 -DR_SOLVER_PRECISION=32 -DR_TRAN_PRECISION=32 -DR_BL_PRECISION=32 -DUSE_XIOS kernel/geometry/sci_compute_latlon_kernel_mod.F90
[cpp] cpp -traditional-cpp -DLEGACY_MPI -DLEGACY_TIMER -DTIMING_ON -DRDEF_PRECISION=32 -DR_SOLVER_PRECISION=32 -DR_TRAN_PRECISION=32 -DR_BL_PRECISION=32 -DUSE_XIOS kernel/geometry/sci_coordinate_jacobian_mod.F90
[cpp] cpp -traditional-cpp -DLEGACY_MPI -DLEGACY_TIMER -DTIMING_ON -DRDEF_PRECISION=32 -DR_SOLVER_PRECISION=32 -DR_TRAN_PRECISION=32 -DR_BL_PRECISION=32 -DUSE_XIOS kernel/geometry/sci_extend_chi_field_kernel_mod.F90
[cpp] cpp -traditional-cpp -DLEGACY_MPI -DLEGACY_TIMER -DTIMING_ON -DRDEF_PRECISION=32 -DR_SOLVER_PRECISION=32 -DR_TRAN_PRECISION=32 -DR_BL_PRECISION=32 -DUSE_XIOS kernel/geometry/sci_get_dz_w3_kernel_mod.F90
[cpp] cpp -traditional-cpp -DLEGACY_MPI -DLEGACY_TIMER -DTIMING_ON -DRDEF_PRECISION=32 -DR_SOLVER_PRECISION=32 -DR_TRAN_PRECISION=32 -DR_BL_PRECISION=32 -DUSE_XIOS kernel/geometry/sci_get_height_kernel_mod.F90
[cpp] cpp -traditional-cpp -DLEGACY_MPI -DLEGACY_TIMER -DTIMING_ON -DRDEF_PRECISION=32 -DR_SOLVER_PRECISION=32 -DR_TRAN_PRECISION=32 -DR_BL_PRECISION=32 -DUSE_XIOS kernel/geometry/sci_native_jacobian_mod.F90
[cpp] cpp -traditional-cpp -DLEGACY_MPI -DLEGACY_TIMER -DTIMING_ON -DRDEF_PRECISION=32 -DR_SOLVER_PRECISION=32 -DR_TRAN_PRECISION=32 -DR_BL_PRECISION=32 -DUSE_XIOS kernel/geometry/sci_nodal_coordinates_kernel_mod.F90
[cpp] cpp -traditional-cpp -DLEGACY_MPI -DLEGACY_TIMER -DTIMING_ON -DRDEF_PRECISION=32 -DR_SOLVER_PRECISION=32 -DR_TRAN_PRECISION=32 -DR_BL_PRECISION=32 -DUSE_XIOS kernel/geometry/sci_nodal_xyz_coordinates_kernel_mod.F90
[cpp] cpp -traditional-cpp -DLEGACY_MPI -DLEGACY_TIMER -DTIMING_ON -DRDEF_PRECISION=32 -DR_SOLVER_PRECISION=32 -DR_TRAN_PRECISION=32 -DR_BL_PRECISION=32 -DUSE_XIOS kernel/geometry/sci_scale_by_detj_kernel_mod.F90
[cpp] cpp -traditional-cpp -DLEGACY_MPI -DLEGACY_TIMER -DTIMING_ON -DRDEF_PRECISION=32 -DR_SOLVER_PRECISION=32 -DR_TRAN_PRECISION=32 -DR_BL_PRECISION=32 -DUSE_XIOS kernel/inter_element_order/sci_map_scalar_fe_to_fv_kernel_mod.F90
[cpp] cpp -traditional-cpp -DLEGACY_MPI -DLEGACY_TIMER -DTIMING_ON -DRDEF_PRECISION=32 -DR_SOLVER_PRECISION=32 -DR_TRAN_PRECISION=32 -DR_BL_PRECISION=32 -DUSE_XIOS kernel/inter_element_order/sci_map_scalar_fv_to_fe_kernel_mod.F90
[cpp] cpp -traditional-cpp -DLEGACY_MPI -DLEGACY_TIMER -DTIMING_ON -DRDEF_PRECISION=32 -DR_SOLVER_PRECISION=32 -DR_TRAN_PRECISION=32 -DR_BL_PRECISION=32 -DUSE_XIOS kernel/inter_element_order/sci_map_w2_fe_to_fv_kernel_mod.F90
[cpp] cpp -traditional-cpp -DLEGACY_MPI -DLEGACY_TIMER -DTIMING_ON -DRDEF_PRECISION=32 -DR_SOLVER_PRECISION=32 -DR_TRAN_PRECISION=32 -DR_BL_PRECISION=32 -DUSE_XIOS kernel/inter_element_order/sci_map_w2_fv_to_fe_kernel_mod.F90
[cpp] cpp -traditional-cpp -DLEGACY_MPI -DLEGACY_TIMER -DTIMING_ON -DRDEF_PRECISION=32 -DR_SOLVER_PRECISION=32 -DR_TRAN_PRECISION=32 -DR_BL_PRECISION=32 -DUSE_XIOS kernel/inter_element_order/sci_weights_scalar_inter_element_order_kernel_mod.F90
[cpp] cpp -traditional-cpp -DLEGACY_MPI -DLEGACY_TIMER -DTIMING_ON -DRDEF_PRECISION=32 -DR_SOLVER_PRECISION=32 -DR_TRAN_PRECISION=32 -DR_BL_PRECISION=32 -DUSE_XIOS kernel/inter_element_order/sci_weights_w2_inter_element_order_kernel_mod.F90
[cpp] cpp -traditional-cpp -DLEGACY_MPI -DLEGACY_TIMER -DTIMING_ON -DRDEF_PRECISION=32 -DR_SOLVER_PRECISION=32 -DR_TRAN_PRECISION=32 -DR_BL_PRECISION=32 -DUSE_XIOS kernel/inter_function_space/combine_w2_field_kernel_mod.F90
[cpp] cpp -traditional-cpp -DLEGACY_MPI -DLEGACY_TIMER -DTIMING_ON -DRDEF_PRECISION=32 -DR_SOLVER_PRECISION=32 -DR_TRAN_PRECISION=32 -DR_BL_PRECISION=32 -DUSE_XIOS kernel/inter_function_space/sample_field_kernel_mod.F90
[cpp] cpp -traditional-cpp -DLEGACY_MPI -DLEGACY_TIMER -DTIMING_ON -DRDEF_PRECISION=32 -DR_SOLVER_PRECISION=32 -DR_TRAN_PRECISION=32 -DR_BL_PRECISION=32 -DUSE_XIOS kernel/inter_function_space/sample_flux_kernel_mod.F90
[cpp] cpp -traditional-cpp -DLEGACY_MPI -DLEGACY_TIMER -DTIMING_ON -DRDEF_PRECISION=32 -DR_SOLVER_PRECISION=32 -DR_TRAN_PRECISION=32 -DR_BL_PRECISION=32 -DUSE_XIOS kernel/inter_function_space/sci_average_w2_to_w2b_kernel_mod.F90
[cpp] cpp -traditional-cpp -DLEGACY_MPI -DLEGACY_TIMER -DTIMING_ON -DRDEF_PRECISION=32 -DR_SOLVER_PRECISION=32 -DR_TRAN_PRECISION=32 -DR_BL_PRECISION=32 -DUSE_XIOS kernel/inter_function_space/sci_average_w2b_to_w2_kernel_mod.F90
[cpp] cpp -traditional-cpp -DLEGACY_MPI -DLEGACY_TIMER -DTIMING_ON -DRDEF_PRECISION=32 -DR_SOLVER_PRECISION=32 -DR_TRAN_PRECISION=32 -DR_BL_PRECISION=32 -DUSE_XIOS kernel/inter_function_space/sci_average_w3_to_w0_kernel_mod.F90
[cpp] cpp -traditional-cpp -DLEGACY_MPI -DLEGACY_TIMER -DTIMING_ON -DRDEF_PRECISION=32 -DR_SOLVER_PRECISION=32 -DR_TRAN_PRECISION=32 -DR_BL_PRECISION=32 -DUSE_XIOS kernel/inter_function_space/sci_w3_to_w2_average_kernel_mod.F90
[cpp] cpp -traditional-cpp -DLEGACY_MPI -DLEGACY_TIMER -DTIMING_ON -DRDEF_PRECISION=32 -DR_SOLVER_PRECISION=32 -DR_TRAN_PRECISION=32 -DR_BL_PRECISION=32 -DUSE_XIOS kernel/inter_function_space/sci_combine_multidata_field_kernel_mod.F90
[cpp] cpp -traditional-cpp -DLEGACY_MPI -DLEGACY_TIMER -DTIMING_ON -DRDEF_PRECISION=32 -DR_SOLVER_PRECISION=32 -DR_TRAN_PRECISION=32 -DR_BL_PRECISION=32 -DUSE_XIOS kernel/inter_function_space/sci_w3_to_w2_correction_kernel_mod.F90
[cpp] cpp -traditional-cpp -DLEGACY_MPI -DLEGACY_TIMER -DTIMING_ON -DRDEF_PRECISION=32 -DR_SOLVER_PRECISION=32 -DR_TRAN_PRECISION=32 -DR_BL_PRECISION=32 -DUSE_XIOS kernel/inter_function_space/sci_compute_map_u_operators_kernel_mod.F90
[cpp] cpp -traditional-cpp -DLEGACY_MPI -DLEGACY_TIMER -DTIMING_ON -DRDEF_PRECISION=32 -DR_SOLVER_PRECISION=32 -DR_TRAN_PRECISION=32 -DR_BL_PRECISION=32 -DUSE_XIOS kernel/inter_function_space/sci_w3_to_w2_displacement_kernel_mod.F90
[cpp] cpp -traditional-cpp -DLEGACY_MPI -DLEGACY_TIMER -DTIMING_ON -DRDEF_PRECISION=32 -DR_SOLVER_PRECISION=32 -DR_TRAN_PRECISION=32 -DR_BL_PRECISION=32 -DUSE_XIOS kernel/inter_function_space/sci_compute_sample_u_ops_kernel_mod.F90
[cpp] cpp -traditional-cpp -DLEGACY_MPI -DLEGACY_TIMER -DTIMING_ON -DRDEF_PRECISION=32 -DR_SOLVER_PRECISION=32 -DR_TRAN_PRECISION=32 -DR_BL_PRECISION=32 -DUSE_XIOS kernel/inter_function_space/sci_weighted_ave_kernel_mod.F90
[cpp] cpp -traditional-cpp -DLEGACY_MPI -DLEGACY_TIMER -DTIMING_ON -DRDEF_PRECISION=32 -DR_SOLVER_PRECISION=32 -DR_TRAN_PRECISION=32 -DR_BL_PRECISION=32 -DUSE_XIOS kernel/inter_function_space/sci_convert_hcurl_field_kernel_mod.F90
[cpp] cpp -traditional-cpp -DLEGACY_MPI -DLEGACY_TIMER -DTIMING_ON -DRDEF_PRECISION=32 -DR_SOLVER_PRECISION=32 -DR_TRAN_PRECISION=32 -DR_BL_PRECISION=32 -DUSE_XIOS kernel/inter_function_space/sci_wth_to_w0_average_kernel_mod.F90
[cpp] cpp -traditional-cpp -DLEGACY_MPI -DLEGACY_TIMER -DTIMING_ON -DRDEF_PRECISION=32 -DR_SOLVER_PRECISION=32 -DR_TRAN_PRECISION=32 -DR_BL_PRECISION=32 -DUSE_XIOS kernel/inter_function_space/sci_convert_hdiv_field_kernel_mod.F90
[cpp] cpp -traditional-cpp -DLEGACY_MPI -DLEGACY_TIMER -DTIMING_ON -DRDEF_PRECISION=32 -DR_SOLVER_PRECISION=32 -DR_TRAN_PRECISION=32 -DR_BL_PRECISION=32 -DUSE_XIOS kernel/inter_function_space/split_w2_field_kernel_mod.F90
[cpp] cpp -traditional-cpp -DLEGACY_MPI -DLEGACY_TIMER -DTIMING_ON -DRDEF_PRECISION=32 -DR_SOLVER_PRECISION=32 -DR_TRAN_PRECISION=32 -DR_BL_PRECISION=32 -DUSE_XIOS kernel/inter_function_space/sci_convert_hdiv_native_kernel_mod.F90
[cpp] cpp -traditional-cpp -DLEGACY_MPI -DLEGACY_TIMER -DTIMING_ON -DRDEF_PRECISION=32 -DR_SOLVER_PRECISION=32 -DR_TRAN_PRECISION=32 -DR_BL_PRECISION=32 -DUSE_XIOS kernel/inter_function_space/sci_convert_phys_to_hdiv_kernel_mod.F90
[cpp] cpp -traditional-cpp -DLEGACY_MPI -DLEGACY_TIMER -DTIMING_ON -DRDEF_PRECISION=32 -DR_SOLVER_PRECISION=32 -DR_TRAN_PRECISION=32 -DR_BL_PRECISION=32 -DUSE_XIOS kernel/inter_function_space/sci_dg_convert_hdiv_field_kernel_mod.F90
[cpp] cpp -traditional-cpp -DLEGACY_MPI -DLEGACY_TIMER -DTIMING_ON -DRDEF_PRECISION=32 -DR_SOLVER_PRECISION=32 -DR_TRAN_PRECISION=32 -DR_BL_PRECISION=32 -DUSE_XIOS kernel/inter_function_space/sci_dg_convert_hdiv_native_kernel_mod.F90
[cpp] cpp -traditional-cpp -DLEGACY_MPI -DLEGACY_TIMER -DTIMING_ON -DRDEF_PRECISION=32 -DR_SOLVER_PRECISION=32 -DR_TRAN_PRECISION=32 -DR_BL_PRECISION=32 -DUSE_XIOS kernel/inter_function_space/sci_extract_uv_kernel_mod.F90
[cpp] cpp -traditional-cpp -DLEGACY_MPI -DLEGACY_TIMER -DTIMING_ON -DRDEF_PRECISION=32 -DR_SOLVER_PRECISION=32 -DR_TRAN_PRECISION=32 -DR_BL_PRECISION=32 -DUSE_XIOS kernel/inter_function_space/sci_extract_w_kernel_mod.F90
[cpp] cpp -traditional-cpp -DLEGACY_MPI -DLEGACY_TIMER -DTIMING_ON -DRDEF_PRECISION=32 -DR_SOLVER_PRECISION=32 -DR_TRAN_PRECISION=32 -DR_BL_PRECISION=32 -DUSE_XIOS kernel/inter_function_space/sci_int_multi_insert_kernel_mod.F90
[cpp] cpp -traditional-cpp -DLEGACY_MPI -DLEGACY_TIMER -DTIMING_ON -DRDEF_PRECISION=32 -DR_SOLVER_PRECISION=32 -DR_TRAN_PRECISION=32 -DR_BL_PRECISION=32 -DUSE_XIOS kernel/inter_function_space/sci_level_extract_kernel_mod.F90
[cpp] cpp -traditional-cpp -DLEGACY_MPI -DLEGACY_TIMER -DTIMING_ON -DRDEF_PRECISION=32 -DR_SOLVER_PRECISION=32 -DR_TRAN_PRECISION=32 -DR_BL_PRECISION=32 -DUSE_XIOS kernel/inter_function_space/sci_level_insert_kernel_mod.F90
[cpp] cpp -traditional-cpp -DLEGACY_MPI -DLEGACY_TIMER -DTIMING_ON -DRDEF_PRECISION=32 -DR_SOLVER_PRECISION=32 -DR_TRAN_PRECISION=32 -DR_BL_PRECISION=32 -DUSE_XIOS kernel/inter_function_space/sci_masked_multi_insert_kernel_mod.F90
[cpp] cpp -traditional-cpp -DLEGACY_MPI -DLEGACY_TIMER -DTIMING_ON -DRDEF_PRECISION=32 -DR_SOLVER_PRECISION=32 -DR_TRAN_PRECISION=32 -DR_BL_PRECISION=32 -DUSE_XIOS kernel/inter_function_space/sci_multi_extract_kernel_mod.F90
[cpp] cpp -traditional-cpp -DLEGACY_MPI -DLEGACY_TIMER -DTIMING_ON -DRDEF_PRECISION=32 -DR_SOLVER_PRECISION=32 -DR_TRAN_PRECISION=32 -DR_BL_PRECISION=32 -DUSE_XIOS kernel/inter_function_space/sci_multi_insert_kernel_mod.F90
[cpp] cpp -traditional-cpp -DLEGACY_MPI -DLEGACY_TIMER -DTIMING_ON -DRDEF_PRECISION=32 -DR_SOLVER_PRECISION=32 -DR_TRAN_PRECISION=32 -DR_BL_PRECISION=32 -DUSE_XIOS kernel/inter_function_space/sci_project_w3_to_w2b_operator_kernel_mod.F90
[cpp] cpp -traditional-cpp -DLEGACY_MPI -DLEGACY_TIMER -DTIMING_ON -DRDEF_PRECISION=32 -DR_SOLVER_PRECISION=32 -DR_TRAN_PRECISION=32 -DR_BL_PRECISION=32 -DUSE_XIOS kernel/inter_function_space/sci_project_ws_to_w1_operator_kernel_mod.F90
[cpp] cpp -traditional-cpp -DLEGACY_MPI -DLEGACY_TIMER -DTIMING_ON -DRDEF_PRECISION=32 -DR_SOLVER_PRECISION=32 -DR_TRAN_PRECISION=32 -DR_BL_PRECISION=32 -DUSE_XIOS kernel/inter_function_space/sci_project_ws_to_w2_operator_kernel_mod.F90
[cpp] cpp -traditional-cpp -DLEGACY_MPI -DLEGACY_TIMER -DTIMING_ON -DRDEF_PRECISION=32 -DR_SOLVER_PRECISION=32 -DR_TRAN_PRECISION=32 -DR_BL_PRECISION=32 -DUSE_XIOS kernel/inter_function_space/sci_sample_w3_to_wtheta_kernel_mod.F90
[cpp] cpp -traditional-cpp -DLEGACY_MPI -DLEGACY_TIMER -DTIMING_ON -DRDEF_PRECISION=32 -DR_SOLVER_PRECISION=32 -DR_TRAN_PRECISION=32 -DR_BL_PRECISION=32 -DUSE_XIOS kernel/inter_function_space/sci_sample_wtheta_to_w3_kernel_mod.F90
[cpp] cpp -traditional-cpp -DLEGACY_MPI -DLEGACY_TIMER -DTIMING_ON -DRDEF_PRECISION=32 -DR_SOLVER_PRECISION=32 -DR_TRAN_PRECISION=32 -DR_BL_PRECISION=32 -DUSE_XIOS kernel/inter_function_space/sci_smooth_orog_kernel_mod.F90
[cpp] cpp -traditional-cpp -DLEGACY_MPI -DLEGACY_TIMER -DTIMING_ON -DRDEF_PRECISION=32 -DR_SOLVER_PRECISION=32 -DR_TRAN_PRECISION=32 -DR_BL_PRECISION=32 -DUSE_XIOS kernel/inter_function_space/sci_split_vector_field_kernel_mod.F90
[cpp] cpp -traditional-cpp -DLEGACY_MPI -DLEGACY_TIMER -DTIMING_ON -DRDEF_PRECISION=32 -DR_SOLVER_PRECISION=32 -DR_TRAN_PRECISION=32 -DR_BL_PRECISION=32 -DUSE_XIOS kernel/inter_function_space/sci_w0_to_wth_average_kernel_mod.F90
[cpp] cpp -traditional-cpp -DLEGACY_MPI -DLEGACY_TIMER -DTIMING_ON -DRDEF_PRECISION=32 -DR_SOLVER_PRECISION=32 -DR_TRAN_PRECISION=32 -DR_BL_PRECISION=32 -DUSE_XIOS kernel/inter_function_space/sci_w1_to_w3_average_kernel_mod.F90
[cpp] cpp -traditional-cpp -DLEGACY_MPI -DLEGACY_TIMER -DTIMING_ON -DRDEF_PRECISION=32 -DR_SOLVER_PRECISION=32 -DR_TRAN_PRECISION=32 -DR_BL_PRECISION=32 -DUSE_XIOS kernel/inter_function_space/sci_w3_to_w1_average_kernel_mod.F90
[cpp] cpp -traditional-cpp -DLEGACY_MPI -DLEGACY_TIMER -DTIMING_ON -DRDEF_PRECISION=32 -DR_SOLVER_PRECISION=32 -DR_TRAN_PRECISION=32 -DR_BL_PRECISION=32 -DUSE_XIOS kernel/inter_function_space/w2_to_w1_projection_kernel_mod.F90
[cpp] cpp -traditional-cpp -DLEGACY_MPI -DLEGACY_TIMER -DTIMING_ON -DRDEF_PRECISION=32 -DR_SOLVER_PRECISION=32 -DR_TRAN_PRECISION=32 -DR_BL_PRECISION=32 -DUSE_XIOS kernel/inter_mesh/sci_adjust_lambda_kernel_mod.F90
[cpp] cpp -traditional-cpp -DLEGACY_MPI -DLEGACY_TIMER -DTIMING_ON -DRDEF_PRECISION=32 -DR_SOLVER_PRECISION=32 -DR_TRAN_PRECISION=32 -DR_BL_PRECISION=32 -DUSE_XIOS kernel/inter_mesh/sci_apply_lambda_kernel_mod.F90
[cpp] cpp -traditional-cpp -DLEGACY_MPI -DLEGACY_TIMER -DTIMING_ON -DRDEF_PRECISION=32 -DR_SOLVER_PRECISION=32 -DR_TRAN_PRECISION=32 -DR_BL_PRECISION=32 -DUSE_XIOS kernel/inter_mesh/sci_apply_w3_to_sh_w3_kernel_mod.F90
[cpp] cpp -traditional-cpp -DLEGACY_MPI -DLEGACY_TIMER -DTIMING_ON -DRDEF_PRECISION=32 -DR_SOLVER_PRECISION=32 -DR_TRAN_PRECISION=32 -DR_BL_PRECISION=32 -DUSE_XIOS kernel/inter_mesh/sci_weights_intermesh_w3_kernel_mod.F90
[cpp] cpp -traditional-cpp -DLEGACY_MPI -DLEGACY_TIMER -DTIMING_ON -DRDEF_PRECISION=32 -DR_SOLVER_PRECISION=32 -DR_TRAN_PRECISION=32 -DR_BL_PRECISION=32 -DUSE_XIOS kernel/inter_mesh/sci_consist_w2_to_sh_w2_kernel_mod.F90
[cpp] cpp -traditional-cpp -DLEGACY_MPI -DLEGACY_TIMER -DTIMING_ON -DRDEF_PRECISION=32 -DR_SOLVER_PRECISION=32 -DR_TRAN_PRECISION=32 -DR_BL_PRECISION=32 -DUSE_XIOS kernel/inter_mesh/sci_weights_prolong_w2_kernel_mod.F90
[cpp] cpp -traditional-cpp -DLEGACY_MPI -DLEGACY_TIMER -DTIMING_ON -DRDEF_PRECISION=32 -DR_SOLVER_PRECISION=32 -DR_TRAN_PRECISION=32 -DR_BL_PRECISION=32 -DUSE_XIOS kernel/inter_mesh/sci_consist_w2h_to_sh_w2h_kernel_mod.F90
[cpp] cpp -traditional-cpp -DLEGACY_MPI -DLEGACY_TIMER -DTIMING_ON -DRDEF_PRECISION=32 -DR_SOLVER_PRECISION=32 -DR_TRAN_PRECISION=32 -DR_BL_PRECISION=32 -DUSE_XIOS kernel/inter_mesh/sci_consist_w2v_to_sh_w2v_kernel_mod.F90
[cpp] cpp -traditional-cpp -DLEGACY_MPI -DLEGACY_TIMER -DTIMING_ON -DRDEF_PRECISION=32 -DR_SOLVER_PRECISION=32 -DR_TRAN_PRECISION=32 -DR_BL_PRECISION=32 -DUSE_XIOS kernel/inter_mesh/sci_consist_w3_to_sh_w3_op_kernel_mod.F90
[cpp] cpp -traditional-cpp -DLEGACY_MPI -DLEGACY_TIMER -DTIMING_ON -DRDEF_PRECISION=32 -DR_SOLVER_PRECISION=32 -DR_TRAN_PRECISION=32 -DR_BL_PRECISION=32 -DUSE_XIOS kernel/inter_mesh/sci_inject_sh_w3_to_wt_kernel_mod.F90
[cpp] cpp -traditional-cpp -DLEGACY_MPI -DLEGACY_TIMER -DTIMING_ON -DRDEF_PRECISION=32 -DR_SOLVER_PRECISION=32 -DR_TRAN_PRECISION=32 -DR_BL_PRECISION=32 -DUSE_XIOS kernel/inter_mesh/sci_inject_wt_to_sh_w3_kernel_mod.F90
[cpp] cpp -traditional-cpp -DLEGACY_MPI -DLEGACY_TIMER -DTIMING_ON -DRDEF_PRECISION=32 -DR_SOLVER_PRECISION=32 -DR_TRAN_PRECISION=32 -DR_BL_PRECISION=32 -DUSE_XIOS kernel/inter_mesh/sci_matrix_vector_shifted_kernel_mod.F90
[cpp] cpp -traditional-cpp -DLEGACY_MPI -DLEGACY_TIMER -DTIMING_ON -DRDEF_PRECISION=32 -DR_SOLVER_PRECISION=32 -DR_TRAN_PRECISION=32 -DR_BL_PRECISION=32 -DUSE_XIOS kernel/inter_mesh/sci_proj_mr_to_sh_rho_rhs_op_kernel_mod.F90
[cpp] cpp -traditional-cpp -DLEGACY_MPI -DLEGACY_TIMER -DTIMING_ON -DRDEF_PRECISION=32 -DR_SOLVER_PRECISION=32 -DR_TRAN_PRECISION=32 -DR_BL_PRECISION=32 -DUSE_XIOS kernel/inter_mesh/sci_shift_mass_w3_kernel_mod.F90
[cpp] cpp -traditional-cpp -DLEGACY_MPI -DLEGACY_TIMER -DTIMING_ON -DRDEF_PRECISION=32 -DR_SOLVER_PRECISION=32 -DR_TRAN_PRECISION=32 -DR_BL_PRECISION=32 -DUSE_XIOS kernel/inter_mesh/sci_proj_mr_to_sh_rho_rhs_update_kernel_mod.F90
[cpp] cpp -traditional-cpp -DLEGACY_MPI -DLEGACY_TIMER -DTIMING_ON -DRDEF_PRECISION=32 -DR_SOLVER_PRECISION=32 -DR_TRAN_PRECISION=32 -DR_BL_PRECISION=32 -DUSE_XIOS kernel/inter_mesh/sci_prolong_multidata_linear_kernel_mod.F90
[cpp] cpp -traditional-cpp -DLEGACY_MPI -DLEGACY_TIMER -DTIMING_ON -DRDEF_PRECISION=32 -DR_SOLVER_PRECISION=32 -DR_TRAN_PRECISION=32 -DR_BL_PRECISION=32 -DUSE_XIOS kernel/inter_mesh/sci_prolong_multidata_scalar_kernel_mod.F90
[cpp] cpp -traditional-cpp -DLEGACY_MPI -DLEGACY_TIMER -DTIMING_ON -DRDEF_PRECISION=32 -DR_SOLVER_PRECISION=32 -DR_TRAN_PRECISION=32 -DR_BL_PRECISION=32 -DUSE_XIOS kernel/inter_mesh/sci_prolong_scalar_linear_kernel_mod.F90
[cpp] cpp -traditional-cpp -DLEGACY_MPI -DLEGACY_TIMER -DTIMING_ON -DRDEF_PRECISION=32 -DR_SOLVER_PRECISION=32 -DR_TRAN_PRECISION=32 -DR_BL_PRECISION=32 -DUSE_XIOS kernel/inter_mesh/sci_prolong_scalar_masked_kernel_mod.F90
[cpp] cpp -traditional-cpp -DLEGACY_MPI -DLEGACY_TIMER -DTIMING_ON -DRDEF_PRECISION=32 -DR_SOLVER_PRECISION=32 -DR_TRAN_PRECISION=32 -DR_BL_PRECISION=32 -DUSE_XIOS kernel/inter_mesh/sci_prolong_scalar_unweighted_kernel_mod.F90
[cpp] cpp -traditional-cpp -DLEGACY_MPI -DLEGACY_TIMER -DTIMING_ON -DRDEF_PRECISION=32 -DR_SOLVER_PRECISION=32 -DR_TRAN_PRECISION=32 -DR_BL_PRECISION=32 -DUSE_XIOS kernel/inter_mesh/sci_prolong_scalar_weighted_kernel_mod.F90
[cpp] cpp -traditional-cpp -DLEGACY_MPI -DLEGACY_TIMER -DTIMING_ON -DRDEF_PRECISION=32 -DR_SOLVER_PRECISION=32 -DR_TRAN_PRECISION=32 -DR_BL_PRECISION=32 -DUSE_XIOS kernel/inter_mesh/sci_prolong_w0_kernel_mod.F90
[cpp] cpp -traditional-cpp -DLEGACY_MPI -DLEGACY_TIMER -DTIMING_ON -DRDEF_PRECISION=32 -DR_SOLVER_PRECISION=32 -DR_TRAN_PRECISION=32 -DR_BL_PRECISION=32 -DUSE_XIOS kernel/inter_mesh/sci_prolong_w2_kernel_mod.F90
[cpp] cpp -traditional-cpp -DLEGACY_MPI -DLEGACY_TIMER -DTIMING_ON -DRDEF_PRECISION=32 -DR_SOLVER_PRECISION=32 -DR_TRAN_PRECISION=32 -DR_BL_PRECISION=32 -DUSE_XIOS kernel/inter_mesh/sci_restrict_masked_w2_kernel_mod.F90
[cpp] cpp -traditional-cpp -DLEGACY_MPI -DLEGACY_TIMER -DTIMING_ON -DRDEF_PRECISION=32 -DR_SOLVER_PRECISION=32 -DR_TRAN_PRECISION=32 -DR_BL_PRECISION=32 -DUSE_XIOS kernel/inter_mesh/sci_restrict_mass_w3_kernel_mod.F90
[cpp] cpp -traditional-cpp -DLEGACY_MPI -DLEGACY_TIMER -DTIMING_ON -DRDEF_PRECISION=32 -DR_SOLVER_PRECISION=32 -DR_TRAN_PRECISION=32 -DR_BL_PRECISION=32 -DUSE_XIOS kernel/inter_mesh/sci_restrict_multidata_scalar_kernel_mod.F90
[cpp] cpp -traditional-cpp -DLEGACY_MPI -DLEGACY_TIMER -DTIMING_ON -DRDEF_PRECISION=32 -DR_SOLVER_PRECISION=32 -DR_TRAN_PRECISION=32 -DR_BL_PRECISION=32 -DUSE_XIOS kernel/inter_mesh/sci_restrict_scalar_masked_kernel_mod.F90
[cpp] cpp -traditional-cpp -DLEGACY_MPI -DLEGACY_TIMER -DTIMING_ON -DRDEF_PRECISION=32 -DR_SOLVER_PRECISION=32 -DR_TRAN_PRECISION=32 -DR_BL_PRECISION=32 -DUSE_XIOS kernel/inter_mesh/sci_tri_solve_sh_rho_to_mr_kernel_mod.F90
[cpp] cpp -traditional-cpp -DLEGACY_MPI -DLEGACY_TIMER -DTIMING_ON -DRDEF_PRECISION=32 -DR_SOLVER_PRECISION=32 -DR_TRAN_PRECISION=32 -DR_BL_PRECISION=32 -DUSE_XIOS kernel/inter_mesh/sci_restrict_scalar_unweighted_kernel_mod.F90
[cpp] cpp -traditional-cpp -DLEGACY_MPI -DLEGACY_TIMER -DTIMING_ON -DRDEF_PRECISION=32 -DR_SOLVER_PRECISION=32 -DR_TRAN_PRECISION=32 -DR_BL_PRECISION=32 -DUSE_XIOS kernel/inter_mesh/sci_restrict_scalar_weighted_kernel_mod.F90
[cpp] cpp -traditional-cpp -DLEGACY_MPI -DLEGACY_TIMER -DTIMING_ON -DRDEF_PRECISION=32 -DR_SOLVER_PRECISION=32 -DR_TRAN_PRECISION=32 -DR_BL_PRECISION=32 -DUSE_XIOS kernel/inter_mesh/sci_restrict_w0_kernel_mod.F90
[cpp] cpp -traditional-cpp -DLEGACY_MPI -DLEGACY_TIMER -DTIMING_ON -DRDEF_PRECISION=32 -DR_SOLVER_PRECISION=32 -DR_TRAN_PRECISION=32 -DR_BL_PRECISION=32 -DUSE_XIOS kernel/inter_mesh/sci_restrict_w2_kernel_mod.F90
[cpp] cpp -traditional-cpp -DLEGACY_MPI -DLEGACY_TIMER -DTIMING_ON -DRDEF_PRECISION=32 -DR_SOLVER_PRECISION=32 -DR_TRAN_PRECISION=32 -DR_BL_PRECISION=32 -DUSE_XIOS kernel/inter_mesh/sci_restrict_w2h_kernel_mod.F90
[cpp] cpp -traditional-cpp -DLEGACY_MPI -DLEGACY_TIMER -DTIMING_ON -DRDEF_PRECISION=32 -DR_SOLVER_PRECISION=32 -DR_TRAN_PRECISION=32 -DR_BL_PRECISION=32 -DUSE_XIOS kernel/inter_mesh/sci_restrict_w2v_kernel_mod.F90
[cpp] cpp -traditional-cpp -DLEGACY_MPI -DLEGACY_TIMER -DTIMING_ON -DRDEF_PRECISION=32 -DR_SOLVER_PRECISION=32 -DR_TRAN_PRECISION=32 -DR_BL_PRECISION=32 -DUSE_XIOS kernel/inter_mesh/sci_sample_w2_to_sh_w2_kernel_mod.F90
[cpp] cpp -traditional-cpp -DLEGACY_MPI -DLEGACY_TIMER -DTIMING_ON -DRDEF_PRECISION=32 -DR_SOLVER_PRECISION=32 -DR_TRAN_PRECISION=32 -DR_BL_PRECISION=32 -DUSE_XIOS kernel/solver/apply_elim_mixed_lp_operator_kernel_mod.F90
[cpp] cpp -traditional-cpp -DLEGACY_MPI -DLEGACY_TIMER -DTIMING_ON -DRDEF_PRECISION=32 -DR_SOLVER_PRECISION=32 -DR_TRAN_PRECISION=32 -DR_BL_PRECISION=32 -DUSE_XIOS kernel/solver/apply_helmholtz_operator_kernel_mod.F90
[cpp] cpp -traditional-cpp -DLEGACY_MPI -DLEGACY_TIMER -DTIMING_ON -DRDEF_PRECISION=32 -DR_SOLVER_PRECISION=32 -DR_TRAN_PRECISION=32 -DR_BL_PRECISION=32 -DUSE_XIOS kernel/solver/apply_mixed_lp_operator_kernel_mod.F90
[cpp] cpp -traditional-cpp -DLEGACY_MPI -DLEGACY_TIMER -DTIMING_ON -DRDEF_PRECISION=32 -DR_SOLVER_PRECISION=32 -DR_TRAN_PRECISION=32 -DR_BL_PRECISION=32 -DUSE_XIOS kernel/solver/apply_mixed_lu_operator_kernel_mod.F90
[cpp] cpp -traditional-cpp -DLEGACY_MPI -DLEGACY_TIMER -DTIMING_ON -DRDEF_PRECISION=32 -DR_SOLVER_PRECISION=32 -DR_TRAN_PRECISION=32 -DR_BL_PRECISION=32 -DUSE_XIOS kernel/solver/apply_mixed_operator_kernel_mod.F90
[cpp] cpp -traditional-cpp -DLEGACY_MPI -DLEGACY_TIMER -DTIMING_ON -DRDEF_PRECISION=32 -DR_SOLVER_PRECISION=32 -DR_TRAN_PRECISION=32 -DR_BL_PRECISION=32 -DUSE_XIOS kernel/solver/apply_mixed_u_operator_kernel_mod.F90
[cpp] cpp -traditional-cpp -DLEGACY_MPI -DLEGACY_TIMER -DTIMING_ON -DRDEF_PRECISION=32 -DR_SOLVER_PRECISION=32 -DR_TRAN_PRECISION=32 -DR_BL_PRECISION=32 -DUSE_XIOS kernel/solver/apply_mixed_wp_operator_kernel_mod.F90
[cpp] cpp -traditional-cpp -DLEGACY_MPI -DLEGACY_TIMER -DTIMING_ON -DRDEF_PRECISION=32 -DR_SOLVER_PRECISION=32 -DR_TRAN_PRECISION=32 -DR_BL_PRECISION=32 -DUSE_XIOS kernel/solver/apply_variable_hx_kernel_mod.F90
[cpp] cpp -traditional-cpp -DLEGACY_MPI -DLEGACY_TIMER -DTIMING_ON -DRDEF_PRECISION=32 -DR_SOLVER_PRECISION=32 -DR_TRAN_PRECISION=32 -DR_BL_PRECISION=32 -DUSE_XIOS kernel/solver/elim_helmholtz_operator_kernel_mod.F90
[cpp] cpp -traditional-cpp -DLEGACY_MPI -DLEGACY_TIMER -DTIMING_ON -DRDEF_PRECISION=32 -DR_SOLVER_PRECISION=32 -DR_TRAN_PRECISION=32 -DR_BL_PRECISION=32 -DUSE_XIOS kernel/solver/eliminated_theta_q22_kernel_mod.F90
[cpp] cpp -traditional-cpp -DLEGACY_MPI -DLEGACY_TIMER -DTIMING_ON -DRDEF_PRECISION=32 -DR_SOLVER_PRECISION=32 -DR_TRAN_PRECISION=32 -DR_BL_PRECISION=32 -DUSE_XIOS kernel/solver/eliminated_theta_q2t_kernel_mod.F90
[cpp] cpp -traditional-cpp -DLEGACY_MPI -DLEGACY_TIMER -DTIMING_ON -DRDEF_PRECISION=32 -DR_SOLVER_PRECISION=32 -DR_TRAN_PRECISION=32 -DR_BL_PRECISION=32 -DUSE_XIOS kernel/solver/helmholtz_operator_kernel_mod.F90
[cpp] cpp -traditional-cpp -DLEGACY_MPI -DLEGACY_TIMER -DTIMING_ON -DRDEF_PRECISION=32 -DR_SOLVER_PRECISION=32 -DR_TRAN_PRECISION=32 -DR_BL_PRECISION=32 -DUSE_XIOS kernel/solver/mg_flux_kernel_mod.F90
[cpp] cpp -traditional-cpp -DLEGACY_MPI -DLEGACY_TIMER -DTIMING_ON -DRDEF_PRECISION=32 -DR_SOLVER_PRECISION=32 -DR_TRAN_PRECISION=32 -DR_BL_PRECISION=32 -DUSE_XIOS kernel/solver/opt_apply_variable_hx_kernel_mod.F90
[cpp] cpp -traditional-cpp -DLEGACY_MPI -DLEGACY_TIMER -DTIMING_ON -DRDEF_PRECISION=32 -DR_SOLVER_PRECISION=32 -DR_TRAN_PRECISION=32 -DR_BL_PRECISION=32 -DUSE_XIOS kernel/solver/project_eliminated_theta_q32_kernel_mod.F90
[cpp] cpp -traditional-cpp -DLEGACY_MPI -DLEGACY_TIMER -DTIMING_ON -DRDEF_PRECISION=32 -DR_SOLVER_PRECISION=32 -DR_TRAN_PRECISION=32 -DR_BL_PRECISION=32 -DUSE_XIOS kernel/solver/project_eos_operators_kernel_mod.F90
[cpp] cpp -traditional-cpp -DLEGACY_MPI -DLEGACY_TIMER -DTIMING_ON -DRDEF_PRECISION=32 -DR_SOLVER_PRECISION=32 -DR_TRAN_PRECISION=32 -DR_BL_PRECISION=32 -DUSE_XIOS kernel/solver/sample_eliminated_theta_q32_kernel_mod.F90
[cpp] cpp -traditional-cpp -DLEGACY_MPI -DLEGACY_TIMER -DTIMING_ON -DRDEF_PRECISION=32 -DR_SOLVER_PRECISION=32 -DR_TRAN_PRECISION=32 -DR_BL_PRECISION=32 -DUSE_XIOS kernel/solver/sample_eos_operators_kernel_mod.F90
[cpp] cpp -traditional-cpp -DLEGACY_MPI -DLEGACY_TIMER -DTIMING_ON -DRDEF_PRECISION=32 -DR_SOLVER_PRECISION=32 -DR_TRAN_PRECISION=32 -DR_BL_PRECISION=32 -DUSE_XIOS kernel/solver/scaled_matrix_vector_kernel_mod.F90
[cpp] cpp -traditional-cpp -DLEGACY_MPI -DLEGACY_TIMER -DTIMING_ON -DRDEF_PRECISION=32 -DR_SOLVER_PRECISION=32 -DR_TRAN_PRECISION=32 -DR_BL_PRECISION=32 -DUSE_XIOS kernel/solver/schur_backsub_kernel_mod.F90
[cpp] cpp -traditional-cpp -DLEGACY_MPI -DLEGACY_TIMER -DTIMING_ON -DRDEF_PRECISION=32 -DR_SOLVER_PRECISION=32 -DR_TRAN_PRECISION=32 -DR_BL_PRECISION=32 -DUSE_XIOS kernel/solver/w2_normalisation_kernel_mod.F90
[cpp] cpp -traditional-cpp -DLEGACY_MPI -DLEGACY_TIMER -DTIMING_ON -DRDEF_PRECISION=32 -DR_SOLVER_PRECISION=32 -DR_TRAN_PRECISION=32 -DR_BL_PRECISION=32 -DUSE_XIOS kernel/solver/weighted_div_bd_kernel_mod.F90
[cpp] cpp -traditional-cpp -DLEGACY_MPI -DLEGACY_TIMER -DTIMING_ON -DRDEF_PRECISION=32 -DR_SOLVER_PRECISION=32 -DR_TRAN_PRECISION=32 -DR_BL_PRECISION=32 -DUSE_XIOS kernel/solver/weighted_div_kernel_mod.F90
[cpp] cpp -traditional-cpp -DLEGACY_MPI -DLEGACY_TIMER -DTIMING_ON -DRDEF_PRECISION=32 -DR_SOLVER_PRECISION=32 -DR_TRAN_PRECISION=32 -DR_BL_PRECISION=32 -DUSE_XIOS kernel/solver/weighted_m3_kernel_mod.F90
[cpp] cpp -traditional-cpp -DLEGACY_MPI -DLEGACY_TIMER -DTIMING_ON -DRDEF_PRECISION=32 -DR_SOLVER_PRECISION=32 -DR_TRAN_PRECISION=32 -DR_BL_PRECISION=32 -DUSE_XIOS kernel/solver/weighted_proj_2theta_bd_kernel_mod.F90
[cpp] cpp -traditional-cpp -DLEGACY_MPI -DLEGACY_TIMER -DTIMING_ON -DRDEF_PRECISION=32 -DR_SOLVER_PRECISION=32 -DR_TRAN_PRECISION=32 -DR_BL_PRECISION=32 -DUSE_XIOS kernel/solver/weighted_proj_2theta_kernel_mod.F90
[cpp] cpp -traditional-cpp -DLEGACY_MPI -DLEGACY_TIMER -DTIMING_ON -DRDEF_PRECISION=32 -DR_SOLVER_PRECISION=32 -DR_TRAN_PRECISION=32 -DR_BL_PRECISION=32 -DUSE_XIOS kernel/solver/weighted_proj_2thetav_kernel_mod.F90
[cpp] cpp -traditional-cpp -DLEGACY_MPI -DLEGACY_TIMER -DTIMING_ON -DRDEF_PRECISION=32 -DR_SOLVER_PRECISION=32 -DR_TRAN_PRECISION=32 -DR_BL_PRECISION=32 -DUSE_XIOS kernel/solver/weighted_proj_theta2_bd_kernel_mod.F90
[cpp] cpp -traditional-cpp -DLEGACY_MPI -DLEGACY_TIMER -DTIMING_ON -DRDEF_PRECISION=32 -DR_SOLVER_PRECISION=32 -DR_TRAN_PRECISION=32 -DR_BL_PRECISION=32 -DUSE_XIOS kernel/solver/weighted_proj_theta2_kernel_mod.F90
[cpp] cpp -traditional-cpp -DLEGACY_MPI -DLEGACY_TIMER -DTIMING_ON -DRDEF_PRECISION=32 -DR_SOLVER_PRECISION=32 -DR_TRAN_PRECISION=32 -DR_BL_PRECISION=32 -DUSE_XIOS kernel/solver/weighted_proj_theta2_vert_kernel_mod.F90
[cpp] cpp -traditional-cpp -DLEGACY_MPI -DLEGACY_TIMER -DTIMING_ON -DRDEF_PRECISION=32 -DR_SOLVER_PRECISION=32 -DR_TRAN_PRECISION=32 -DR_BL_PRECISION=32 -DUSE_XIOS kernel/solver/weighted_proj_theta2v_kernel_mod.F90
[cpp] cpp -traditional-cpp -DLEGACY_MPI -DLEGACY_TIMER -DTIMING_ON -DRDEF_PRECISION=32 -DR_SOLVER_PRECISION=32 -DR_TRAN_PRECISION=32 -DR_BL_PRECISION=32 -DUSE_XIOS kernel/core_dynamics/assemble_w2h_from_w2hb_kernel_mod.F90
[cpp] cpp -traditional-cpp -DLEGACY_MPI -DLEGACY_TIMER -DTIMING_ON -DRDEF_PRECISION=32 -DR_SOLVER_PRECISION=32 -DR_TRAN_PRECISION=32 -DR_BL_PRECISION=32 -DUSE_XIOS kernel/core_dynamics/calc_exner_pointwise_mod.F90
[cpp] cpp -traditional-cpp -DLEGACY_MPI -DLEGACY_TIMER -DTIMING_ON -DRDEF_PRECISION=32 -DR_SOLVER_PRECISION=32 -DR_TRAN_PRECISION=32 -DR_BL_PRECISION=32 -DUSE_XIOS kernel/core_dynamics/compute_coriolis_matrix_kernel_mod.F90
[cpp] cpp -traditional-cpp -DLEGACY_MPI -DLEGACY_TIMER -DTIMING_ON -DRDEF_PRECISION=32 -DR_SOLVER_PRECISION=32 -DR_TRAN_PRECISION=32 -DR_BL_PRECISION=32 -DUSE_XIOS kernel/core_dynamics/compute_dl_matrix_kernel_mod.F90
[cpp] cpp -traditional-cpp -DLEGACY_MPI -DLEGACY_TIMER -DTIMING_ON -DRDEF_PRECISION=32 -DR_SOLVER_PRECISION=32 -DR_TRAN_PRECISION=32 -DR_BL_PRECISION=32 -DUSE_XIOS kernel/core_dynamics/compute_geopotential_kernel_mod.F90
[cpp] cpp -traditional-cpp -DLEGACY_MPI -DLEGACY_TIMER -DTIMING_ON -DRDEF_PRECISION=32 -DR_SOLVER_PRECISION=32 -DR_TRAN_PRECISION=32 -DR_BL_PRECISION=32 -DUSE_XIOS kernel/core_dynamics/compute_vert_coriolis_matrix_kernel_mod.F90
[cpp] cpp -traditional-cpp -DLEGACY_MPI -DLEGACY_TIMER -DTIMING_ON -DRDEF_PRECISION=32 -DR_SOLVER_PRECISION=32 -DR_TRAN_PRECISION=32 -DR_BL_PRECISION=32 -DUSE_XIOS kernel/core_dynamics/dry_to_moist_theta_kernel_mod.F90
[cpp] cpp -traditional-cpp -DLEGACY_MPI -DLEGACY_TIMER -DTIMING_ON -DRDEF_PRECISION=32 -DR_SOLVER_PRECISION=32 -DR_TRAN_PRECISION=32 -DR_BL_PRECISION=32 -DUSE_XIOS kernel/core_dynamics/evap_condense_kernel_mod.F90
[cpp] cpp -traditional-cpp -DLEGACY_MPI -DLEGACY_TIMER -DTIMING_ON -DRDEF_PRECISION=32 -DR_SOLVER_PRECISION=32 -DR_TRAN_PRECISION=32 -DR_BL_PRECISION=32 -DUSE_XIOS kernel/core_dynamics/geopotential_gradient_kernel_mod.F90
[cpp] cpp -traditional-cpp -DLEGACY_MPI -DLEGACY_TIMER -DTIMING_ON -DRDEF_PRECISION=32 -DR_SOLVER_PRECISION=32 -DR_TRAN_PRECISION=32 -DR_BL_PRECISION=32 -DUSE_XIOS kernel/core_dynamics/hydrostatic_kernel_mod.F90
[cpp] cpp -traditional-cpp -DLEGACY_MPI -DLEGACY_TIMER -DTIMING_ON -DRDEF_PRECISION=32 -DR_SOLVER_PRECISION=32 -DR_TRAN_PRECISION=32 -DR_BL_PRECISION=32 -DUSE_XIOS kernel/core_dynamics/kinetic_energy_gradient_kernel_mod.F90
[cpp] cpp -traditional-cpp -DLEGACY_MPI -DLEGACY_TIMER -DTIMING_ON -DRDEF_PRECISION=32 -DR_SOLVER_PRECISION=32 -DR_TRAN_PRECISION=32 -DR_BL_PRECISION=32 -DUSE_XIOS kernel/core_dynamics/lagged_orog_operator_kernel_mod.F90
[cpp] cpp -traditional-cpp -DLEGACY_MPI -DLEGACY_TIMER -DTIMING_ON -DRDEF_PRECISION=32 -DR_SOLVER_PRECISION=32 -DR_TRAN_PRECISION=32 -DR_BL_PRECISION=32 -DUSE_XIOS kernel/core_dynamics/moist_dyn_gas_kernel_mod.F90
[cpp] cpp -traditional-cpp -DLEGACY_MPI -DLEGACY_TIMER -DTIMING_ON -DRDEF_PRECISION=32 -DR_SOLVER_PRECISION=32 -DR_TRAN_PRECISION=32 -DR_BL_PRECISION=32 -DUSE_XIOS kernel/core_dynamics/moist_dyn_mass_kernel_mod.F90
[cpp] cpp -traditional-cpp -DLEGACY_MPI -DLEGACY_TIMER -DTIMING_ON -DRDEF_PRECISION=32 -DR_SOLVER_PRECISION=32 -DR_TRAN_PRECISION=32 -DR_BL_PRECISION=32 -DUSE_XIOS kernel/core_dynamics/moist_dyn_mod.F90
[cpp] cpp -traditional-cpp -DLEGACY_MPI -DLEGACY_TIMER -DTIMING_ON -DRDEF_PRECISION=32 -DR_SOLVER_PRECISION=32 -DR_TRAN_PRECISION=32 -DR_BL_PRECISION=32 -DUSE_XIOS kernel/core_dynamics/moist_to_dry_theta_kernel_mod.F90
[cpp] cpp -traditional-cpp -DLEGACY_MPI -DLEGACY_TIMER -DTIMING_ON -DRDEF_PRECISION=32 -DR_SOLVER_PRECISION=32 -DR_TRAN_PRECISION=32 -DR_BL_PRECISION=32 -DUSE_XIOS kernel/core_dynamics/pressure_gradient_bd_kernel_mod.F90
[cpp] cpp -traditional-cpp -DLEGACY_MPI -DLEGACY_TIMER -DTIMING_ON -DRDEF_PRECISION=32 -DR_SOLVER_PRECISION=32 -DR_TRAN_PRECISION=32 -DR_BL_PRECISION=32 -DUSE_XIOS kernel/core_dynamics/pressure_gradient_p0_kernel_mod.F90
[cpp] cpp -traditional-cpp -DLEGACY_MPI -DLEGACY_TIMER -DTIMING_ON -DRDEF_PRECISION=32 -DR_SOLVER_PRECISION=32 -DR_TRAN_PRECISION=32 -DR_BL_PRECISION=32 -DUSE_XIOS kernel/core_dynamics/project_eos_pressure_kernel_mod.F90
[cpp] cpp -traditional-cpp -DLEGACY_MPI -DLEGACY_TIMER -DTIMING_ON -DRDEF_PRECISION=32 -DR_SOLVER_PRECISION=32 -DR_TRAN_PRECISION=32 -DR_BL_PRECISION=32 -DUSE_XIOS kernel/core_dynamics/project_eos_rho_kernel_mod.F90
[cpp] cpp -traditional-cpp -DLEGACY_MPI -DLEGACY_TIMER -DTIMING_ON -DRDEF_PRECISION=32 -DR_SOLVER_PRECISION=32 -DR_TRAN_PRECISION=32 -DR_BL_PRECISION=32 -DUSE_XIOS kernel/core_dynamics/rhs_project_eos_kernel_mod.F90
[cpp] cpp -traditional-cpp -DLEGACY_MPI -DLEGACY_TIMER -DTIMING_ON -DRDEF_PRECISION=32 -DR_SOLVER_PRECISION=32 -DR_TRAN_PRECISION=32 -DR_BL_PRECISION=32 -DUSE_XIOS kernel/core_dynamics/rhs_sample_eos_kernel_mod.F90
[cpp] cpp -traditional-cpp -DLEGACY_MPI -DLEGACY_TIMER -DTIMING_ON -DRDEF_PRECISION=32 -DR_SOLVER_PRECISION=32 -DR_TRAN_PRECISION=32 -DR_BL_PRECISION=32 -DUSE_XIOS kernel/core_dynamics/rotation_vector_mod.F90
[cpp] cpp -traditional-cpp -DLEGACY_MPI -DLEGACY_TIMER -DTIMING_ON -DRDEF_PRECISION=32 -DR_SOLVER_PRECISION=32 -DR_TRAN_PRECISION=32 -DR_BL_PRECISION=32 -DUSE_XIOS kernel/core_dynamics/sample_eos_pressure_kernel_mod.F90
[cpp] cpp -traditional-cpp -DLEGACY_MPI -DLEGACY_TIMER -DTIMING_ON -DRDEF_PRECISION=32 -DR_SOLVER_PRECISION=32 -DR_TRAN_PRECISION=32 -DR_BL_PRECISION=32 -DUSE_XIOS kernel/core_dynamics/sample_eos_rho_kernel_mod.F90
[cpp] cpp -traditional-cpp -DLEGACY_MPI -DLEGACY_TIMER -DTIMING_ON -DRDEF_PRECISION=32 -DR_SOLVER_PRECISION=32 -DR_TRAN_PRECISION=32 -DR_BL_PRECISION=32 -DUSE_XIOS kernel/core_dynamics/theta_moist_source_kernel_mod.F90
[cpp] cpp -traditional-cpp -DLEGACY_MPI -DLEGACY_TIMER -DTIMING_ON -DRDEF_PRECISION=32 -DR_SOLVER_PRECISION=32 -DR_TRAN_PRECISION=32 -DR_BL_PRECISION=32 -DUSE_XIOS kernel/core_dynamics/vorticity_rhs_kernel_mod.F90
[cpp] cpp -traditional-cpp -DLEGACY_MPI -DLEGACY_TIMER -DTIMING_ON -DRDEF_PRECISION=32 -DR_SOLVER_PRECISION=32 -DR_TRAN_PRECISION=32 -DR_BL_PRECISION=32 -DUSE_XIOS kernel/diagnostics/ageofair_kernel_mod.F90
[cpp] cpp -traditional-cpp -DLEGACY_MPI -DLEGACY_TIMER -DTIMING_ON -DRDEF_PRECISION=32 -DR_SOLVER_PRECISION=32 -DR_TRAN_PRECISION=32 -DR_BL_PRECISION=32 -DUSE_XIOS kernel/diagnostics/calc_wbig_kernel_mod.F90
[cpp] cpp -traditional-cpp -DLEGACY_MPI -DLEGACY_TIMER -DTIMING_ON -DRDEF_PRECISION=32 -DR_SOLVER_PRECISION=32 -DR_TRAN_PRECISION=32 -DR_BL_PRECISION=32 -DUSE_XIOS kernel/diagnostics/cfl_kernel_mod.F90
[cpp] cpp -traditional-cpp -DLEGACY_MPI -DLEGACY_TIMER -DTIMING_ON -DRDEF_PRECISION=32 -DR_SOLVER_PRECISION=32 -DR_TRAN_PRECISION=32 -DR_BL_PRECISION=32 -DUSE_XIOS kernel/diagnostics/compute_bottom_mass_from_flux_kernel_mod.F90
[cpp] cpp -traditional-cpp -DLEGACY_MPI -DLEGACY_TIMER -DTIMING_ON -DRDEF_PRECISION=32 -DR_SOLVER_PRECISION=32 -DR_TRAN_PRECISION=32 -DR_BL_PRECISION=32 -DUSE_XIOS kernel/diagnostics/compute_column_integral_kernel_mod.F90
[cpp] cpp -traditional-cpp -DLEGACY_MPI -DLEGACY_TIMER -DTIMING_ON -DRDEF_PRECISION=32 -DR_SOLVER_PRECISION=32 -DR_TRAN_PRECISION=32 -DR_BL_PRECISION=32 -DUSE_XIOS kernel/diagnostics/compute_entropy_kernel_mod.F90
[cpp] cpp -traditional-cpp -DLEGACY_MPI -DLEGACY_TIMER -DTIMING_ON -DRDEF_PRECISION=32 -DR_SOLVER_PRECISION=32 -DR_TRAN_PRECISION=32 -DR_BL_PRECISION=32 -DUSE_XIOS kernel/diagnostics/compute_moist_mass_kernel_mod.F90
[cpp] cpp -traditional-cpp -DLEGACY_MPI -DLEGACY_TIMER -DTIMING_ON -DRDEF_PRECISION=32 -DR_SOLVER_PRECISION=32 -DR_TRAN_PRECISION=32 -DR_BL_PRECISION=32 -DUSE_XIOS kernel/diagnostics/compute_total_aam_kernel_mod.F90
[cpp] cpp -traditional-cpp -DLEGACY_MPI -DLEGACY_TIMER -DTIMING_ON -DRDEF_PRECISION=32 -DR_SOLVER_PRECISION=32 -DR_TRAN_PRECISION=32 -DR_BL_PRECISION=32 -DUSE_XIOS kernel/diagnostics/compute_total_pv_kernel_mod.F90
[cpp] cpp -traditional-cpp -DLEGACY_MPI -DLEGACY_TIMER -DTIMING_ON -DRDEF_PRECISION=32 -DR_SOLVER_PRECISION=32 -DR_TRAN_PRECISION=32 -DR_BL_PRECISION=32 -DUSE_XIOS kernel/diagnostics/field_stats_kernel_mod.F90
[cpp] cpp -traditional-cpp -DLEGACY_MPI -DLEGACY_TIMER -DTIMING_ON -DRDEF_PRECISION=32 -DR_SOLVER_PRECISION=32 -DR_TRAN_PRECISION=32 -DR_BL_PRECISION=32 -DUSE_XIOS kernel/diagnostics/reference_profile_mod.F90
[cpp] cpp -traditional-cpp -DLEGACY_MPI -DLEGACY_TIMER -DTIMING_ON -DRDEF_PRECISION=32 -DR_SOLVER_PRECISION=32 -DR_TRAN_PRECISION=32 -DR_BL_PRECISION=32 -DUSE_XIOS kernel/diagnostics/relative_humidity_kernel_mod.F90
[cpp] cpp -traditional-cpp -DLEGACY_MPI -DLEGACY_TIMER -DTIMING_ON -DRDEF_PRECISION=32 -DR_SOLVER_PRECISION=32 -DR_TRAN_PRECISION=32 -DR_BL_PRECISION=32 -DUSE_XIOS kernel/diagnostics/theta_e_kernel_mod.F90
[cpp] cpp -traditional-cpp -DLEGACY_MPI -DLEGACY_TIMER -DTIMING_ON -DRDEF_PRECISION=32 -DR_SOLVER_PRECISION=32 -DR_TRAN_PRECISION=32 -DR_BL_PRECISION=32 -DUSE_XIOS kernel/diffusion/leonard_term_kl_kernel_mod.F90
[cpp] cpp -traditional-cpp -DLEGACY_MPI -DLEGACY_TIMER -DTIMING_ON -DRDEF_PRECISION=32 -DR_SOLVER_PRECISION=32 -DR_TRAN_PRECISION=32 -DR_BL_PRECISION=32 -DUSE_XIOS kernel/diffusion/leonard_term_th_kernel_mod.F90
[cpp] cpp -traditional-cpp -DLEGACY_MPI -DLEGACY_TIMER -DTIMING_ON -DRDEF_PRECISION=32 -DR_SOLVER_PRECISION=32 -DR_TRAN_PRECISION=32 -DR_BL_PRECISION=32 -DUSE_XIOS kernel/diffusion/leonard_term_u_kernel_mod.F90
[cpp] cpp -traditional-cpp -DLEGACY_MPI -DLEGACY_TIMER -DTIMING_ON -DRDEF_PRECISION=32 -DR_SOLVER_PRECISION=32 -DR_TRAN_PRECISION=32 -DR_BL_PRECISION=32 -DUSE_XIOS kernel/diffusion/momentum_smagorinsky_kernel_mod.F90
[cpp] cpp -traditional-cpp -DLEGACY_MPI -DLEGACY_TIMER -DTIMING_ON -DRDEF_PRECISION=32 -DR_SOLVER_PRECISION=32 -DR_TRAN_PRECISION=32 -DR_BL_PRECISION=32 -DUSE_XIOS kernel/diffusion/momentum_viscosity_kernel_mod.F90
[cpp] cpp -traditional-cpp -DLEGACY_MPI -DLEGACY_TIMER -DTIMING_ON -DRDEF_PRECISION=32 -DR_SOLVER_PRECISION=32 -DR_TRAN_PRECISION=32 -DR_BL_PRECISION=32 -DUSE_XIOS kernel/diffusion/smagorinsky_shear_kernel_mod.F90
[cpp] cpp -traditional-cpp -DLEGACY_MPI -DLEGACY_TIMER -DTIMING_ON -DRDEF_PRECISION=32 -DR_SOLVER_PRECISION=32 -DR_TRAN_PRECISION=32 -DR_BL_PRECISION=32 -DUSE_XIOS kernel/diffusion/tracer_smagorinsky_diff_kernel_mod.F90
[cpp] cpp -traditional-cpp -DLEGACY_MPI -DLEGACY_TIMER -DTIMING_ON -DRDEF_PRECISION=32 -DR_SOLVER_PRECISION=32 -DR_TRAN_PRECISION=32 -DR_BL_PRECISION=32 -DUSE_XIOS kernel/diffusion/tracer_viscosity_kernel_mod.F90
[cpp] cpp -traditional-cpp -DLEGACY_MPI -DLEGACY_TIMER -DTIMING_ON -DRDEF_PRECISION=32 -DR_SOLVER_PRECISION=32 -DR_TRAN_PRECISION=32 -DR_BL_PRECISION=32 -DUSE_XIOS kernel/external_forcing/deep_hot_jupiter_forcings_mod.F90
[cpp] cpp -traditional-cpp -DLEGACY_MPI -DLEGACY_TIMER -DTIMING_ON -DRDEF_PRECISION=32 -DR_SOLVER_PRECISION=32 -DR_TRAN_PRECISION=32 -DR_BL_PRECISION=32 -DUSE_XIOS kernel/external_forcing/deep_hot_jupiter_kernel_mod.F90
[cpp] cpp -traditional-cpp -DLEGACY_MPI -DLEGACY_TIMER -DTIMING_ON -DRDEF_PRECISION=32 -DR_SOLVER_PRECISION=32 -DR_TRAN_PRECISION=32 -DR_BL_PRECISION=32 -DUSE_XIOS kernel/external_forcing/earth_like_forcings_mod.F90
[cpp] cpp -traditional-cpp -DLEGACY_MPI -DLEGACY_TIMER -DTIMING_ON -DRDEF_PRECISION=32 -DR_SOLVER_PRECISION=32 -DR_TRAN_PRECISION=32 -DR_BL_PRECISION=32 -DUSE_XIOS kernel/external_forcing/earth_like_kernel_mod.F90
[cpp] cpp -traditional-cpp -DLEGACY_MPI -DLEGACY_TIMER -DTIMING_ON -DRDEF_PRECISION=32 -DR_SOLVER_PRECISION=32 -DR_TRAN_PRECISION=32 -DR_BL_PRECISION=32 -DUSE_XIOS kernel/external_forcing/extract_2d_field_kernel_mod.F90
[cpp] cpp -traditional-cpp -DLEGACY_MPI -DLEGACY_TIMER -DTIMING_ON -DRDEF_PRECISION=32 -DR_SOLVER_PRECISION=32 -DR_TRAN_PRECISION=32 -DR_BL_PRECISION=32 -DUSE_XIOS kernel/external_forcing/held_suarez_forcings_mod.F90
[cpp] cpp -traditional-cpp -DLEGACY_MPI -DLEGACY_TIMER -DTIMING_ON -DRDEF_PRECISION=32 -DR_SOLVER_PRECISION=32 -DR_TRAN_PRECISION=32 -DR_BL_PRECISION=32 -DUSE_XIOS kernel/external_forcing/held_suarez_fv_kernel_mod.F90
[cpp] cpp -traditional-cpp -DLEGACY_MPI -DLEGACY_TIMER -DTIMING_ON -DRDEF_PRECISION=32 -DR_SOLVER_PRECISION=32 -DR_TRAN_PRECISION=32 -DR_BL_PRECISION=32 -DUSE_XIOS kernel/external_forcing/held_suarez_fv_wind_kernel_mod.F90
[cpp] cpp -traditional-cpp -DLEGACY_MPI -DLEGACY_TIMER -DTIMING_ON -DRDEF_PRECISION=32 -DR_SOLVER_PRECISION=32 -DR_TRAN_PRECISION=32 -DR_BL_PRECISION=32 -DUSE_XIOS kernel/external_forcing/prof_temporal_interp_mod.F90
[cpp] cpp -traditional-cpp -DLEGACY_MPI -DLEGACY_TIMER -DTIMING_ON -DRDEF_PRECISION=32 -DR_SOLVER_PRECISION=32 -DR_TRAN_PRECISION=32 -DR_BL_PRECISION=32 -DUSE_XIOS kernel/external_forcing/set_field_to_profile_kernel_mod.F90
[cpp] cpp -traditional-cpp -DLEGACY_MPI -DLEGACY_TIMER -DTIMING_ON -DRDEF_PRECISION=32 -DR_SOLVER_PRECISION=32 -DR_TRAN_PRECISION=32 -DR_BL_PRECISION=32 -DUSE_XIOS kernel/external_forcing/shallow_hot_jupiter_forcings_mod.F90
[cpp] cpp -traditional-cpp -DLEGACY_MPI -DLEGACY_TIMER -DTIMING_ON -DRDEF_PRECISION=32 -DR_SOLVER_PRECISION=32 -DR_TRAN_PRECISION=32 -DR_BL_PRECISION=32 -DUSE_XIOS kernel/external_forcing/shallow_hot_jupiter_kernel_mod.F90
[cpp] cpp -traditional-cpp -DLEGACY_MPI -DLEGACY_TIMER -DTIMING_ON -DRDEF_PRECISION=32 -DR_SOLVER_PRECISION=32 -DR_TRAN_PRECISION=32 -DR_BL_PRECISION=32 -DUSE_XIOS kernel/external_forcing/tidally_locked_earth_forcings_mod.F90
[cpp] cpp -traditional-cpp -DLEGACY_MPI -DLEGACY_TIMER -DTIMING_ON -DRDEF_PRECISION=32 -DR_SOLVER_PRECISION=32 -DR_TRAN_PRECISION=32 -DR_BL_PRECISION=32 -DUSE_XIOS kernel/external_forcing/tidally_locked_earth_kernel_mod.F90
[cpp] cpp -traditional-cpp -DLEGACY_MPI -DLEGACY_TIMER -DTIMING_ON -DRDEF_PRECISION=32 -DR_SOLVER_PRECISION=32 -DR_TRAN_PRECISION=32 -DR_BL_PRECISION=32 -DUSE_XIOS kernel/external_forcing/vertadv_wind_kernel_mod.F90
[cpp] cpp -traditional-cpp -DLEGACY_MPI -DLEGACY_TIMER -DTIMING_ON -DRDEF_PRECISION=32 -DR_SOLVER_PRECISION=32 -DR_TRAN_PRECISION=32 -DR_BL_PRECISION=32 -DUSE_XIOS kernel/external_forcing/vertadvect_kernel_mod.F90
[cpp] cpp -traditional-cpp -DLEGACY_MPI -DLEGACY_TIMER -DTIMING_ON -DRDEF_PRECISION=32 -DR_SOLVER_PRECISION=32 -DR_TRAN_PRECISION=32 -DR_BL_PRECISION=32 -DUSE_XIOS kernel/initialisation/generate_global_gw_fields_mod.F90
[cpp] cpp -traditional-cpp -DLEGACY_MPI -DLEGACY_TIMER -DTIMING_ON -DRDEF_PRECISION=32 -DR_SOLVER_PRECISION=32 -DR_TRAN_PRECISION=32 -DR_BL_PRECISION=32 -DUSE_XIOS kernel/initialisation/hydro_shallow_to_deep_kernel_mod.F90
[cpp] cpp -traditional-cpp -DLEGACY_MPI -DLEGACY_TIMER -DTIMING_ON -DRDEF_PRECISION=32 -DR_SOLVER_PRECISION=32 -DR_TRAN_PRECISION=32 -DR_BL_PRECISION=32 -DUSE_XIOS kernel/initialisation/hydrostatic_coriolis_kernel_mod.F90
[cpp] cpp -traditional-cpp -DLEGACY_MPI -DLEGACY_TIMER -DTIMING_ON -DRDEF_PRECISION=32 -DR_SOLVER_PRECISION=32 -DR_TRAN_PRECISION=32 -DR_BL_PRECISION=32 -DUSE_XIOS kernel/initialisation/hydrostatic_exner_kernel_mod.F90
[cpp] cpp -traditional-cpp -DLEGACY_MPI -DLEGACY_TIMER -DTIMING_ON -DRDEF_PRECISION=32 -DR_SOLVER_PRECISION=32 -DR_TRAN_PRECISION=32 -DR_BL_PRECISION=32 -DUSE_XIOS kernel/initialisation/initial_exner_sample_kernel_mod.F90
[cpp] cpp -traditional-cpp -DLEGACY_MPI -DLEGACY_TIMER -DTIMING_ON -DRDEF_PRECISION=32 -DR_SOLVER_PRECISION=32 -DR_TRAN_PRECISION=32 -DR_BL_PRECISION=32 -DUSE_XIOS kernel/initialisation/initial_mr_kernel_mod.F90
[cpp] cpp -traditional-cpp -DLEGACY_MPI -DLEGACY_TIMER -DTIMING_ON -DRDEF_PRECISION=32 -DR_SOLVER_PRECISION=32 -DR_TRAN_PRECISION=32 -DR_BL_PRECISION=32 -DUSE_XIOS kernel/initialisation/initial_rho_sample_kernel_mod.F90
[cpp] cpp -traditional-cpp -DLEGACY_MPI -DLEGACY_TIMER -DTIMING_ON -DRDEF_PRECISION=32 -DR_SOLVER_PRECISION=32 -DR_TRAN_PRECISION=32 -DR_BL_PRECISION=32 -DUSE_XIOS kernel/initialisation/initial_streamfunc_kernel_mod.F90
[cpp] cpp -traditional-cpp -DLEGACY_MPI -DLEGACY_TIMER -DTIMING_ON -DRDEF_PRECISION=32 -DR_SOLVER_PRECISION=32 -DR_TRAN_PRECISION=32 -DR_BL_PRECISION=32 -DUSE_XIOS kernel/initialisation/initial_theta_kernel_mod.F90
[cpp] cpp -traditional-cpp -DLEGACY_MPI -DLEGACY_TIMER -DTIMING_ON -DRDEF_PRECISION=32 -DR_SOLVER_PRECISION=32 -DR_TRAN_PRECISION=32 -DR_BL_PRECISION=32 -DUSE_XIOS kernel/initialisation/initial_u_kernel_mod.F90
[cpp] cpp -traditional-cpp -DLEGACY_MPI -DLEGACY_TIMER -DTIMING_ON -DRDEF_PRECISION=32 -DR_SOLVER_PRECISION=32 -DR_TRAN_PRECISION=32 -DR_BL_PRECISION=32 -DUSE_XIOS kernel/initialisation/profile_interp_kernel_mod.F90
[cpp] cpp -traditional-cpp -DLEGACY_MPI -DLEGACY_TIMER -DTIMING_ON -DRDEF_PRECISION=32 -DR_SOLVER_PRECISION=32 -DR_TRAN_PRECISION=32 -DR_BL_PRECISION=32 -DUSE_XIOS kernel/initialisation/random_perturb_field_kernel_mod.F90
[cpp] cpp -traditional-cpp -DLEGACY_MPI -DLEGACY_TIMER -DTIMING_ON -DRDEF_PRECISION=32 -DR_SOLVER_PRECISION=32 -DR_TRAN_PRECISION=32 -DR_BL_PRECISION=32 -DUSE_XIOS kernel/initialisation/sample_initial_u_kernel_mod.F90
[cpp] cpp -traditional-cpp -DLEGACY_MPI -DLEGACY_TIMER -DTIMING_ON -DRDEF_PRECISION=32 -DR_SOLVER_PRECISION=32 -DR_TRAN_PRECISION=32 -DR_BL_PRECISION=32 -DUSE_XIOS kernel/initialisation/set_exner_kernel_mod.F90
[cpp] cpp -traditional-cpp -DLEGACY_MPI -DLEGACY_TIMER -DTIMING_ON -DRDEF_PRECISION=32 -DR_SOLVER_PRECISION=32 -DR_TRAN_PRECISION=32 -DR_BL_PRECISION=32 -DUSE_XIOS kernel/initialisation/set_rho_kernel_mod.F90
[cpp] cpp -traditional-cpp -DLEGACY_MPI -DLEGACY_TIMER -DTIMING_ON -DRDEF_PRECISION=32 -DR_SOLVER_PRECISION=32 -DR_TRAN_PRECISION=32 -DR_BL_PRECISION=32 -DUSE_XIOS kernel/limited_area/create_boundary_mask_kernel_mod.F90
[cpp] cpp -traditional-cpp -DLEGACY_MPI -DLEGACY_TIMER -DTIMING_ON -DRDEF_PRECISION=32 -DR_SOLVER_PRECISION=32 -DR_TRAN_PRECISION=32 -DR_BL_PRECISION=32 -DUSE_XIOS kernel/limited_area/create_edge_mask_kernel_mod.F90
[cpp] cpp -traditional-cpp -DLEGACY_MPI -DLEGACY_TIMER -DTIMING_ON -DRDEF_PRECISION=32 -DR_SOLVER_PRECISION=32 -DR_TRAN_PRECISION=32 -DR_BL_PRECISION=32 -DUSE_XIOS kernel/limited_area/create_threshold_mask_kernel_mod.F90
[cpp] cpp -traditional-cpp -DLEGACY_MPI -DLEGACY_TIMER -DTIMING_ON -DRDEF_PRECISION=32 -DR_SOLVER_PRECISION=32 -DR_TRAN_PRECISION=32 -DR_BL_PRECISION=32 -DUSE_XIOS kernel/limited_area/create_w2bmask_kernel_mod.F90
[cpp] cpp -traditional-cpp -DLEGACY_MPI -DLEGACY_TIMER -DTIMING_ON -DRDEF_PRECISION=32 -DR_SOLVER_PRECISION=32 -DR_TRAN_PRECISION=32 -DR_BL_PRECISION=32 -DUSE_XIOS kernel/limited_area/create_w2mask_blend_kernel_mod.F90
[cpp] cpp -traditional-cpp -DLEGACY_MPI -DLEGACY_TIMER -DTIMING_ON -DRDEF_PRECISION=32 -DR_SOLVER_PRECISION=32 -DR_TRAN_PRECISION=32 -DR_BL_PRECISION=32 -DUSE_XIOS kernel/limited_area/create_w2mask_kernel_mod.F90
[cpp] cpp -traditional-cpp -DLEGACY_MPI -DLEGACY_TIMER -DTIMING_ON -DRDEF_PRECISION=32 -DR_SOLVER_PRECISION=32 -DR_TRAN_PRECISION=32 -DR_BL_PRECISION=32 -DUSE_XIOS kernel/limited_area/create_w2mask_lbc_kernel_mod.F90
[cpp] cpp -traditional-cpp -DLEGACY_MPI -DLEGACY_TIMER -DTIMING_ON -DRDEF_PRECISION=32 -DR_SOLVER_PRECISION=32 -DR_TRAN_PRECISION=32 -DR_BL_PRECISION=32 -DUSE_XIOS kernel/limited_area/create_w2mask_tang_kernel_mod.F90
[cpp] cpp -traditional-cpp -DLEGACY_MPI -DLEGACY_TIMER -DTIMING_ON -DRDEF_PRECISION=32 -DR_SOLVER_PRECISION=32 -DR_TRAN_PRECISION=32 -DR_BL_PRECISION=32 -DUSE_XIOS kernel/limited_area/create_w3mask_blend_kernel_mod.F90
[cpp] cpp -traditional-cpp -DLEGACY_MPI -DLEGACY_TIMER -DTIMING_ON -DRDEF_PRECISION=32 -DR_SOLVER_PRECISION=32 -DR_TRAN_PRECISION=32 -DR_BL_PRECISION=32 -DUSE_XIOS kernel/limited_area/create_w3mask_kernel_mod.F90
[cpp] cpp -traditional-cpp -DLEGACY_MPI -DLEGACY_TIMER -DTIMING_ON -DRDEF_PRECISION=32 -DR_SOLVER_PRECISION=32 -DR_TRAN_PRECISION=32 -DR_BL_PRECISION=32 -DUSE_XIOS kernel/limited_area/create_w3mask_lbc_kernel_mod.F90
[cpp] cpp -traditional-cpp -DLEGACY_MPI -DLEGACY_TIMER -DTIMING_ON -DRDEF_PRECISION=32 -DR_SOLVER_PRECISION=32 -DR_TRAN_PRECISION=32 -DR_BL_PRECISION=32 -DUSE_XIOS kernel/limited_area/create_wthetamask_blend_kernel_mod.F90
[cpp] cpp -traditional-cpp -DLEGACY_MPI -DLEGACY_TIMER -DTIMING_ON -DRDEF_PRECISION=32 -DR_SOLVER_PRECISION=32 -DR_TRAN_PRECISION=32 -DR_BL_PRECISION=32 -DUSE_XIOS kernel/limited_area/create_wthetamask_kernel_mod.F90
[cpp] cpp -traditional-cpp -DLEGACY_MPI -DLEGACY_TIMER -DTIMING_ON -DRDEF_PRECISION=32 -DR_SOLVER_PRECISION=32 -DR_TRAN_PRECISION=32 -DR_BL_PRECISION=32 -DUSE_XIOS kernel/limited_area/create_wthetamask_lbc_kernel_mod.F90
[cpp] cpp -traditional-cpp -DLEGACY_MPI -DLEGACY_TIMER -DTIMING_ON -DRDEF_PRECISION=32 -DR_SOLVER_PRECISION=32 -DR_TRAN_PRECISION=32 -DR_BL_PRECISION=32 -DUSE_XIOS kernel/limited_area/propagate_onion_layers_kernel_mod.F90
[cpp] cpp -traditional-cpp -DLEGACY_MPI -DLEGACY_TIMER -DTIMING_ON -DRDEF_PRECISION=32 -DR_SOLVER_PRECISION=32 -DR_TRAN_PRECISION=32 -DR_BL_PRECISION=32 -DUSE_XIOS kernel/limited_area/set_blending_weights_kernel_mod.F90
[cpp] cpp -traditional-cpp -DLEGACY_MPI -DLEGACY_TIMER -DTIMING_ON -DRDEF_PRECISION=32 -DR_SOLVER_PRECISION=32 -DR_TRAN_PRECISION=32 -DR_BL_PRECISION=32 -DUSE_XIOS kernel/limited_area/set_blending_weights_w2_kernel_mod.F90
[cpp] cpp -traditional-cpp -DLEGACY_MPI -DLEGACY_TIMER -DTIMING_ON -DRDEF_PRECISION=32 -DR_SOLVER_PRECISION=32 -DR_TRAN_PRECISION=32 -DR_BL_PRECISION=32 -DUSE_XIOS kernel/limited_area/splice_fields_kernel_mod.F90
[cpp] cpp -traditional-cpp -DLEGACY_MPI -DLEGACY_TIMER -DTIMING_ON -DRDEF_PRECISION=32 -DR_SOLVER_PRECISION=32 -DR_TRAN_PRECISION=32 -DR_BL_PRECISION=32 -DUSE_XIOS kernel/transport/common/calc_departure_wind_kernel_mod.F90
[cpp] cpp -traditional-cpp -DLEGACY_MPI -DLEGACY_TIMER -DTIMING_ON -DRDEF_PRECISION=32 -DR_SOLVER_PRECISION=32 -DR_TRAN_PRECISION=32 -DR_BL_PRECISION=32 -DUSE_XIOS kernel/transport/common/calc_max_cfl_kernel_mod.F90
[cpp] cpp -traditional-cpp -DLEGACY_MPI -DLEGACY_TIMER -DTIMING_ON -DRDEF_PRECISION=32 -DR_SOLVER_PRECISION=32 -DR_TRAN_PRECISION=32 -DR_BL_PRECISION=32 -DUSE_XIOS kernel/transport/common/calc_upwind_detj_at_w2_kernel_mod.F90
[cpp] cpp -traditional-cpp -DLEGACY_MPI -DLEGACY_TIMER -DTIMING_ON -DRDEF_PRECISION=32 -DR_SOLVER_PRECISION=32 -DR_TRAN_PRECISION=32 -DR_BL_PRECISION=32 -DUSE_XIOS kernel/transport/common/calc_vert_dep_wind_kernel_mod.F90
[cpp] cpp -traditional-cpp -DLEGACY_MPI -DLEGACY_TIMER -DTIMING_ON -DRDEF_PRECISION=32 -DR_SOLVER_PRECISION=32 -DR_TRAN_PRECISION=32 -DR_BL_PRECISION=32 -DUSE_XIOS kernel/transport/common/conservative_neg_fix_kernel_mod.F90
[cpp] cpp -traditional-cpp -DLEGACY_MPI -DLEGACY_TIMER -DTIMING_ON -DRDEF_PRECISION=32 -DR_SOLVER_PRECISION=32 -DR_TRAN_PRECISION=32 -DR_BL_PRECISION=32 -DUSE_XIOS kernel/transport/common/consistent_dispersion_kernel_mod.F90
[cpp] cpp -traditional-cpp -DLEGACY_MPI -DLEGACY_TIMER -DTIMING_ON -DRDEF_PRECISION=32 -DR_SOLVER_PRECISION=32 -DR_TRAN_PRECISION=32 -DR_BL_PRECISION=32 -DUSE_XIOS kernel/transport/common/departure_points_support_mod.F90
[cpp] cpp -traditional-cpp -DLEGACY_MPI -DLEGACY_TIMER -DTIMING_ON -DRDEF_PRECISION=32 -DR_SOLVER_PRECISION=32 -DR_TRAN_PRECISION=32 -DR_BL_PRECISION=32 -DUSE_XIOS kernel/transport/common/fractional_horizontal_wind_kernel_mod.F90
[cpp] cpp -traditional-cpp -DLEGACY_MPI -DLEGACY_TIMER -DTIMING_ON -DRDEF_PRECISION=32 -DR_SOLVER_PRECISION=32 -DR_TRAN_PRECISION=32 -DR_BL_PRECISION=32 -DUSE_XIOS kernel/transport/common/fractional_vertical_wind_kernel_mod.F90
[cpp] cpp -traditional-cpp -DLEGACY_MPI -DLEGACY_TIMER -DTIMING_ON -DRDEF_PRECISION=32 -DR_SOLVER_PRECISION=32 -DR_TRAN_PRECISION=32 -DR_BL_PRECISION=32 -DUSE_XIOS kernel/transport/common/halo_mask_kernel_mod.F90
[cpp] cpp -traditional-cpp -DLEGACY_MPI -DLEGACY_TIMER -DTIMING_ON -DRDEF_PRECISION=32 -DR_SOLVER_PRECISION=32 -DR_TRAN_PRECISION=32 -DR_BL_PRECISION=32 -DUSE_XIOS kernel/transport/common/halo_mask_xy_kernel_mod.F90
[cpp] cpp -traditional-cpp -DLEGACY_MPI -DLEGACY_TIMER -DTIMING_ON -DRDEF_PRECISION=32 -DR_SOLVER_PRECISION=32 -DR_TRAN_PRECISION=32 -DR_BL_PRECISION=32 -DUSE_XIOS kernel/transport/common/hori_dep_dist_eulerian_kernel_mod.F90
[cpp] cpp -traditional-cpp -DLEGACY_MPI -DLEGACY_TIMER -DTIMING_ON -DRDEF_PRECISION=32 -DR_SOLVER_PRECISION=32 -DR_TRAN_PRECISION=32 -DR_BL_PRECISION=32 -DUSE_XIOS kernel/transport/common/hori_dep_dist_ffsl_kernel_mod.F90
[cpp] cpp -traditional-cpp -DLEGACY_MPI -DLEGACY_TIMER -DTIMING_ON -DRDEF_PRECISION=32 -DR_SOLVER_PRECISION=32 -DR_TRAN_PRECISION=32 -DR_BL_PRECISION=32 -DUSE_XIOS kernel/transport/common/hori_dep_dist_ffsl_sphere_kernel_mod.F90
[cpp] cpp -traditional-cpp -DLEGACY_MPI -DLEGACY_TIMER -DTIMING_ON -DRDEF_PRECISION=32 -DR_SOLVER_PRECISION=32 -DR_TRAN_PRECISION=32 -DR_BL_PRECISION=32 -DUSE_XIOS kernel/transport/common/hori_dep_dist_midpoint_kernel_mod.F90
[cpp] cpp -traditional-cpp -DLEGACY_MPI -DLEGACY_TIMER -DTIMING_ON -DRDEF_PRECISION=32 -DR_SOLVER_PRECISION=32 -DR_TRAN_PRECISION=32 -DR_BL_PRECISION=32 -DUSE_XIOS kernel/transport/common/hori_dep_dist_trapezoidal_kernel_mod.F90
[cpp] cpp -traditional-cpp -DLEGACY_MPI -DLEGACY_TIMER -DTIMING_ON -DRDEF_PRECISION=32 -DR_SOLVER_PRECISION=32 -DR_TRAN_PRECISION=32 -DR_BL_PRECISION=32 -DUSE_XIOS kernel/transport/common/impose_min_flux_kernel_mod.F90
[cpp] cpp -traditional-cpp -DLEGACY_MPI -DLEGACY_TIMER -DTIMING_ON -DRDEF_PRECISION=32 -DR_SOLVER_PRECISION=32 -DR_TRAN_PRECISION=32 -DR_BL_PRECISION=32 -DUSE_XIOS kernel/transport/common/init_remap_on_extended_mesh_kernel_mod.F90
[cpp] cpp -traditional-cpp -DLEGACY_MPI -DLEGACY_TIMER -DTIMING_ON -DRDEF_PRECISION=32 -DR_SOLVER_PRECISION=32 -DR_TRAN_PRECISION=32 -DR_BL_PRECISION=32 -DUSE_XIOS kernel/transport/common/iterate_min_flux_kernel_mod.F90
[cpp] cpp -traditional-cpp -DLEGACY_MPI -DLEGACY_TIMER -DTIMING_ON -DRDEF_PRECISION=32 -DR_SOLVER_PRECISION=32 -DR_TRAN_PRECISION=32 -DR_BL_PRECISION=32 -DUSE_XIOS kernel/transport/common/limit_wind_kernel_mod.F90
[cpp] cpp -traditional-cpp -DLEGACY_MPI -DLEGACY_TIMER -DTIMING_ON -DRDEF_PRECISION=32 -DR_SOLVER_PRECISION=32 -DR_TRAN_PRECISION=32 -DR_BL_PRECISION=32 -DUSE_XIOS kernel/transport/common/lipschitz_horizontal_kernel_mod.F90
[cpp] cpp -traditional-cpp -DLEGACY_MPI -DLEGACY_TIMER -DTIMING_ON -DRDEF_PRECISION=32 -DR_SOLVER_PRECISION=32 -DR_TRAN_PRECISION=32 -DR_BL_PRECISION=32 -DUSE_XIOS kernel/transport/common/lipschitz_vertical_kernel_mod.F90
[cpp] cpp -traditional-cpp -DLEGACY_MPI -DLEGACY_TIMER -DTIMING_ON -DRDEF_PRECISION=32 -DR_SOLVER_PRECISION=32 -DR_TRAN_PRECISION=32 -DR_BL_PRECISION=32 -DUSE_XIOS kernel/transport/common/monotonic_update_kernel_mod.F90
[cpp] cpp -traditional-cpp -DLEGACY_MPI -DLEGACY_TIMER -DTIMING_ON -DRDEF_PRECISION=32 -DR_SOLVER_PRECISION=32 -DR_TRAN_PRECISION=32 -DR_BL_PRECISION=32 -DUSE_XIOS kernel/transport/common/panel_edge_coords_kernel_mod.F90
[cpp] cpp -traditional-cpp -DLEGACY_MPI -DLEGACY_TIMER -DTIMING_ON -DRDEF_PRECISION=32 -DR_SOLVER_PRECISION=32 -DR_TRAN_PRECISION=32 -DR_BL_PRECISION=32 -DUSE_XIOS kernel/transport/common/panel_edge_dist_kernel_mod.F90
[cpp] cpp -traditional-cpp -DLEGACY_MPI -DLEGACY_TIMER -DTIMING_ON -DRDEF_PRECISION=32 -DR_SOLVER_PRECISION=32 -DR_TRAN_PRECISION=32 -DR_BL_PRECISION=32 -DUSE_XIOS kernel/transport/common/panel_edge_remap_kernel_mod.F90
[cpp] cpp -traditional-cpp -DLEGACY_MPI -DLEGACY_TIMER -DTIMING_ON -DRDEF_PRECISION=32 -DR_SOLVER_PRECISION=32 -DR_TRAN_PRECISION=32 -DR_BL_PRECISION=32 -DUSE_XIOS kernel/transport/common/panel_edge_support_mod.F90
[cpp] cpp -traditional-cpp -DLEGACY_MPI -DLEGACY_TIMER -DTIMING_ON -DRDEF_PRECISION=32 -DR_SOLVER_PRECISION=32 -DR_TRAN_PRECISION=32 -DR_BL_PRECISION=32 -DUSE_XIOS kernel/transport/common/panel_edge_weights_kernel_mod.F90
[cpp] cpp -traditional-cpp -DLEGACY_MPI -DLEGACY_TIMER -DTIMING_ON -DRDEF_PRECISION=32 -DR_SOLVER_PRECISION=32 -DR_TRAN_PRECISION=32 -DR_BL_PRECISION=32 -DUSE_XIOS kernel/transport/common/remap_on_extended_mesh_kernel_mod.F90
[cpp] cpp -traditional-cpp -DLEGACY_MPI -DLEGACY_TIMER -DTIMING_ON -DRDEF_PRECISION=32 -DR_SOLVER_PRECISION=32 -DR_TRAN_PRECISION=32 -DR_BL_PRECISION=32 -DUSE_XIOS kernel/transport/common/theta_dispersion_factor_kernel_mod.F90
[cpp] cpp -traditional-cpp -DLEGACY_MPI -DLEGACY_TIMER -DTIMING_ON -DRDEF_PRECISION=32 -DR_SOLVER_PRECISION=32 -DR_TRAN_PRECISION=32 -DR_BL_PRECISION=32 -DUSE_XIOS kernel/transport/common/vert_dep_dist_boundary_kernel_mod.F90
[cpp] cpp -traditional-cpp -DLEGACY_MPI -DLEGACY_TIMER -DTIMING_ON -DRDEF_PRECISION=32 -DR_SOLVER_PRECISION=32 -DR_TRAN_PRECISION=32 -DR_BL_PRECISION=32 -DUSE_XIOS kernel/transport/common/vert_dep_dist_exponential_kernel_mod.F90
[cpp] cpp -traditional-cpp -DLEGACY_MPI -DLEGACY_TIMER -DTIMING_ON -DRDEF_PRECISION=32 -DR_SOLVER_PRECISION=32 -DR_TRAN_PRECISION=32 -DR_BL_PRECISION=32 -DUSE_XIOS kernel/transport/common/vert_dep_dist_ffsl_kernel_mod.F90
[cpp] cpp -traditional-cpp -DLEGACY_MPI -DLEGACY_TIMER -DTIMING_ON -DRDEF_PRECISION=32 -DR_SOLVER_PRECISION=32 -DR_TRAN_PRECISION=32 -DR_BL_PRECISION=32 -DUSE_XIOS kernel/transport/common/vert_dep_dist_lagrangian_kernel_mod.F90
[cpp] cpp -traditional-cpp -DLEGACY_MPI -DLEGACY_TIMER -DTIMING_ON -DRDEF_PRECISION=32 -DR_SOLVER_PRECISION=32 -DR_TRAN_PRECISION=32 -DR_BL_PRECISION=32 -DUSE_XIOS kernel/transport/common/vert_deppt_sorting_kernel_mod.F90
[cpp] cpp -traditional-cpp -DLEGACY_MPI -DLEGACY_TIMER -DTIMING_ON -DRDEF_PRECISION=32 -DR_SOLVER_PRECISION=32 -DR_TRAN_PRECISION=32 -DR_BL_PRECISION=32 -DUSE_XIOS kernel/transport/common/vorticity_advection_kernel_mod.F90
[cpp] cpp -traditional-cpp -DLEGACY_MPI -DLEGACY_TIMER -DTIMING_ON -DRDEF_PRECISION=32 -DR_SOLVER_PRECISION=32 -DR_TRAN_PRECISION=32 -DR_BL_PRECISION=32 -DUSE_XIOS kernel/transport/common/w2_vorticity_advection_kernel_mod.F90
[cpp] cpp -traditional-cpp -DLEGACY_MPI -DLEGACY_TIMER -DTIMING_ON -DRDEF_PRECISION=32 -DR_SOLVER_PRECISION=32 -DR_TRAN_PRECISION=32 -DR_BL_PRECISION=32 -DUSE_XIOS kernel/transport/common/watkins_kernel_mod.F90
[cpp] cpp -traditional-cpp -DLEGACY_MPI -DLEGACY_TIMER -DTIMING_ON -DRDEF_PRECISION=32 -DR_SOLVER_PRECISION=32 -DR_TRAN_PRECISION=32 -DR_BL_PRECISION=32 -DUSE_XIOS kernel/transport/fem/rtheta_bd_kernel_mod.F90
[cpp] cpp -traditional-cpp -DLEGACY_MPI -DLEGACY_TIMER -DTIMING_ON -DRDEF_PRECISION=32 -DR_SOLVER_PRECISION=32 -DR_TRAN_PRECISION=32 -DR_BL_PRECISION=32 -DUSE_XIOS kernel/transport/fem/rtheta_kernel_mod.F90
[cpp] cpp -traditional-cpp -DLEGACY_MPI -DLEGACY_TIMER -DTIMING_ON -DRDEF_PRECISION=32 -DR_SOLVER_PRECISION=32 -DR_TRAN_PRECISION=32 -DR_BL_PRECISION=32 -DUSE_XIOS kernel/transport/ffsl/break_flux_kernel_mod.F90
[cpp] cpp -traditional-cpp -DLEGACY_MPI -DLEGACY_TIMER -DTIMING_ON -DRDEF_PRECISION=32 -DR_SOLVER_PRECISION=32 -DR_TRAN_PRECISION=32 -DR_BL_PRECISION=32 -DUSE_XIOS kernel/transport/ffsl/ffsl_advective_increment_kernel_mod.F90
[cpp] cpp -traditional-cpp -DLEGACY_MPI -DLEGACY_TIMER -DTIMING_ON -DRDEF_PRECISION=32 -DR_SOLVER_PRECISION=32 -DR_TRAN_PRECISION=32 -DR_BL_PRECISION=32 -DUSE_XIOS kernel/transport/ffsl/ffsl_flux_xy_kernel_mod.F90
[cpp] cpp -traditional-cpp -DLEGACY_MPI -DLEGACY_TIMER -DTIMING_ON -DRDEF_PRECISION=32 -DR_SOLVER_PRECISION=32 -DR_TRAN_PRECISION=32 -DR_BL_PRECISION=32 -DUSE_XIOS kernel/transport/ffsl/ffsl_flux_xy_panel_remap_kernel_mod.F90
[cpp] cpp -traditional-cpp -DLEGACY_MPI -DLEGACY_TIMER -DTIMING_ON -DRDEF_PRECISION=32 -DR_SOLVER_PRECISION=32 -DR_TRAN_PRECISION=32 -DR_BL_PRECISION=32 -DUSE_XIOS kernel/transport/ffsl/ffsl_flux_xy_special_edge_kernel_mod.F90
[cpp] cpp -traditional-cpp -DLEGACY_MPI -DLEGACY_TIMER -DTIMING_ON -DRDEF_PRECISION=32 -DR_SOLVER_PRECISION=32 -DR_TRAN_PRECISION=32 -DR_BL_PRECISION=32 -DUSE_XIOS kernel/transport/ffsl/ffsl_flux_xy_sphere_kernel_mod.F90
[cpp] cpp -traditional-cpp -DLEGACY_MPI -DLEGACY_TIMER -DTIMING_ON -DRDEF_PRECISION=32 -DR_SOLVER_PRECISION=32 -DR_TRAN_PRECISION=32 -DR_BL_PRECISION=32 -DUSE_XIOS kernel/transport/ffsl/ffsl_flux_z_constant_kernel_mod.F90
[cpp] cpp -traditional-cpp -DLEGACY_MPI -DLEGACY_TIMER -DTIMING_ON -DRDEF_PRECISION=32 -DR_SOLVER_PRECISION=32 -DR_TRAN_PRECISION=32 -DR_BL_PRECISION=32 -DUSE_XIOS kernel/transport/ffsl/ffsl_flux_z_nirvana_kernel_mod.F90
[cpp] cpp -traditional-cpp -DLEGACY_MPI -DLEGACY_TIMER -DTIMING_ON -DRDEF_PRECISION=32 -DR_SOLVER_PRECISION=32 -DR_TRAN_PRECISION=32 -DR_BL_PRECISION=32 -DUSE_XIOS kernel/transport/ffsl/ffsl_flux_z_ppm_kernel_mod.F90
[cpp] cpp -traditional-cpp -DLEGACY_MPI -DLEGACY_TIMER -DTIMING_ON -DRDEF_PRECISION=32 -DR_SOLVER_PRECISION=32 -DR_TRAN_PRECISION=32 -DR_BL_PRECISION=32 -DUSE_XIOS kernel/transport/ffsl/ffsl_flux_z_rev_nirvana_kernel_mod.F90
[cpp] cpp -traditional-cpp -DLEGACY_MPI -DLEGACY_TIMER -DTIMING_ON -DRDEF_PRECISION=32 -DR_SOLVER_PRECISION=32 -DR_TRAN_PRECISION=32 -DR_BL_PRECISION=32 -DUSE_XIOS kernel/transport/ffsl/ffsl_fourth_dldz_kernel_mod.F90
[cpp] cpp -traditional-cpp -DLEGACY_MPI -DLEGACY_TIMER -DTIMING_ON -DRDEF_PRECISION=32 -DR_SOLVER_PRECISION=32 -DR_TRAN_PRECISION=32 -DR_BL_PRECISION=32 -DUSE_XIOS kernel/transport/ffsl/ffsl_third_dldz_kernel_mod.F90
[cpp] cpp -traditional-cpp -DLEGACY_MPI -DLEGACY_TIMER -DTIMING_ON -DRDEF_PRECISION=32 -DR_SOLVER_PRECISION=32 -DR_TRAN_PRECISION=32 -DR_BL_PRECISION=32 -DUSE_XIOS kernel/transport/ffsl/ffsl_unify_flux_kernel_mod.F90
[cpp] cpp -traditional-cpp -DLEGACY_MPI -DLEGACY_TIMER -DTIMING_ON -DRDEF_PRECISION=32 -DR_SOLVER_PRECISION=32 -DR_TRAN_PRECISION=32 -DR_BL_PRECISION=32 -DUSE_XIOS kernel/transport/ffsl/fv_difference_2d_kernel_mod.F90
[cpp] cpp -traditional-cpp -DLEGACY_MPI -DLEGACY_TIMER -DTIMING_ON -DRDEF_PRECISION=32 -DR_SOLVER_PRECISION=32 -DR_TRAN_PRECISION=32 -DR_BL_PRECISION=32 -DUSE_XIOS kernel/transport/ffsl/fv_difference_3d_kernel_mod.F90
[cpp] cpp -traditional-cpp -DLEGACY_MPI -DLEGACY_TIMER -DTIMING_ON -DRDEF_PRECISION=32 -DR_SOLVER_PRECISION=32 -DR_TRAN_PRECISION=32 -DR_BL_PRECISION=32 -DUSE_XIOS kernel/transport/ffsl/fv_difference_x_kernel_mod.F90
[cpp] cpp -traditional-cpp -DLEGACY_MPI -DLEGACY_TIMER -DTIMING_ON -DRDEF_PRECISION=32 -DR_SOLVER_PRECISION=32 -DR_TRAN_PRECISION=32 -DR_BL_PRECISION=32 -DUSE_XIOS kernel/transport/ffsl/fv_difference_y_kernel_mod.F90
[cpp] cpp -traditional-cpp -DLEGACY_MPI -DLEGACY_TIMER -DTIMING_ON -DRDEF_PRECISION=32 -DR_SOLVER_PRECISION=32 -DR_TRAN_PRECISION=32 -DR_BL_PRECISION=32 -DUSE_XIOS kernel/transport/ffsl/fv_difference_z_kernel_mod.F90
[cpp] cpp -traditional-cpp -DLEGACY_MPI -DLEGACY_TIMER -DTIMING_ON -DRDEF_PRECISION=32 -DR_SOLVER_PRECISION=32 -DR_TRAN_PRECISION=32 -DR_BL_PRECISION=32 -DUSE_XIOS kernel/transport/ffsl/fv_divergence_2d_kernel_mod.F90
[cpp] cpp -traditional-cpp -DLEGACY_MPI -DLEGACY_TIMER -DTIMING_ON -DRDEF_PRECISION=32 -DR_SOLVER_PRECISION=32 -DR_TRAN_PRECISION=32 -DR_BL_PRECISION=32 -DUSE_XIOS kernel/transport/ffsl/fv_divergence_3d_kernel_mod.F90
[cpp] cpp -traditional-cpp -DLEGACY_MPI -DLEGACY_TIMER -DTIMING_ON -DRDEF_PRECISION=32 -DR_SOLVER_PRECISION=32 -DR_TRAN_PRECISION=32 -DR_BL_PRECISION=32 -DUSE_XIOS kernel/transport/ffsl/fv_divergence_x_kernel_mod.F90
[cpp] cpp -traditional-cpp -DLEGACY_MPI -DLEGACY_TIMER -DTIMING_ON -DRDEF_PRECISION=32 -DR_SOLVER_PRECISION=32 -DR_TRAN_PRECISION=32 -DR_BL_PRECISION=32 -DUSE_XIOS kernel/transport/ffsl/fv_divergence_y_kernel_mod.F90
[cpp] cpp -traditional-cpp -DLEGACY_MPI -DLEGACY_TIMER -DTIMING_ON -DRDEF_PRECISION=32 -DR_SOLVER_PRECISION=32 -DR_TRAN_PRECISION=32 -DR_BL_PRECISION=32 -DUSE_XIOS kernel/transport/ffsl/fv_divergence_z_kernel_mod.F90
[cpp] cpp -traditional-cpp -DLEGACY_MPI -DLEGACY_TIMER -DTIMING_ON -DRDEF_PRECISION=32 -DR_SOLVER_PRECISION=32 -DR_TRAN_PRECISION=32 -DR_BL_PRECISION=32 -DUSE_XIOS kernel/transport/ffsl/subgrid_common_support_mod.F90
[cpp] cpp -traditional-cpp -DLEGACY_MPI -DLEGACY_TIMER -DTIMING_ON -DRDEF_PRECISION=32 -DR_SOLVER_PRECISION=32 -DR_TRAN_PRECISION=32 -DR_BL_PRECISION=32 -DUSE_XIOS kernel/transport/ffsl/subgrid_horizontal_support_mod.F90
[cpp] cpp -traditional-cpp -DLEGACY_MPI -DLEGACY_TIMER -DTIMING_ON -DRDEF_PRECISION=32 -DR_SOLVER_PRECISION=32 -DR_TRAN_PRECISION=32 -DR_BL_PRECISION=32 -DUSE_XIOS kernel/transport/ffsl/subgrid_vertical_support_mod.F90
[cpp] cpp -traditional-cpp -DLEGACY_MPI -DLEGACY_TIMER -DTIMING_ON -DRDEF_PRECISION=32 -DR_SOLVER_PRECISION=32 -DR_TRAN_PRECISION=32 -DR_BL_PRECISION=32 -DUSE_XIOS kernel/transport/ffsl/swift_inner_update_kernel_mod.F90
[cpp] cpp -traditional-cpp -DLEGACY_MPI -DLEGACY_TIMER -DTIMING_ON -DRDEF_PRECISION=32 -DR_SOLVER_PRECISION=32 -DR_TRAN_PRECISION=32 -DR_BL_PRECISION=32 -DUSE_XIOS kernel/transport/ffsl/swift_outer_update_kernel_mod.F90
[cpp] cpp -traditional-cpp -DLEGACY_MPI -DLEGACY_TIMER -DTIMING_ON -DRDEF_PRECISION=32 -DR_SOLVER_PRECISION=32 -DR_TRAN_PRECISION=32 -DR_BL_PRECISION=32 -DUSE_XIOS kernel/transport/mol/consistent_wind_kernel_mod.F90
[cpp] cpp -traditional-cpp -DLEGACY_MPI -DLEGACY_TIMER -DTIMING_ON -DRDEF_PRECISION=32 -DR_SOLVER_PRECISION=32 -DR_TRAN_PRECISION=32 -DR_BL_PRECISION=32 -DUSE_XIOS kernel/transport/mol/horizontal_mass_flux_kernel_mod.F90
[cpp] cpp -traditional-cpp -DLEGACY_MPI -DLEGACY_TIMER -DTIMING_ON -DRDEF_PRECISION=32 -DR_SOLVER_PRECISION=32 -DR_TRAN_PRECISION=32 -DR_BL_PRECISION=32 -DUSE_XIOS kernel/transport/mol/koren_support_mod.F90
[cpp] cpp -traditional-cpp -DLEGACY_MPI -DLEGACY_TIMER -DTIMING_ON -DRDEF_PRECISION=32 -DR_SOLVER_PRECISION=32 -DR_TRAN_PRECISION=32 -DR_BL_PRECISION=32 -DUSE_XIOS kernel/transport/mol/poly1d_advective_coeffs_kernel_mod.F90
[cpp] cpp -traditional-cpp -DLEGACY_MPI -DLEGACY_TIMER -DTIMING_ON -DRDEF_PRECISION=32 -DR_SOLVER_PRECISION=32 -DR_TRAN_PRECISION=32 -DR_BL_PRECISION=32 -DUSE_XIOS kernel/transport/mol/poly1d_flux_coeffs_kernel_mod.F90
[cpp] cpp -traditional-cpp -DLEGACY_MPI -DLEGACY_TIMER -DTIMING_ON -DRDEF_PRECISION=32 -DR_SOLVER_PRECISION=32 -DR_TRAN_PRECISION=32 -DR_BL_PRECISION=32 -DUSE_XIOS kernel/transport/mol/poly1d_reconstruction_kernel_mod.F90
[cpp] cpp -traditional-cpp -DLEGACY_MPI -DLEGACY_TIMER -DTIMING_ON -DRDEF_PRECISION=32 -DR_SOLVER_PRECISION=32 -DR_TRAN_PRECISION=32 -DR_BL_PRECISION=32 -DUSE_XIOS kernel/transport/mol/poly1d_vert_adv_coeffs_kernel_mod.F90
[cpp] cpp -traditional-cpp -DLEGACY_MPI -DLEGACY_TIMER -DTIMING_ON -DRDEF_PRECISION=32 -DR_SOLVER_PRECISION=32 -DR_TRAN_PRECISION=32 -DR_BL_PRECISION=32 -DUSE_XIOS kernel/transport/mol/poly1d_vert_adv_kernel_mod.F90
[cpp] cpp -traditional-cpp -DLEGACY_MPI -DLEGACY_TIMER -DTIMING_ON -DRDEF_PRECISION=32 -DR_SOLVER_PRECISION=32 -DR_TRAN_PRECISION=32 -DR_BL_PRECISION=32 -DUSE_XIOS kernel/transport/mol/poly1d_vert_flux_coeffs_kernel_mod.F90
[cpp] cpp -traditional-cpp -DLEGACY_MPI -DLEGACY_TIMER -DTIMING_ON -DRDEF_PRECISION=32 -DR_SOLVER_PRECISION=32 -DR_TRAN_PRECISION=32 -DR_BL_PRECISION=32 -DUSE_XIOS kernel/transport/mol/poly1d_vert_w3_reconstruction_kernel_mod.F90
[cpp] cpp -traditional-cpp -DLEGACY_MPI -DLEGACY_TIMER -DTIMING_ON -DRDEF_PRECISION=32 -DR_SOLVER_PRECISION=32 -DR_TRAN_PRECISION=32 -DR_BL_PRECISION=32 -DUSE_XIOS kernel/transport/mol/poly2d_advective_coeffs_kernel_mod.F90
[cpp] cpp -traditional-cpp -DLEGACY_MPI -DLEGACY_TIMER -DTIMING_ON -DRDEF_PRECISION=32 -DR_SOLVER_PRECISION=32 -DR_TRAN_PRECISION=32 -DR_BL_PRECISION=32 -DUSE_XIOS kernel/transport/mol/poly2d_flux_coeffs_kernel_mod.F90
[cpp] cpp -traditional-cpp -DLEGACY_MPI -DLEGACY_TIMER -DTIMING_ON -DRDEF_PRECISION=32 -DR_SOLVER_PRECISION=32 -DR_TRAN_PRECISION=32 -DR_BL_PRECISION=32 -DUSE_XIOS kernel/transport/mol/poly2d_reconstruction_kernel_mod.F90
[cpp] cpp -traditional-cpp -DLEGACY_MPI -DLEGACY_TIMER -DTIMING_ON -DRDEF_PRECISION=32 -DR_SOLVER_PRECISION=32 -DR_TRAN_PRECISION=32 -DR_BL_PRECISION=32 -DUSE_XIOS kernel/transport/mol/poly_adv_update_kernel_mod.F90
[cpp] cpp -traditional-cpp -DLEGACY_MPI -DLEGACY_TIMER -DTIMING_ON -DRDEF_PRECISION=32 -DR_SOLVER_PRECISION=32 -DR_TRAN_PRECISION=32 -DR_BL_PRECISION=32 -DUSE_XIOS kernel/transport/mol/poly_helper_functions_mod.F90
[cpp] cpp -traditional-cpp -DLEGACY_MPI -DLEGACY_TIMER -DTIMING_ON -DRDEF_PRECISION=32 -DR_SOLVER_PRECISION=32 -DR_TRAN_PRECISION=32 -DR_BL_PRECISION=32 -DUSE_XIOS kernel/transport/mol/polyh_w3_koren_kernel_mod.F90
[cpp] cpp -traditional-cpp -DLEGACY_MPI -DLEGACY_TIMER -DTIMING_ON -DRDEF_PRECISION=32 -DR_SOLVER_PRECISION=32 -DR_TRAN_PRECISION=32 -DR_BL_PRECISION=32 -DUSE_XIOS kernel/transport/mol/polyh_wtheta_koren_kernel_mod.F90
[cpp] cpp -traditional-cpp -DLEGACY_MPI -DLEGACY_TIMER -DTIMING_ON -DRDEF_PRECISION=32 -DR_SOLVER_PRECISION=32 -DR_TRAN_PRECISION=32 -DR_BL_PRECISION=32 -DUSE_XIOS kernel/transport/mol/polyv_w3_koren_kernel_mod.F90
[cpp] cpp -traditional-cpp -DLEGACY_MPI -DLEGACY_TIMER -DTIMING_ON -DRDEF_PRECISION=32 -DR_SOLVER_PRECISION=32 -DR_TRAN_PRECISION=32 -DR_BL_PRECISION=32 -DUSE_XIOS kernel/transport/mol/polyv_wtheta_koren_kernel_mod.F90
[cpp] cpp -traditional-cpp -DLEGACY_MPI -DLEGACY_TIMER -DTIMING_ON -DRDEF_PRECISION=32 -DR_SOLVER_PRECISION=32 -DR_TRAN_PRECISION=32 -DR_BL_PRECISION=32 -DUSE_XIOS kernel/transport/mol/vertical_mass_flux_kernel_mod.F90
[cpp] cpp -traditional-cpp -DLEGACY_MPI -DLEGACY_TIMER -DTIMING_ON -DRDEF_PRECISION=32 -DR_SOLVER_PRECISION=32 -DR_TRAN_PRECISION=32 -DR_BL_PRECISION=32 -DUSE_XIOS kernel/transport/mol/w3h_advective_update_kernel_mod.F90
[cpp] cpp -traditional-cpp -DLEGACY_MPI -DLEGACY_TIMER -DTIMING_ON -DRDEF_PRECISION=32 -DR_SOLVER_PRECISION=32 -DR_TRAN_PRECISION=32 -DR_BL_PRECISION=32 -DUSE_XIOS kernel/transport/mol/w3v_advective_update_kernel_mod.F90
[cpp] cpp -traditional-cpp -DLEGACY_MPI -DLEGACY_TIMER -DTIMING_ON -DRDEF_PRECISION=32 -DR_SOLVER_PRECISION=32 -DR_TRAN_PRECISION=32 -DR_BL_PRECISION=32 -DUSE_XIOS kernel/transport/sl/compute_vertical_cubic_coef_kernel_mod.F90
[cpp] cpp -traditional-cpp -DLEGACY_MPI -DLEGACY_TIMER -DTIMING_ON -DRDEF_PRECISION=32 -DR_SOLVER_PRECISION=32 -DR_TRAN_PRECISION=32 -DR_BL_PRECISION=32 -DUSE_XIOS kernel/transport/sl/compute_vertical_linear_coef_kernel_mod.F90
[cpp] cpp -traditional-cpp -DLEGACY_MPI -DLEGACY_TIMER -DTIMING_ON -DRDEF_PRECISION=32 -DR_SOLVER_PRECISION=32 -DR_TRAN_PRECISION=32 -DR_BL_PRECISION=32 -DUSE_XIOS kernel/transport/sl/compute_vertical_quintic_coef_kernel_mod.F90
[cpp] cpp -traditional-cpp -DLEGACY_MPI -DLEGACY_TIMER -DTIMING_ON -DRDEF_PRECISION=32 -DR_SOLVER_PRECISION=32 -DR_TRAN_PRECISION=32 -DR_BL_PRECISION=32 -DUSE_XIOS kernel/transport/sl/horizontal_cubic_sl_kernel_mod.F90
[cpp] cpp -traditional-cpp -DLEGACY_MPI -DLEGACY_TIMER -DTIMING_ON -DRDEF_PRECISION=32 -DR_SOLVER_PRECISION=32 -DR_TRAN_PRECISION=32 -DR_BL_PRECISION=32 -DUSE_XIOS kernel/transport/sl/horizontal_cubic_sl_sphere_kernel_mod.F90
[cpp] cpp -traditional-cpp -DLEGACY_MPI -DLEGACY_TIMER -DTIMING_ON -DRDEF_PRECISION=32 -DR_SOLVER_PRECISION=32 -DR_TRAN_PRECISION=32 -DR_BL_PRECISION=32 -DUSE_XIOS kernel/transport/sl/horizontal_linear_sl_kernel_mod.F90
[cpp] cpp -traditional-cpp -DLEGACY_MPI -DLEGACY_TIMER -DTIMING_ON -DRDEF_PRECISION=32 -DR_SOLVER_PRECISION=32 -DR_TRAN_PRECISION=32 -DR_BL_PRECISION=32 -DUSE_XIOS kernel/transport/sl/sl_support_mod.F90
[cpp] cpp -traditional-cpp -DLEGACY_MPI -DLEGACY_TIMER -DTIMING_ON -DRDEF_PRECISION=32 -DR_SOLVER_PRECISION=32 -DR_TRAN_PRECISION=32 -DR_BL_PRECISION=32 -DUSE_XIOS kernel/transport/sl/vertical_mass_remapping_kernel_mod.F90
[cpp] cpp -traditional-cpp -DLEGACY_MPI -DLEGACY_TIMER -DTIMING_ON -DRDEF_PRECISION=32 -DR_SOLVER_PRECISION=32 -DR_TRAN_PRECISION=32 -DR_BL_PRECISION=32 -DUSE_XIOS kernel/transport/sl/vertical_cubic_sl_kernel_mod.F90
[cpp] cpp -traditional-cpp -DLEGACY_MPI -DLEGACY_TIMER -DTIMING_ON -DRDEF_PRECISION=32 -DR_SOLVER_PRECISION=32 -DR_TRAN_PRECISION=32 -DR_BL_PRECISION=32 -DUSE_XIOS kernel/transport/sl/vertical_quintic_sl_kernel_mod.F90
[cpp] cpp -traditional-cpp -DLEGACY_MPI -DLEGACY_TIMER -DTIMING_ON -DRDEF_PRECISION=32 -DR_SOLVER_PRECISION=32 -DR_TRAN_PRECISION=32 -DR_BL_PRECISION=32 -DUSE_XIOS psy/psykal_lite_mod.F90
[cpp] cpp -traditional-cpp -DLEGACY_MPI -DLEGACY_TIMER -DTIMING_ON -DRDEF_PRECISION=32 -DR_SOLVER_PRECISION=32 -DR_TRAN_PRECISION=32 -DR_BL_PRECISION=32 -DUSE_XIOS psy/psykal_lite_transport_mod.F90
[cpp] cpp -traditional-cpp -DLEGACY_MPI -DLEGACY_TIMER -DTIMING_ON -DRDEF_PRECISION=32 -DR_SOLVER_PRECISION=32 -DR_TRAN_PRECISION=32 -DR_BL_PRECISION=32 -DUSE_XIOS sci_constants_mod.F90
[cpp] cpp -traditional-cpp -DLEGACY_MPI -DLEGACY_TIMER -DTIMING_ON -DRDEF_PRECISION=32 -DR_SOLVER_PRECISION=32 -DR_TRAN_PRECISION=32 -DR_BL_PRECISION=32 -DUSE_XIOS inventory/id_abstract_pair_mod.F90
[cpp] cpp -traditional-cpp -DLEGACY_MPI -DLEGACY_TIMER -DTIMING_ON -DRDEF_PRECISION=32 -DR_SOLVER_PRECISION=32 -DR_TRAN_PRECISION=32 -DR_BL_PRECISION=32 -DUSE_XIOS inventory/id_integer_array_pair_mod.F90
[cpp] cpp -traditional-cpp -DLEGACY_MPI -DLEGACY_TIMER -DTIMING_ON -DRDEF_PRECISION=32 -DR_SOLVER_PRECISION=32 -DR_TRAN_PRECISION=32 -DR_BL_PRECISION=32 -DUSE_XIOS inventory/id_integer_field_array_pair_mod.F90
[cpp] cpp -traditional-cpp -DLEGACY_MPI -DLEGACY_TIMER -DTIMING_ON -DRDEF_PRECISION=32 -DR_SOLVER_PRECISION=32 -DR_TRAN_PRECISION=32 -DR_BL_PRECISION=32 -DUSE_XIOS inventory/id_integer_field_pair_mod.F90
[cpp] cpp -traditional-cpp -DLEGACY_MPI -DLEGACY_TIMER -DTIMING_ON -DRDEF_PRECISION=32 -DR_SOLVER_PRECISION=32 -DR_TRAN_PRECISION=32 -DR_BL_PRECISION=32 -DUSE_XIOS inventory/id_integer_pair_mod.F90
[cpp] cpp -traditional-cpp -DLEGACY_MPI -DLEGACY_TIMER -DTIMING_ON -DRDEF_PRECISION=32 -DR_SOLVER_PRECISION=32 -DR_TRAN_PRECISION=32 -DR_BL_PRECISION=32 -DUSE_XIOS inventory/id_logical_pair_mod.F90
[cpp] cpp -traditional-cpp -DLEGACY_MPI -DLEGACY_TIMER -DTIMING_ON -DRDEF_PRECISION=32 -DR_SOLVER_PRECISION=32 -DR_TRAN_PRECISION=32 -DR_BL_PRECISION=32 -DUSE_XIOS inventory/id_r32_field_array_pair_mod.F90
[cpp] cpp -traditional-cpp -DLEGACY_MPI -DLEGACY_TIMER -DTIMING_ON -DRDEF_PRECISION=32 -DR_SOLVER_PRECISION=32 -DR_TRAN_PRECISION=32 -DR_BL_PRECISION=32 -DUSE_XIOS inventory/id_r32_field_pair_mod.F90
[cpp] cpp -traditional-cpp -DLEGACY_MPI -DLEGACY_TIMER -DTIMING_ON -DRDEF_PRECISION=32 -DR_SOLVER_PRECISION=32 -DR_TRAN_PRECISION=32 -DR_BL_PRECISION=32 -DUSE_XIOS inventory/id_r32_operator_pair_mod.F90
[cpp] cpp -traditional-cpp -DLEGACY_MPI -DLEGACY_TIMER -DTIMING_ON -DRDEF_PRECISION=32 -DR_SOLVER_PRECISION=32 -DR_TRAN_PRECISION=32 -DR_BL_PRECISION=32 -DUSE_XIOS inventory/id_r64_field_array_pair_mod.F90
[cpp] cpp -traditional-cpp -DLEGACY_MPI -DLEGACY_TIMER -DTIMING_ON -DRDEF_PRECISION=32 -DR_SOLVER_PRECISION=32 -DR_TRAN_PRECISION=32 -DR_BL_PRECISION=32 -DUSE_XIOS inventory/id_r64_field_pair_mod.F90
[cpp] cpp -traditional-cpp -DLEGACY_MPI -DLEGACY_TIMER -DTIMING_ON -DRDEF_PRECISION=32 -DR_SOLVER_PRECISION=32 -DR_TRAN_PRECISION=32 -DR_BL_PRECISION=32 -DUSE_XIOS inventory/id_r64_operator_pair_mod.F90
[cpp] cpp -traditional-cpp -DLEGACY_MPI -DLEGACY_TIMER -DTIMING_ON -DRDEF_PRECISION=32 -DR_SOLVER_PRECISION=32 -DR_TRAN_PRECISION=32 -DR_BL_PRECISION=32 -DUSE_XIOS inventory/id_real32_pair_mod.F90
[cpp] cpp -traditional-cpp -DLEGACY_MPI -DLEGACY_TIMER -DTIMING_ON -DRDEF_PRECISION=32 -DR_SOLVER_PRECISION=32 -DR_TRAN_PRECISION=32 -DR_BL_PRECISION=32 -DUSE_XIOS inventory/id_real64_pair_mod.F90
[cpp] cpp -traditional-cpp -DLEGACY_MPI -DLEGACY_TIMER -DTIMING_ON -DRDEF_PRECISION=32 -DR_SOLVER_PRECISION=32 -DR_TRAN_PRECISION=32 -DR_BL_PRECISION=32 -DUSE_XIOS lfric_xios_diag_mod.F90
[cpp] cpp -traditional-cpp -DLEGACY_MPI -DLEGACY_TIMER -DTIMING_ON -DRDEF_PRECISION=32 -DR_SOLVER_PRECISION=32 -DR_TRAN_PRECISION=32 -DR_BL_PRECISION=32 -DUSE_XIOS lfric_xios_metafile_mod.F90
[cpp] cpp -traditional-cpp -DLEGACY_MPI -DLEGACY_TIMER -DTIMING_ON -DRDEF_PRECISION=32 -DR_SOLVER_PRECISION=32 -DR_TRAN_PRECISION=32 -DR_BL_PRECISION=32 -DUSE_XIOS lfric_xios_read_mod.F90
[cpp] cpp -traditional-cpp -DLEGACY_MPI -DLEGACY_TIMER -DTIMING_ON -DRDEF_PRECISION=32 -DR_SOLVER_PRECISION=32 -DR_TRAN_PRECISION=32 -DR_BL_PRECISION=32 -DUSE_XIOS lfric_xios_write_mod.F90
[cpp] cpp -traditional-cpp -DLEGACY_MPI -DLEGACY_TIMER -DTIMING_ON -DRDEF_PRECISION=32 -DR_SOLVER_PRECISION=32 -DR_TRAN_PRECISION=32 -DR_BL_PRECISION=32 -DUSE_XIOS diagnostics/diagnostics_calc_mod.F90
[cpp] cpp -traditional-cpp -DLEGACY_MPI -DLEGACY_TIMER -DTIMING_ON -DRDEF_PRECISION=32 -DR_SOLVER_PRECISION=32 -DR_TRAN_PRECISION=32 -DR_BL_PRECISION=32 -DUSE_XIOS diagnostics/initialise_diagnostics_mod.F90
[cpp] cpp -traditional-cpp -DLEGACY_MPI -DLEGACY_TIMER -DTIMING_ON -DRDEF_PRECISION=32 -DR_SOLVER_PRECISION=32 -DR_TRAN_PRECISION=32 -DR_BL_PRECISION=32 -DUSE_XIOS diagnostics/minmax_tseries_mod.F90
[cpp] cpp -traditional-cpp -DLEGACY_MPI -DLEGACY_TIMER -DTIMING_ON -DRDEF_PRECISION=32 -DR_SOLVER_PRECISION=32 -DR_TRAN_PRECISION=32 -DR_BL_PRECISION=32 -DUSE_XIOS driver/constants/driver_water_constants_mod.F90
[cpp] cpp -traditional-cpp -DLEGACY_MPI -DLEGACY_TIMER -DTIMING_ON -DRDEF_PRECISION=32 -DR_SOLVER_PRECISION=32 -DR_TRAN_PRECISION=32 -DR_BL_PRECISION=32 -DUSE_XIOS driver/create_gungho_prognostics_mod.F90
[cpp] cpp -traditional-cpp -DLEGACY_MPI -DLEGACY_TIMER -DTIMING_ON -DRDEF_PRECISION=32 -DR_SOLVER_PRECISION=32 -DR_TRAN_PRECISION=32 -DR_BL_PRECISION=32 -DUSE_XIOS driver/create_iau_fields_mod.F90
[cpp] cpp -traditional-cpp -DLEGACY_MPI -DLEGACY_TIMER -DTIMING_ON -DRDEF_PRECISION=32 -DR_SOLVER_PRECISION=32 -DR_TRAN_PRECISION=32 -DR_BL_PRECISION=32 -DUSE_XIOS driver/create_physics_prognostics_mod.F90
[cpp] cpp -traditional-cpp -DLEGACY_MPI -DLEGACY_TIMER -DTIMING_ON -DRDEF_PRECISION=32 -DR_SOLVER_PRECISION=32 -DR_TRAN_PRECISION=32 -DR_BL_PRECISION=32 -DUSE_XIOS driver/field_from_metadata_mod.F90
[cpp] cpp -traditional-cpp -DLEGACY_MPI -DLEGACY_TIMER -DTIMING_ON -DRDEF_PRECISION=32 -DR_SOLVER_PRECISION=32 -DR_TRAN_PRECISION=32 -DR_BL_PRECISION=32 -DUSE_XIOS driver/field_maker_mod.F90
[cpp] cpp -traditional-cpp -DLEGACY_MPI -DLEGACY_TIMER -DTIMING_ON -DRDEF_PRECISION=32 -DR_SOLVER_PRECISION=32 -DR_TRAN_PRECISION=32 -DR_BL_PRECISION=32 -DUSE_XIOS driver/field_mapper_mod.F90
[cpp] cpp -traditional-cpp -DLEGACY_MPI -DLEGACY_TIMER -DTIMING_ON -DRDEF_PRECISION=32 -DR_SOLVER_PRECISION=32 -DR_TRAN_PRECISION=32 -DR_BL_PRECISION=32 -DUSE_XIOS driver/field_spec_mod.F90
[cpp] cpp -traditional-cpp -DLEGACY_MPI -DLEGACY_TIMER -DTIMING_ON -DRDEF_PRECISION=32 -DR_SOLVER_PRECISION=32 -DR_TRAN_PRECISION=32 -DR_BL_PRECISION=32 -DUSE_XIOS driver/gungho_diagnostics_driver_mod.F90
[cpp] cpp -traditional-cpp -DLEGACY_MPI -DLEGACY_TIMER -DTIMING_ON -DRDEF_PRECISION=32 -DR_SOLVER_PRECISION=32 -DR_TRAN_PRECISION=32 -DR_BL_PRECISION=32 -DUSE_XIOS driver/gungho_driver_mod.F90
[cpp] cpp -traditional-cpp -DLEGACY_MPI -DLEGACY_TIMER -DTIMING_ON -DRDEF_PRECISION=32 -DR_SOLVER_PRECISION=32 -DR_TRAN_PRECISION=32 -DR_BL_PRECISION=32 -DUSE_XIOS driver/gungho_model_mod.F90
[cpp] cpp -traditional-cpp -DLEGACY_MPI -DLEGACY_TIMER -DTIMING_ON -DRDEF_PRECISION=32 -DR_SOLVER_PRECISION=32 -DR_TRAN_PRECISION=32 -DR_BL_PRECISION=32 -DUSE_XIOS driver/gungho_setup_io_mod.F90
[cpp] cpp -traditional-cpp -DLEGACY_MPI -DLEGACY_TIMER -DTIMING_ON -DRDEF_PRECISION=32 -DR_SOLVER_PRECISION=32 -DR_TRAN_PRECISION=32 -DR_BL_PRECISION=32 -DUSE_XIOS driver/iau_multifile_io/iau_firstfile_io_mod.F90
[cpp] cpp -traditional-cpp -DLEGACY_MPI -DLEGACY_TIMER -DTIMING_ON -DRDEF_PRECISION=32 -DR_SOLVER_PRECISION=32 -DR_TRAN_PRECISION=32 -DR_BL_PRECISION=32 -DUSE_XIOS driver/iau_multifile_io/iau_multifile_io_mod.F90
[cpp] cpp -traditional-cpp -DLEGACY_MPI -DLEGACY_TIMER -DTIMING_ON -DRDEF_PRECISION=32 -DR_SOLVER_PRECISION=32 -DR_TRAN_PRECISION=32 -DR_BL_PRECISION=32 -DUSE_XIOS driver/iau_time_control_mod.F90
[cpp] cpp -traditional-cpp -DLEGACY_MPI -DLEGACY_TIMER -DTIMING_ON -DRDEF_PRECISION=32 -DR_SOLVER_PRECISION=32 -DR_TRAN_PRECISION=32 -DR_BL_PRECISION=32 -DUSE_XIOS driver/initial_output_mod.F90
[cpp] cpp -traditional-cpp -DLEGACY_MPI -DLEGACY_TIMER -DTIMING_ON -DRDEF_PRECISION=32 -DR_SOLVER_PRECISION=32 -DR_TRAN_PRECISION=32 -DR_BL_PRECISION=32 -DUSE_XIOS initialisation/analytic_density_profiles_mod.F90
[cpp] cpp -traditional-cpp -DLEGACY_MPI -DLEGACY_TIMER -DTIMING_ON -DRDEF_PRECISION=32 -DR_SOLVER_PRECISION=32 -DR_TRAN_PRECISION=32 -DR_BL_PRECISION=32 -DUSE_XIOS initialisation/analytic_moisture_profiles_mod.F90
[cpp] cpp -traditional-cpp -DLEGACY_MPI -DLEGACY_TIMER -DTIMING_ON -DRDEF_PRECISION=32 -DR_SOLVER_PRECISION=32 -DR_TRAN_PRECISION=32 -DR_BL_PRECISION=32 -DUSE_XIOS initialisation/analytic_pressure_profiles_mod.F90
[cpp] cpp -traditional-cpp -DLEGACY_MPI -DLEGACY_TIMER -DTIMING_ON -DRDEF_PRECISION=32 -DR_SOLVER_PRECISION=32 -DR_TRAN_PRECISION=32 -DR_BL_PRECISION=32 -DUSE_XIOS initialisation/analytic_streamfunction_profiles_mod.F90
[cpp] cpp -traditional-cpp -DLEGACY_MPI -DLEGACY_TIMER -DTIMING_ON -DRDEF_PRECISION=32 -DR_SOLVER_PRECISION=32 -DR_TRAN_PRECISION=32 -DR_BL_PRECISION=32 -DUSE_XIOS initialisation/analytic_temperature_profiles_mod.F90
[cpp] cpp -traditional-cpp -DLEGACY_MPI -DLEGACY_TIMER -DTIMING_ON -DRDEF_PRECISION=32 -DR_SOLVER_PRECISION=32 -DR_TRAN_PRECISION=32 -DR_BL_PRECISION=32 -DUSE_XIOS initialisation/analytic_wind_profiles_mod.F90
[cpp] cpp -traditional-cpp -DLEGACY_MPI -DLEGACY_TIMER -DTIMING_ON -DRDEF_PRECISION=32 -DR_SOLVER_PRECISION=32 -DR_TRAN_PRECISION=32 -DR_BL_PRECISION=32 -DUSE_XIOS initialisation/deep_baroclinic_wave_mod.F90
[cpp] cpp -traditional-cpp -DLEGACY_MPI -DLEGACY_TIMER -DTIMING_ON -DRDEF_PRECISION=32 -DR_SOLVER_PRECISION=32 -DR_TRAN_PRECISION=32 -DR_BL_PRECISION=32 -DUSE_XIOS initialisation/runge_kutta_init_mod.F90
[cpp] cpp -traditional-cpp -DLEGACY_MPI -DLEGACY_TIMER -DTIMING_ON -DRDEF_PRECISION=32 -DR_SOLVER_PRECISION=32 -DR_TRAN_PRECISION=32 -DR_BL_PRECISION=32 -DUSE_XIOS orography/agnesi_orography_cartesian_mod.F90
[cpp] cpp -traditional-cpp -DLEGACY_MPI -DLEGACY_TIMER -DTIMING_ON -DRDEF_PRECISION=32 -DR_SOLVER_PRECISION=32 -DR_TRAN_PRECISION=32 -DR_BL_PRECISION=32 -DUSE_XIOS orography/agnesi_orography_spherical_mod.F90
[cpp] cpp -traditional-cpp -DLEGACY_MPI -DLEGACY_TIMER -DTIMING_ON -DRDEF_PRECISION=32 -DR_SOLVER_PRECISION=32 -DR_TRAN_PRECISION=32 -DR_BL_PRECISION=32 -DUSE_XIOS orography/analytic_orography_mod.F90
[cpp] cpp -traditional-cpp -DLEGACY_MPI -DLEGACY_TIMER -DTIMING_ON -DRDEF_PRECISION=32 -DR_SOLVER_PRECISION=32 -DR_TRAN_PRECISION=32 -DR_BL_PRECISION=32 -DUSE_XIOS orography/assign_orography_field_mod.F90
[cpp] cpp -traditional-cpp -DLEGACY_MPI -DLEGACY_TIMER -DTIMING_ON -DRDEF_PRECISION=32 -DR_SOLVER_PRECISION=32 -DR_TRAN_PRECISION=32 -DR_BL_PRECISION=32 -DUSE_XIOS orography/bell_orography_cartesian_mod.F90
[cpp] cpp -traditional-cpp -DLEGACY_MPI -DLEGACY_TIMER -DTIMING_ON -DRDEF_PRECISION=32 -DR_SOLVER_PRECISION=32 -DR_TRAN_PRECISION=32 -DR_BL_PRECISION=32 -DUSE_XIOS orography/bell_orography_spherical_mod.F90
[cpp] cpp -traditional-cpp -DLEGACY_MPI -DLEGACY_TIMER -DTIMING_ON -DRDEF_PRECISION=32 -DR_SOLVER_PRECISION=32 -DR_TRAN_PRECISION=32 -DR_BL_PRECISION=32 -DUSE_XIOS orography/dcmip200_orography_spherical_mod.F90
[cpp] cpp -traditional-cpp -DLEGACY_MPI -DLEGACY_TIMER -DTIMING_ON -DRDEF_PRECISION=32 -DR_SOLVER_PRECISION=32 -DR_TRAN_PRECISION=32 -DR_BL_PRECISION=32 -DUSE_XIOS orography/orography_helper_functions_mod.F90
[cpp] cpp -traditional-cpp -DLEGACY_MPI -DLEGACY_TIMER -DTIMING_ON -DRDEF_PRECISION=32 -DR_SOLVER_PRECISION=32 -DR_TRAN_PRECISION=32 -DR_BL_PRECISION=32 -DUSE_XIOS orography/schar_orography_cartesian_mod.F90
[cpp] cpp -traditional-cpp -DLEGACY_MPI -DLEGACY_TIMER -DTIMING_ON -DRDEF_PRECISION=32 -DR_SOLVER_PRECISION=32 -DR_TRAN_PRECISION=32 -DR_BL_PRECISION=32 -DUSE_XIOS orography/schar_orography_spherical_mod.F90
[cpp] cpp -traditional-cpp -DLEGACY_MPI -DLEGACY_TIMER -DTIMING_ON -DRDEF_PRECISION=32 -DR_SOLVER_PRECISION=32 -DR_TRAN_PRECISION=32 -DR_BL_PRECISION=32 -DUSE_XIOS physics/multidata_field_dimensions_mod.F90
[cpp] cpp -traditional-cpp -DLEGACY_MPI -DLEGACY_TIMER -DTIMING_ON -DRDEF_PRECISION=32 -DR_SOLVER_PRECISION=32 -DR_TRAN_PRECISION=32 -DR_BL_PRECISION=32 -DUSE_XIOS physics/time_dimensions_mod.F90
[cpp] cpp -traditional-cpp -DLEGACY_MPI -DLEGACY_TIMER -DTIMING_ON -DRDEF_PRECISION=32 -DR_SOLVER_PRECISION=32 -DR_TRAN_PRECISION=32 -DR_BL_PRECISION=32 -DUSE_XIOS constants/science_chemistry_constants_mod.F90
[cpp] cpp -traditional-cpp -DLEGACY_MPI -DLEGACY_TIMER -DTIMING_ON -DRDEF_PRECISION=32 -DR_SOLVER_PRECISION=32 -DR_TRAN_PRECISION=32 -DR_BL_PRECISION=32 -DUSE_XIOS constants/science_conversions_mod.F90
[cpp] cpp -traditional-cpp -DLEGACY_MPI -DLEGACY_TIMER -DTIMING_ON -DRDEF_PRECISION=32 -DR_SOLVER_PRECISION=32 -DR_TRAN_PRECISION=32 -DR_BL_PRECISION=32 -DUSE_XIOS constants/science_rel_mol_mass_mod.F90
[cpp] cpp -traditional-cpp -DLEGACY_MPI -DLEGACY_TIMER -DTIMING_ON -DRDEF_PRECISION=32 -DR_SOLVER_PRECISION=32 -DR_TRAN_PRECISION=32 -DR_BL_PRECISION=32 -DUSE_XIOS vector_space/space_from_metadata_mod.F90
[vcheck] ftn 
[cc] ftn -I/mnt/lustre/e1000/home/z19/z19/lparisi/nfs-testing/environments/benchmarks/opt/linux-rhel9-zen5/gcc-14.2/pfunit-4.12.0-mmtcyvubeu4pxjj5wnfcyz4lbatpghmw/PFUNIT-4.12/include -I/mnt/lustre/e1000/home/z19/z19/lparisi/nfs-testing/environments/benchmarks/opt/linux-rhel9-zen5/gcc-14.2/shumlib-13.0-s2o3dzmwn456wxjsj6jztzd4c5pdctms/include -I/mnt/lustre/e1000/home/z19/z19/lparisi/nfs-testing/environments/benchmarks/opt/linux-rhel9-zen5/gcc-14.2/yaxt-0.11.3-algx2ie6ibanzuhi6k7szojlr2bcetau/include -I/mnt/lustre/e1000/home/z19/z19/lparisi/nfs-testing/environments/benchmarks/opt/linux-rhel9-zen5/gcc-14.2/fargparse-1.9.0-pxhk5m5qndtahdqscaiz2t2s7bnlajcm/FARGPARSE-1.9/include -I/mnt/lustre/e1000/home/z19/z19/lparisi/nfs-testing/environments/benchmarks/opt/linux-rhel9-zen5/gcc-14.2/gftl-shared-1.10.0-xl3tnp2so4qxp5ranh4shjrz7rch22ro/GFTL_SHARED-1.10/include -ffree-line-length-none -fallow-argument-mismatch -fopenmp -g -Wall -Werror=conversion -Werror=unused-variable -Werror=character-truncation -Werror=unused-value -Werror=tabs -Og -std=f2008 -Jmod -Imod -Ifield -Ioperator -Iscalar -IPSYKE -Iconfiguration -Ifunction_space -Ifunction_space/dofmap -Iio -Ikernel_metadata -Ikey_value -Imesh -Iquadrature -Itime -Iutilities -Ialgorithm -Ialgorithm/solver -Ialgorithm/runtime_constants -Ialgorithm/timestepping -Ialgorithm/transport -Ialgorithm/transport/common -Ialgorithm/transport/control -Ialgorithm/transport/ffsl -Ialgorithm/transport/mol -Ialgorithm/transport/sl -Ialgorithm/initialisation -Ialgorithm/physics -Ialgorithm/core_dynamics -Ialgorithm/diagnostics -Ialgorithm/diffusion -Ialgorithm/interpolation -Ialgorithm/limited_area -Ikernel -Ikernel/algebra -Ikernel/columnwise_operators -Ikernel/fem -Ikernel/geometry -Ikernel/inter_element_order -Ikernel/inter_function_space -Ikernel/inter_mesh -Ikernel/solver -Ikernel/core_dynamics -Ikernel/diagnostics -Ikernel/diffusion -Ikernel/external_forcing -Ikernel/initialisation -Ikernel/limited_area -Ikernel/transport -Ikernel/transport/common -Ikernel/transport/fem -Ikernel/transport/ffsl -Ikernel/transport/mol -Ikernel/transport/sl -Ipsy -Isolver -Iinventory -Idiagnostics -Idriver -Idriver/constants -Idriver/iau_multifile_io -Iinitialisation -Iorography -Iphysics -Iconstants -Ivector_space -c -o utilities/cli_mod.o utilities/cli_mod.f90 -I/opt/cray/pe/mpich/8.1.32/ofi/gnu/11.2/include -I/opt/cray/pe/mpich/8.1.32/ofi/gnu/11.2/include
[cc] ftn -I/mnt/lustre/e1000/home/z19/z19/lparisi/nfs-testing/environments/benchmarks/opt/linux-rhel9-zen5/gcc-14.2/pfunit-4.12.0-mmtcyvubeu4pxjj5wnfcyz4lbatpghmw/PFUNIT-4.12/include -I/mnt/lustre/e1000/home/z19/z19/lparisi/nfs-testing/environments/benchmarks/opt/linux-rhel9-zen5/gcc-14.2/shumlib-13.0-s2o3dzmwn456wxjsj6jztzd4c5pdctms/include -I/mnt/lustre/e1000/home/z19/z19/lparisi/nfs-testing/environments/benchmarks/opt/linux-rhel9-zen5/gcc-14.2/yaxt-0.11.3-algx2ie6ibanzuhi6k7szojlr2bcetau/include -I/mnt/lustre/e1000/home/z19/z19/lparisi/nfs-testing/environments/benchmarks/opt/linux-rhel9-zen5/gcc-14.2/fargparse-1.9.0-pxhk5m5qndtahdqscaiz2t2s7bnlajcm/FARGPARSE-1.9/include -I/mnt/lustre/e1000/home/z19/z19/lparisi/nfs-testing/environments/benchmarks/opt/linux-rhel9-zen5/gcc-14.2/gftl-shared-1.10.0-xl3tnp2so4qxp5ranh4shjrz7rch22ro/GFTL_SHARED-1.10/include -ffree-line-length-none -fallow-argument-mismatch -fopenmp -g -Wall -Werror=conversion -Werror=unused-variable -Werror=character-truncation -Werror=unused-value -Werror=tabs -Og -std=f2008 -Jmod -Imod -Ifield -Ioperator -Iscalar -IPSYKE -Iconfiguration -Ifunction_space -Ifunction_space/dofmap -Iio -Ikernel_metadata -Ikey_value -Imesh -Iquadrature -Itime -Iutilities -Ialgorithm -Ialgorithm/solver -Ialgorithm/runtime_constants -Ialgorithm/timestepping -Ialgorithm/transport -Ialgorithm/transport/common -Ialgorithm/transport/control -Ialgorithm/transport/ffsl -Ialgorithm/transport/mol -Ialgorithm/transport/sl -Ialgorithm/initialisation -Ialgorithm/physics -Ialgorithm/core_dynamics -Ialgorithm/diagnostics -Ialgorithm/diffusion -Ialgorithm/interpolation -Ialgorithm/limited_area -Ikernel -Ikernel/algebra -Ikernel/columnwise_operators -Ikernel/fem -Ikernel/geometry -Ikernel/inter_element_order -Ikernel/inter_function_space -Ikernel/inter_mesh -Ikernel/solver -Ikernel/core_dynamics -Ikernel/diagnostics -Ikernel/diffusion -Ikernel/external_forcing -Ikernel/initialisation -Ikernel/limited_area -Ikernel/transport -Ikernel/transport/common -Ikernel/transport/fem -Ikernel/transport/ffsl -Ikernel/transport/mol -Ikernel/transport/sl -Ipsy -Isolver -Iinventory -Idiagnostics -Idriver -Idriver/constants -Idriver/iau_multifile_io -Iinitialisation -Iorography -Iphysics -Iconstants -Ivector_space -c -o utilities/signalling_value_mod.o utilities/signalling_value_mod.f90 -I/opt/cray/pe/mpich/8.1.32/ofi/gnu/11.2/include -I/opt/cray/pe/mpich/8.1.32/ofi/gnu/11.2/include
[cc] ftn -I/mnt/lustre/e1000/home/z19/z19/lparisi/nfs-testing/environments/benchmarks/opt/linux-rhel9-zen5/gcc-14.2/pfunit-4.12.0-mmtcyvubeu4pxjj5wnfcyz4lbatpghmw/PFUNIT-4.12/include -I/mnt/lustre/e1000/home/z19/z19/lparisi/nfs-testing/environments/benchmarks/opt/linux-rhel9-zen5/gcc-14.2/shumlib-13.0-s2o3dzmwn456wxjsj6jztzd4c5pdctms/include -I/mnt/lustre/e1000/home/z19/z19/lparisi/nfs-testing/environments/benchmarks/opt/linux-rhel9-zen5/gcc-14.2/yaxt-0.11.3-algx2ie6ibanzuhi6k7szojlr2bcetau/include -I/mnt/lustre/e1000/home/z19/z19/lparisi/nfs-testing/environments/benchmarks/opt/linux-rhel9-zen5/gcc-14.2/fargparse-1.9.0-pxhk5m5qndtahdqscaiz2t2s7bnlajcm/FARGPARSE-1.9/include -I/mnt/lustre/e1000/home/z19/z19/lparisi/nfs-testing/environments/benchmarks/opt/linux-rhel9-zen5/gcc-14.2/gftl-shared-1.10.0-xl3tnp2so4qxp5ranh4shjrz7rch22ro/GFTL_SHARED-1.10/include -ffree-line-length-none -fallow-argument-mismatch -fopenmp -g -Wall -Werror=conversion -Werror=unused-variable -Werror=character-truncation -Werror=unused-value -Werror=tabs -Og -std=f2008 -Jmod -Imod -Ifield -Ioperator -Iscalar -IPSYKE -Iconfiguration -Ifunction_space -Ifunction_space/dofmap -Iio -Ikernel_metadata -Ikey_value -Imesh -Iquadrature -Itime -Iutilities -Ialgorithm -Ialgorithm/solver -Ialgorithm/runtime_constants -Ialgorithm/timestepping -Ialgorithm/transport -Ialgorithm/transport/common -Ialgorithm/transport/control -Ialgorithm/transport/ffsl -Ialgorithm/transport/mol -Ialgorithm/transport/sl -Ialgorithm/initialisation -Ialgorithm/physics -Ialgorithm/core_dynamics -Ialgorithm/diagnostics -Ialgorithm/diffusion -Ialgorithm/interpolation -Ialgorithm/limited_area -Ikernel -Ikernel/algebra -Ikernel/columnwise_operators -Ikernel/fem -Ikernel/geometry -Ikernel/inter_element_order -Ikernel/inter_function_space -Ikernel/inter_mesh -Ikernel/solver -Ikernel/core_dynamics -Ikernel/diagnostics -Ikernel/diffusion -Ikernel/external_forcing -Ikernel/initialisation -Ikernel/limited_area -Ikernel/transport -Ikernel/transport/common -Ikernel/transport/fem -Ikernel/transport/ffsl -Ikernel/transport/mol -Ikernel/transport/sl -Ipsy -Isolver -Iinventory -Idiagnostics -Idriver -Idriver/constants -Idriver/iau_multifile_io -Iinitialisation -Iorography -Iphysics -Iconstants -Ivector_space -c -o driver/gungho_mod.o driver/gungho_mod.f90 -I/opt/cray/pe/mpich/8.1.32/ofi/gnu/11.2/include -I/opt/cray/pe/mpich/8.1.32/ofi/gnu/11.2/include
[cc] ftn -I/mnt/lustre/e1000/home/z19/z19/lparisi/nfs-testing/environments/benchmarks/opt/linux-rhel9-zen5/gcc-14.2/pfunit-4.12.0-mmtcyvubeu4pxjj5wnfcyz4lbatpghmw/PFUNIT-4.12/include -I/mnt/lustre/e1000/home/z19/z19/lparisi/nfs-testing/environments/benchmarks/opt/linux-rhel9-zen5/gcc-14.2/shumlib-13.0-s2o3dzmwn456wxjsj6jztzd4c5pdctms/include -I/mnt/lustre/e1000/home/z19/z19/lparisi/nfs-testing/environments/benchmarks/opt/linux-rhel9-zen5/gcc-14.2/yaxt-0.11.3-algx2ie6ibanzuhi6k7szojlr2bcetau/include -I/mnt/lustre/e1000/home/z19/z19/lparisi/nfs-testing/environments/benchmarks/opt/linux-rhel9-zen5/gcc-14.2/fargparse-1.9.0-pxhk5m5qndtahdqscaiz2t2s7bnlajcm/FARGPARSE-1.9/include -I/mnt/lustre/e1000/home/z19/z19/lparisi/nfs-testing/environments/benchmarks/opt/linux-rhel9-zen5/gcc-14.2/gftl-shared-1.10.0-xl3tnp2so4qxp5ranh4shjrz7rch22ro/GFTL_SHARED-1.10/include -ffree-line-length-none -fallow-argument-mismatch -fopenmp -g -Wall -Werror=conversion -Werror=unused-variable -Werror=character-truncation -Werror=unused-value -Werror=tabs -Og -std=f2008 -Jmod -Imod -Ifield -Ioperator -Iscalar -IPSYKE -Iconfiguration -Ifunction_space -Ifunction_space/dofmap -Iio -Ikernel_metadata -Ikey_value -Imesh -Iquadrature -Itime -Iutilities -Ialgorithm -Ialgorithm/solver -Ialgorithm/runtime_constants -Ialgorithm/timestepping -Ialgorithm/transport -Ialgorithm/transport/common -Ialgorithm/transport/control -Ialgorithm/transport/ffsl -Ialgorithm/transport/mol -Ialgorithm/transport/sl -Ialgorithm/initialisation -Ialgorithm/physics -Ialgorithm/core_dynamics -Ialgorithm/diagnostics -Ialgorithm/diffusion -Ialgorithm/interpolation -Ialgorithm/limited_area -Ikernel -Ikernel/algebra -Ikernel/columnwise_operators -Ikernel/fem -Ikernel/geometry -Ikernel/inter_element_order -Ikernel/inter_function_space -Ikernel/inter_mesh -Ikernel/solver -Ikernel/core_dynamics -Ikernel/diagnostics -Ikernel/diffusion -Ikernel/external_forcing -Ikernel/initialisation -Ikernel/limited_area -Ikernel/transport -Ikernel/transport/common -Ikernel/transport/fem -Ikernel/transport/ffsl -Ikernel/transport/mol -Ikernel/transport/sl -Ipsy -Isolver -Iinventory -Idiagnostics -Idriver -Idriver/constants -Idriver/iau_multifile_io -Iinitialisation -Iorography -Iphysics -Iconstants -Ivector_space -DLEGACY_MPI -DLEGACY_TIMER -DTIMING_ON -DRDEF_PRECISION=32 -DR_SOLVER_PRECISION=32 -DR_TRAN_PRECISION=32 -DR_BL_PRECISION=32 -DUSE_XIOS -c -o utilities/lfric_abort_mod.o utilities/lfric_abort_mod.F90 -I/opt/cray/pe/mpich/8.1.32/ofi/gnu/11.2/include -I/opt/cray/pe/mpich/8.1.32/ofi/gnu/11.2/include
[cc] ftn -I/mnt/lustre/e1000/home/z19/z19/lparisi/nfs-testing/environments/benchmarks/opt/linux-rhel9-zen5/gcc-14.2/pfunit-4.12.0-mmtcyvubeu4pxjj5wnfcyz4lbatpghmw/PFUNIT-4.12/include -I/mnt/lustre/e1000/home/z19/z19/lparisi/nfs-testing/environments/benchmarks/opt/linux-rhel9-zen5/gcc-14.2/shumlib-13.0-s2o3dzmwn456wxjsj6jztzd4c5pdctms/include -I/mnt/lustre/e1000/home/z19/z19/lparisi/nfs-testing/environments/benchmarks/opt/linux-rhel9-zen5/gcc-14.2/yaxt-0.11.3-algx2ie6ibanzuhi6k7szojlr2bcetau/include -I/mnt/lustre/e1000/home/z19/z19/lparisi/nfs-testing/environments/benchmarks/opt/linux-rhel9-zen5/gcc-14.2/fargparse-1.9.0-pxhk5m5qndtahdqscaiz2t2s7bnlajcm/FARGPARSE-1.9/include -I/mnt/lustre/e1000/home/z19/z19/lparisi/nfs-testing/environments/benchmarks/opt/linux-rhel9-zen5/gcc-14.2/gftl-shared-1.10.0-xl3tnp2so4qxp5ranh4shjrz7rch22ro/GFTL_SHARED-1.10/include -ffree-line-length-none -fallow-argument-mismatch -fopenmp -g -Wall -Werror=conversion -Werror=unused-variable -Werror=character-truncation -Werror=unused-value -Werror=tabs -Og -std=f2008 -Jmod -Imod -Ifield -Ioperator -Iscalar -IPSYKE -Iconfiguration -Ifunction_space -Ifunction_space/dofmap -Iio -Ikernel_metadata -Ikey_value -Imesh -Iquadrature -Itime -Iutilities -Ialgorithm -Ialgorithm/solver -Ialgorithm/runtime_constants -Ialgorithm/timestepping -Ialgorithm/transport -Ialgorithm/transport/common -Ialgorithm/transport/control -Ialgorithm/transport/ffsl -Ialgorithm/transport/mol -Ialgorithm/transport/sl -Ialgorithm/initialisation -Ialgorithm/physics -Ialgorithm/core_dynamics -Ialgorithm/diagnostics -Ialgorithm/diffusion -Ialgorithm/interpolation -Ialgorithm/limited_area -Ikernel -Ikernel/algebra -Ikernel/columnwise_operators -Ikernel/fem -Ikernel/geometry -Ikernel/inter_element_order -Ikernel/inter_function_space -Ikernel/inter_mesh -Ikernel/solver -Ikernel/core_dynamics -Ikernel/diagnostics -Ikernel/diffusion -Ikernel/external_forcing -Ikernel/initialisation -Ikernel/limited_area -Ikernel/transport -Ikernel/transport/common -Ikernel/transport/fem -Ikernel/transport/ffsl -Ikernel/transport/mol -Ikernel/transport/sl -Ipsy -Isolver -Iinventory -Idiagnostics -Idriver -Idriver/constants -Idriver/iau_multifile_io -Iinitialisation -Iorography -Iphysics -Iconstants -Ivector_space -DLEGACY_MPI -DLEGACY_TIMER -DTIMING_ON -DRDEF_PRECISION=32 -DR_SOLVER_PRECISION=32 -DR_TRAN_PRECISION=32 -DR_BL_PRECISION=32 -DUSE_XIOS -c -o utilities/constants_mod.o utilities/constants_mod.F90 -I/opt/cray/pe/mpich/8.1.32/ofi/gnu/11.2/include -I/opt/cray/pe/mpich/8.1.32/ofi/gnu/11.2/include
[cc] ftn -I/mnt/lustre/e1000/home/z19/z19/lparisi/nfs-testing/environments/benchmarks/opt/linux-rhel9-zen5/gcc-14.2/pfunit-4.12.0-mmtcyvubeu4pxjj5wnfcyz4lbatpghmw/PFUNIT-4.12/include -I/mnt/lustre/e1000/home/z19/z19/lparisi/nfs-testing/environments/benchmarks/opt/linux-rhel9-zen5/gcc-14.2/shumlib-13.0-s2o3dzmwn456wxjsj6jztzd4c5pdctms/include -I/mnt/lustre/e1000/home/z19/z19/lparisi/nfs-testing/environments/benchmarks/opt/linux-rhel9-zen5/gcc-14.2/yaxt-0.11.3-algx2ie6ibanzuhi6k7szojlr2bcetau/include -I/mnt/lustre/e1000/home/z19/z19/lparisi/nfs-testing/environments/benchmarks/opt/linux-rhel9-zen5/gcc-14.2/fargparse-1.9.0-pxhk5m5qndtahdqscaiz2t2s7bnlajcm/FARGPARSE-1.9/include -I/mnt/lustre/e1000/home/z19/z19/lparisi/nfs-testing/environments/benchmarks/opt/linux-rhel9-zen5/gcc-14.2/gftl-shared-1.10.0-xl3tnp2so4qxp5ranh4shjrz7rch22ro/GFTL_SHARED-1.10/include -ffree-line-length-none -fallow-argument-mismatch -fopenmp -g -Wall -Werror=conversion -Werror=unused-variable -Werror=character-truncation -Werror=unused-value -Werror=tabs -Og -std=f2008 -Jmod -Imod -Ifield -Ioperator -Iscalar -IPSYKE -Iconfiguration -Ifunction_space -Ifunction_space/dofmap -Iio -Ikernel_metadata -Ikey_value -Imesh -Iquadrature -Itime -Iutilities -Ialgorithm -Ialgorithm/solver -Ialgorithm/runtime_constants -Ialgorithm/timestepping -Ialgorithm/transport -Ialgorithm/transport/common -Ialgorithm/transport/control -Ialgorithm/transport/ffsl -Ialgorithm/transport/mol -Ialgorithm/transport/sl -Ialgorithm/initialisation -Ialgorithm/physics -Ialgorithm/core_dynamics -Ialgorithm/diagnostics -Ialgorithm/diffusion -Ialgorithm/interpolation -Ialgorithm/limited_area -Ikernel -Ikernel/algebra -Ikernel/columnwise_operators -Ikernel/fem -Ikernel/geometry -Ikernel/inter_element_order -Ikernel/inter_function_space -Ikernel/inter_mesh -Ikernel/solver -Ikernel/core_dynamics -Ikernel/diagnostics -Ikernel/diffusion -Ikernel/external_forcing -Ikernel/initialisation -Ikernel/limited_area -Ikernel/transport -Ikernel/transport/common -Ikernel/transport/fem -Ikernel/transport/ffsl -Ikernel/transport/mol -Ikernel/transport/sl -Ipsy -Isolver -Iinventory -Idiagnostics -Idriver -Idriver/constants -Idriver/iau_multifile_io -Iinitialisation -Iorography -Iphysics -Iconstants -Ivector_space -DLEGACY_MPI -DLEGACY_TIMER -DTIMING_ON -DRDEF_PRECISION=32 -DR_SOLVER_PRECISION=32 -DR_TRAN_PRECISION=32 -DR_BL_PRECISION=32 -DUSE_XIOS -c -o utilities/convert_to_upper_mod.o utilities/convert_to_upper_mod.F90 -I/opt/cray/pe/mpich/8.1.32/ofi/gnu/11.2/include -I/opt/cray/pe/mpich/8.1.32/ofi/gnu/11.2/include
[cc] ftn -I/mnt/lustre/e1000/home/z19/z19/lparisi/nfs-testing/environments/benchmarks/opt/linux-rhel9-zen5/gcc-14.2/pfunit-4.12.0-mmtcyvubeu4pxjj5wnfcyz4lbatpghmw/PFUNIT-4.12/include -I/mnt/lustre/e1000/home/z19/z19/lparisi/nfs-testing/environments/benchmarks/opt/linux-rhel9-zen5/gcc-14.2/shumlib-13.0-s2o3dzmwn456wxjsj6jztzd4c5pdctms/include -I/mnt/lustre/e1000/home/z19/z19/lparisi/nfs-testing/environments/benchmarks/opt/linux-rhel9-zen5/gcc-14.2/yaxt-0.11.3-algx2ie6ibanzuhi6k7szojlr2bcetau/include -I/mnt/lustre/e1000/home/z19/z19/lparisi/nfs-testing/environments/benchmarks/opt/linux-rhel9-zen5/gcc-14.2/fargparse-1.9.0-pxhk5m5qndtahdqscaiz2t2s7bnlajcm/FARGPARSE-1.9/include -I/mnt/lustre/e1000/home/z19/z19/lparisi/nfs-testing/environments/benchmarks/opt/linux-rhel9-zen5/gcc-14.2/gftl-shared-1.10.0-xl3tnp2so4qxp5ranh4shjrz7rch22ro/GFTL_SHARED-1.10/include -ffree-line-length-none -fallow-argument-mismatch -fopenmp -g -Wall -Werror=conversion -Werror=unused-variable -Werror=character-truncation -Werror=unused-value -Werror=tabs -Og -std=f2008 -Jmod -Imod -Ifield -Ioperator -Iscalar -IPSYKE -Iconfiguration -Ifunction_space -Ifunction_space/dofmap -Iio -Ikernel_metadata -Ikey_value -Imesh -Iquadrature -Itime -Iutilities -Ialgorithm -Ialgorithm/solver -Ialgorithm/runtime_constants -Ialgorithm/timestepping -Ialgorithm/transport -Ialgorithm/transport/common -Ialgorithm/transport/control -Ialgorithm/transport/ffsl -Ialgorithm/transport/mol -Ialgorithm/transport/sl -Ialgorithm/initialisation -Ialgorithm/physics -Ialgorithm/core_dynamics -Ialgorithm/diagnostics -Ialgorithm/diffusion -Ialgorithm/interpolation -Ialgorithm/limited_area -Ikernel -Ikernel/algebra -Ikernel/columnwise_operators -Ikernel/fem -Ikernel/geometry -Ikernel/inter_element_order -Ikernel/inter_function_space -Ikernel/inter_mesh -Ikernel/solver -Ikernel/core_dynamics -Ikernel/diagnostics -Ikernel/diffusion -Ikernel/external_forcing -Ikernel/initialisation -Ikernel/limited_area -Ikernel/transport -Ikernel/transport/common -Ikernel/transport/fem -Ikernel/transport/ffsl -Ikernel/transport/mol -Ikernel/transport/sl -Ipsy -Isolver -Iinventory -Idiagnostics -Idriver -Idriver/constants -Idriver/iau_multifile_io -Iinitialisation -Iorography -Iphysics -Iconstants -Ivector_space -DLEGACY_MPI -DLEGACY_TIMER -DTIMING_ON -DRDEF_PRECISION=32 -DR_SOLVER_PRECISION=32 -DR_TRAN_PRECISION=32 -DR_BL_PRECISION=32 -DUSE_XIOS -c -o kernel_metadata/argument_mod.o kernel_metadata/argument_mod.F90 -I/opt/cray/pe/mpich/8.1.32/ofi/gnu/11.2/include -I/opt/cray/pe/mpich/8.1.32/ofi/gnu/11.2/include
[cc] ftn -I/mnt/lustre/e1000/home/z19/z19/lparisi/nfs-testing/environments/benchmarks/opt/linux-rhel9-zen5/gcc-14.2/pfunit-4.12.0-mmtcyvubeu4pxjj5wnfcyz4lbatpghmw/PFUNIT-4.12/include -I/mnt/lustre/e1000/home/z19/z19/lparisi/nfs-testing/environments/benchmarks/opt/linux-rhel9-zen5/gcc-14.2/shumlib-13.0-s2o3dzmwn456wxjsj6jztzd4c5pdctms/include -I/mnt/lustre/e1000/home/z19/z19/lparisi/nfs-testing/environments/benchmarks/opt/linux-rhel9-zen5/gcc-14.2/yaxt-0.11.3-algx2ie6ibanzuhi6k7szojlr2bcetau/include -I/mnt/lustre/e1000/home/z19/z19/lparisi/nfs-testing/environments/benchmarks/opt/linux-rhel9-zen5/gcc-14.2/fargparse-1.9.0-pxhk5m5qndtahdqscaiz2t2s7bnlajcm/FARGPARSE-1.9/include -I/mnt/lustre/e1000/home/z19/z19/lparisi/nfs-testing/environments/benchmarks/opt/linux-rhel9-zen5/gcc-14.2/gftl-shared-1.10.0-xl3tnp2so4qxp5ranh4shjrz7rch22ro/GFTL_SHARED-1.10/include -ffree-line-length-none -fallow-argument-mismatch -fopenmp -g -Wall -Werror=conversion -Werror=unused-variable -Werror=character-truncation -Werror=unused-value -Werror=tabs -Og -std=f2008 -fall-intrinsics -Jmod -Imod -Ifield -Ioperator -Iscalar -IPSYKE -Iconfiguration -Ifunction_space -Ifunction_space/dofmap -Iio -Ikernel_metadata -Ikey_value -Imesh -Iquadrature -Itime -Iutilities -Ialgorithm -Ialgorithm/solver -Ialgorithm/runtime_constants -Ialgorithm/timestepping -Ialgorithm/transport -Ialgorithm/transport/common -Ialgorithm/transport/control -Ialgorithm/transport/ffsl -Ialgorithm/transport/mol -Ialgorithm/transport/sl -Ialgorithm/initialisation -Ialgorithm/physics -Ialgorithm/core_dynamics -Ialgorithm/diagnostics -Ialgorithm/diffusion -Ialgorithm/interpolation -Ialgorithm/limited_area -Ikernel -Ikernel/algebra -Ikernel/columnwise_operators -Ikernel/fem -Ikernel/geometry -Ikernel/inter_element_order -Ikernel/inter_function_space -Ikernel/inter_mesh -Ikernel/solver -Ikernel/core_dynamics -Ikernel/diagnostics -Ikernel/diffusion -Ikernel/external_forcing -Ikernel/initialisation -Ikernel/limited_area -Ikernel/transport -Ikernel/transport/common -Ikernel/transport/fem -Ikernel/transport/ffsl -Ikernel/transport/mol -Ikernel/transport/sl -Ipsy -Isolver -Iinventory -Idiagnostics -Idriver -Idriver/constants -Idriver/iau_multifile_io -Iinitialisation -Iorography -Iphysics -Iconstants -Ivector_space -DLEGACY_MPI -DLEGACY_TIMER -DTIMING_ON -DRDEF_PRECISION=32 -DR_SOLVER_PRECISION=32 -DR_TRAN_PRECISION=32 -DR_BL_PRECISION=32 -DUSE_XIOS -c -o utilities/traceback_mod.o utilities/traceback_mod.F90 -I/opt/cray/pe/mpich/8.1.32/ofi/gnu/11.2/include -I/opt/cray/pe/mpich/8.1.32/ofi/gnu/11.2/include
[cc] ftn -I/mnt/lustre/e1000/home/z19/z19/lparisi/nfs-testing/environments/benchmarks/opt/linux-rhel9-zen5/gcc-14.2/pfunit-4.12.0-mmtcyvubeu4pxjj5wnfcyz4lbatpghmw/PFUNIT-4.12/include -I/mnt/lustre/e1000/home/z19/z19/lparisi/nfs-testing/environments/benchmarks/opt/linux-rhel9-zen5/gcc-14.2/shumlib-13.0-s2o3dzmwn456wxjsj6jztzd4c5pdctms/include -I/mnt/lustre/e1000/home/z19/z19/lparisi/nfs-testing/environments/benchmarks/opt/linux-rhel9-zen5/gcc-14.2/yaxt-0.11.3-algx2ie6ibanzuhi6k7szojlr2bcetau/include -I/mnt/lustre/e1000/home/z19/z19/lparisi/nfs-testing/environments/benchmarks/opt/linux-rhel9-zen5/gcc-14.2/fargparse-1.9.0-pxhk5m5qndtahdqscaiz2t2s7bnlajcm/FARGPARSE-1.9/include -I/mnt/lustre/e1000/home/z19/z19/lparisi/nfs-testing/environments/benchmarks/opt/linux-rhel9-zen5/gcc-14.2/gftl-shared-1.10.0-xl3tnp2so4qxp5ranh4shjrz7rch22ro/GFTL_SHARED-1.10/include -ffree-line-length-none -fallow-argument-mismatch -fopenmp -g -Wall -Werror=conversion -Werror=unused-variable -Werror=character-truncation -Werror=unused-value -Werror=tabs -Og -std=f2008 -Jmod -Imod -Ifield -Ioperator -Iscalar -IPSYKE -Iconfiguration -Ifunction_space -Ifunction_space/dofmap -Iio -Ikernel_metadata -Ikey_value -Imesh -Iquadrature -Itime -Iutilities -Ialgorithm -Ialgorithm/solver -Ialgorithm/runtime_constants -Ialgorithm/timestepping -Ialgorithm/transport -Ialgorithm/transport/common -Ialgorithm/transport/control -Ialgorithm/transport/ffsl -Ialgorithm/transport/mol -Ialgorithm/transport/sl -Ialgorithm/initialisation -Ialgorithm/physics -Ialgorithm/core_dynamics -Ialgorithm/diagnostics -Ialgorithm/diffusion -Ialgorithm/interpolation -Ialgorithm/limited_area -Ikernel -Ikernel/algebra -Ikernel/columnwise_operators -Ikernel/fem -Ikernel/geometry -Ikernel/inter_element_order -Ikernel/inter_function_space -Ikernel/inter_mesh -Ikernel/solver -Ikernel/core_dynamics -Ikernel/diagnostics -Ikernel/diffusion -Ikernel/external_forcing -Ikernel/initialisation -Ikernel/limited_area -Ikernel/transport -Ikernel/transport/common -Ikernel/transport/fem -Ikernel/transport/ffsl -Ikernel/transport/mol -Ikernel/transport/sl -Ipsy -Isolver -Iinventory -Idiagnostics -Idriver -Idriver/constants -Idriver/iau_multifile_io -Iinitialisation -Iorography -Iphysics -Iconstants -Ivector_space -DLEGACY_MPI -DLEGACY_TIMER -DTIMING_ON -DRDEF_PRECISION=32 -DR_SOLVER_PRECISION=32 -DR_TRAN_PRECISION=32 -DR_BL_PRECISION=32 -DUSE_XIOS -c -o kernel_metadata/kernel_mod.o kernel_metadata/kernel_mod.F90 -I/opt/cray/pe/mpich/8.1.32/ofi/gnu/11.2/include -I/opt/cray/pe/mpich/8.1.32/ofi/gnu/11.2/include
[cc] ftn -I/mnt/lustre/e1000/home/z19/z19/lparisi/nfs-testing/environments/benchmarks/opt/linux-rhel9-zen5/gcc-14.2/pfunit-4.12.0-mmtcyvubeu4pxjj5wnfcyz4lbatpghmw/PFUNIT-4.12/include -I/mnt/lustre/e1000/home/z19/z19/lparisi/nfs-testing/environments/benchmarks/opt/linux-rhel9-zen5/gcc-14.2/shumlib-13.0-s2o3dzmwn456wxjsj6jztzd4c5pdctms/include -I/mnt/lustre/e1000/home/z19/z19/lparisi/nfs-testing/environments/benchmarks/opt/linux-rhel9-zen5/gcc-14.2/yaxt-0.11.3-algx2ie6ibanzuhi6k7szojlr2bcetau/include -I/mnt/lustre/e1000/home/z19/z19/lparisi/nfs-testing/environments/benchmarks/opt/linux-rhel9-zen5/gcc-14.2/fargparse-1.9.0-pxhk5m5qndtahdqscaiz2t2s7bnlajcm/FARGPARSE-1.9/include -I/mnt/lustre/e1000/home/z19/z19/lparisi/nfs-testing/environments/benchmarks/opt/linux-rhel9-zen5/gcc-14.2/gftl-shared-1.10.0-xl3tnp2so4qxp5ranh4shjrz7rch22ro/GFTL_SHARED-1.10/include -ffree-line-length-none -fallow-argument-mismatch -fopenmp -g -Wall -Werror=conversion -Werror=unused-variable -Werror=character-truncation -Werror=unused-value -Werror=tabs -Og -std=f2008 -Jmod -Imod -Ifield -Ioperator -Iscalar -IPSYKE -Iconfiguration -Ifunction_space -Ifunction_space/dofmap -Iio -Ikernel_metadata -Ikey_value -Imesh -Iquadrature -Itime -Iutilities -Ialgorithm -Ialgorithm/solver -Ialgorithm/runtime_constants -Ialgorithm/timestepping -Ialgorithm/transport -Ialgorithm/transport/common -Ialgorithm/transport/control -Ialgorithm/transport/ffsl -Ialgorithm/transport/mol -Ialgorithm/transport/sl -Ialgorithm/initialisation -Ialgorithm/physics -Ialgorithm/core_dynamics -Ialgorithm/diagnostics -Ialgorithm/diffusion -Ialgorithm/interpolation -Ialgorithm/limited_area -Ikernel -Ikernel/algebra -Ikernel/columnwise_operators -Ikernel/fem -Ikernel/geometry -Ikernel/inter_element_order -Ikernel/inter_function_space -Ikernel/inter_mesh -Ikernel/solver -Ikernel/core_dynamics -Ikernel/diagnostics -Ikernel/diffusion -Ikernel/external_forcing -Ikernel/initialisation -Ikernel/limited_area -Ikernel/transport -Ikernel/transport/common -Ikernel/transport/fem -Ikernel/transport/ffsl -Ikernel/transport/mol -Ikernel/transport/sl -Ipsy -Isolver -Iinventory -Idiagnostics -Idriver -Idriver/constants -Idriver/iau_multifile_io -Iinitialisation -Iorography -Iphysics -Iconstants -Ivector_space -DLEGACY_MPI -DLEGACY_TIMER -DTIMING_ON -DRDEF_PRECISION=32 -DR_SOLVER_PRECISION=32 -DR_TRAN_PRECISION=32 -DR_BL_PRECISION=32 -DUSE_XIOS -c -o quadrature/quadrature_mod.o quadrature/quadrature_mod.F90 -I/opt/cray/pe/mpich/8.1.32/ofi/gnu/11.2/include -I/opt/cray/pe/mpich/8.1.32/ofi/gnu/11.2/include
[cc] ftn -I/mnt/lustre/e1000/home/z19/z19/lparisi/nfs-testing/environments/benchmarks/opt/linux-rhel9-zen5/gcc-14.2/pfunit-4.12.0-mmtcyvubeu4pxjj5wnfcyz4lbatpghmw/PFUNIT-4.12/include -I/mnt/lustre/e1000/home/z19/z19/lparisi/nfs-testing/environments/benchmarks/opt/linux-rhel9-zen5/gcc-14.2/shumlib-13.0-s2o3dzmwn456wxjsj6jztzd4c5pdctms/include -I/mnt/lustre/e1000/home/z19/z19/lparisi/nfs-testing/environments/benchmarks/opt/linux-rhel9-zen5/gcc-14.2/yaxt-0.11.3-algx2ie6ibanzuhi6k7szojlr2bcetau/include -I/mnt/lustre/e1000/home/z19/z19/lparisi/nfs-testing/environments/benchmarks/opt/linux-rhel9-zen5/gcc-14.2/fargparse-1.9.0-pxhk5m5qndtahdqscaiz2t2s7bnlajcm/FARGPARSE-1.9/include -I/mnt/lustre/e1000/home/z19/z19/lparisi/nfs-testing/environments/benchmarks/opt/linux-rhel9-zen5/gcc-14.2/gftl-shared-1.10.0-xl3tnp2so4qxp5ranh4shjrz7rch22ro/GFTL_SHARED-1.10/include -ffree-line-length-none -fallow-argument-mismatch -fopenmp -g -Wall -Werror=conversion -Werror=unused-variable -Werror=character-truncation -Werror=unused-value -Werror=tabs -Og -std=f2008 -Jmod -Imod -Ifield -Ioperator -Iscalar -IPSYKE -Iconfiguration -Ifunction_space -Ifunction_space/dofmap -Iio -Ikernel_metadata -Ikey_value -Imesh -Iquadrature -Itime -Iutilities -Ialgorithm -Ialgorithm/solver -Ialgorithm/runtime_constants -Ialgorithm/timestepping -Ialgorithm/transport -Ialgorithm/transport/common -Ialgorithm/transport/control -Ialgorithm/transport/ffsl -Ialgorithm/transport/mol -Ialgorithm/transport/sl -Ialgorithm/initialisation -Ialgorithm/physics -Ialgorithm/core_dynamics -Ialgorithm/diagnostics -Ialgorithm/diffusion -Ialgorithm/interpolation -Ialgorithm/limited_area -Ikernel -Ikernel/algebra -Ikernel/columnwise_operators -Ikernel/fem -Ikernel/geometry -Ikernel/inter_element_order -Ikernel/inter_function_space -Ikernel/inter_mesh -Ikernel/solver -Ikernel/core_dynamics -Ikernel/diagnostics -Ikernel/diffusion -Ikernel/external_forcing -Ikernel/initialisation -Ikernel/limited_area -Ikernel/transport -Ikernel/transport/common -Ikernel/transport/fem -Ikernel/transport/ffsl -Ikernel/transport/mol -Ikernel/transport/sl -Ipsy -Isolver -Iinventory -Idiagnostics -Idriver -Idriver/constants -Idriver/iau_multifile_io -Iinitialisation -Iorography -Iphysics -Iconstants -Ivector_space -DLEGACY_MPI -DLEGACY_TIMER -DTIMING_ON -DRDEF_PRECISION=32 -DR_SOLVER_PRECISION=32 -DR_TRAN_PRECISION=32 -DR_BL_PRECISION=32 -DUSE_XIOS -c -o field/field_indices_mod.o field/field_indices_mod.F90 -I/opt/cray/pe/mpich/8.1.32/ofi/gnu/11.2/include -I/opt/cray/pe/mpich/8.1.32/ofi/gnu/11.2/include
[cc] ftn -I/mnt/lustre/e1000/home/z19/z19/lparisi/nfs-testing/environments/benchmarks/opt/linux-rhel9-zen5/gcc-14.2/pfunit-4.12.0-mmtcyvubeu4pxjj5wnfcyz4lbatpghmw/PFUNIT-4.12/include -I/mnt/lustre/e1000/home/z19/z19/lparisi/nfs-testing/environments/benchmarks/opt/linux-rhel9-zen5/gcc-14.2/shumlib-13.0-s2o3dzmwn456wxjsj6jztzd4c5pdctms/include -I/mnt/lustre/e1000/home/z19/z19/lparisi/nfs-testing/environments/benchmarks/opt/linux-rhel9-zen5/gcc-14.2/yaxt-0.11.3-algx2ie6ibanzuhi6k7szojlr2bcetau/include -I/mnt/lustre/e1000/home/z19/z19/lparisi/nfs-testing/environments/benchmarks/opt/linux-rhel9-zen5/gcc-14.2/fargparse-1.9.0-pxhk5m5qndtahdqscaiz2t2s7bnlajcm/FARGPARSE-1.9/include -I/mnt/lustre/e1000/home/z19/z19/lparisi/nfs-testing/environments/benchmarks/opt/linux-rhel9-zen5/gcc-14.2/gftl-shared-1.10.0-xl3tnp2so4qxp5ranh4shjrz7rch22ro/GFTL_SHARED-1.10/include -ffree-line-length-none -fallow-argument-mismatch -fopenmp -g -Wall -Werror=conversion -Werror=unused-variable -Werror=character-truncation -Werror=unused-value -Werror=tabs -Og -std=f2008 -Jmod -Imod -Ifield -Ioperator -Iscalar -IPSYKE -Iconfiguration -Ifunction_space -Ifunction_space/dofmap -Iio -Ikernel_metadata -Ikey_value -Imesh -Iquadrature -Itime -Iutilities -Ialgorithm -Ialgorithm/solver -Ialgorithm/runtime_constants -Ialgorithm/timestepping -Ialgorithm/transport -Ialgorithm/transport/common -Ialgorithm/transport/control -Ialgorithm/transport/ffsl -Ialgorithm/transport/mol -Ialgorithm/transport/sl -Ialgorithm/initialisation -Ialgorithm/physics -Ialgorithm/core_dynamics -Ialgorithm/diagnostics -Ialgorithm/diffusion -Ialgorithm/interpolation -Ialgorithm/limited_area -Ikernel -Ikernel/algebra -Ikernel/columnwise_operators -Ikernel/fem -Ikernel/geometry -Ikernel/inter_element_order -Ikernel/inter_function_space -Ikernel/inter_mesh -Ikernel/solver -Ikernel/core_dynamics -Ikernel/diagnostics -Ikernel/diffusion -Ikernel/external_forcing -Ikernel/initialisation -Ikernel/limited_area -Ikernel/transport -Ikernel/transport/common -Ikernel/transport/fem -Ikernel/transport/ffsl -Ikernel/transport/mol -Ikernel/transport/sl -Ipsy -Isolver -Iinventory -Idiagnostics -Idriver -Idriver/constants -Idriver/iau_multifile_io -Iinitialisation -Iorography -Iphysics -Iconstants -Ivector_space -DLEGACY_MPI -DLEGACY_TIMER -DTIMING_ON -DRDEF_PRECISION=32 -DR_SOLVER_PRECISION=32 -DR_TRAN_PRECISION=32 -DR_BL_PRECISION=32 -DUSE_XIOS -c -o kernel/core_dynamics/moist_dyn_mod.o kernel/core_dynamics/moist_dyn_mod.F90 -I/opt/cray/pe/mpich/8.1.32/ofi/gnu/11.2/include -I/opt/cray/pe/mpich/8.1.32/ofi/gnu/11.2/include
[cc] ftn -I/mnt/lustre/e1000/home/z19/z19/lparisi/nfs-testing/environments/benchmarks/opt/linux-rhel9-zen5/gcc-14.2/pfunit-4.12.0-mmtcyvubeu4pxjj5wnfcyz4lbatpghmw/PFUNIT-4.12/include -I/mnt/lustre/e1000/home/z19/z19/lparisi/nfs-testing/environments/benchmarks/opt/linux-rhel9-zen5/gcc-14.2/shumlib-13.0-s2o3dzmwn456wxjsj6jztzd4c5pdctms/include -I/mnt/lustre/e1000/home/z19/z19/lparisi/nfs-testing/environments/benchmarks/opt/linux-rhel9-zen5/gcc-14.2/yaxt-0.11.3-algx2ie6ibanzuhi6k7szojlr2bcetau/include -I/mnt/lustre/e1000/home/z19/z19/lparisi/nfs-testing/environments/benchmarks/opt/linux-rhel9-zen5/gcc-14.2/fargparse-1.9.0-pxhk5m5qndtahdqscaiz2t2s7bnlajcm/FARGPARSE-1.9/include -I/mnt/lustre/e1000/home/z19/z19/lparisi/nfs-testing/environments/benchmarks/opt/linux-rhel9-zen5/gcc-14.2/gftl-shared-1.10.0-xl3tnp2so4qxp5ranh4shjrz7rch22ro/GFTL_SHARED-1.10/include -ffree-line-length-none -fallow-argument-mismatch -fopenmp -g -Wall -Werror=conversion -Werror=unused-variable -Werror=character-truncation -Werror=unused-value -Werror=tabs -Og -std=f2008 -Jmod -Imod -Ifield -Ioperator -Iscalar -IPSYKE -Iconfiguration -Ifunction_space -Ifunction_space/dofmap -Iio -Ikernel_metadata -Ikey_value -Imesh -Iquadrature -Itime -Iutilities -Ialgorithm -Ialgorithm/solver -Ialgorithm/runtime_constants -Ialgorithm/timestepping -Ialgorithm/transport -Ialgorithm/transport/common -Ialgorithm/transport/control -Ialgorithm/transport/ffsl -Ialgorithm/transport/mol -Ialgorithm/transport/sl -Ialgorithm/initialisation -Ialgorithm/physics -Ialgorithm/core_dynamics -Ialgorithm/diagnostics -Ialgorithm/diffusion -Ialgorithm/interpolation -Ialgorithm/limited_area -Ikernel -Ikernel/algebra -Ikernel/columnwise_operators -Ikernel/fem -Ikernel/geometry -Ikernel/inter_element_order -Ikernel/inter_function_space -Ikernel/inter_mesh -Ikernel/solver -Ikernel/core_dynamics -Ikernel/diagnostics -Ikernel/diffusion -Ikernel/external_forcing -Ikernel/initialisation -Ikernel/limited_area -Ikernel/transport -Ikernel/transport/common -Ikernel/transport/fem -Ikernel/transport/ffsl -Ikernel/transport/mol -Ikernel/transport/sl -Ipsy -Isolver -Iinventory -Idiagnostics -Idriver -Idriver/constants -Idriver/iau_multifile_io -Iinitialisation -Iorography -Iphysics -Iconstants -Ivector_space -c -o utilities/sort_mod.o utilities/sort_mod.f90 -I/opt/cray/pe/mpich/8.1.32/ofi/gnu/11.2/include -I/opt/cray/pe/mpich/8.1.32/ofi/gnu/11.2/include
[cc] ftn -I/mnt/lustre/e1000/home/z19/z19/lparisi/nfs-testing/environments/benchmarks/opt/linux-rhel9-zen5/gcc-14.2/pfunit-4.12.0-mmtcyvubeu4pxjj5wnfcyz4lbatpghmw/PFUNIT-4.12/include -I/mnt/lustre/e1000/home/z19/z19/lparisi/nfs-testing/environments/benchmarks/opt/linux-rhel9-zen5/gcc-14.2/shumlib-13.0-s2o3dzmwn456wxjsj6jztzd4c5pdctms/include -I/mnt/lustre/e1000/home/z19/z19/lparisi/nfs-testing/environments/benchmarks/opt/linux-rhel9-zen5/gcc-14.2/yaxt-0.11.3-algx2ie6ibanzuhi6k7szojlr2bcetau/include -I/mnt/lustre/e1000/home/z19/z19/lparisi/nfs-testing/environments/benchmarks/opt/linux-rhel9-zen5/gcc-14.2/fargparse-1.9.0-pxhk5m5qndtahdqscaiz2t2s7bnlajcm/FARGPARSE-1.9/include -I/mnt/lustre/e1000/home/z19/z19/lparisi/nfs-testing/environments/benchmarks/opt/linux-rhel9-zen5/gcc-14.2/gftl-shared-1.10.0-xl3tnp2so4qxp5ranh4shjrz7rch22ro/GFTL_SHARED-1.10/include -ffree-line-length-none -fallow-argument-mismatch -fopenmp -g -Wall -Werror=conversion -Werror=unused-variable -Werror=character-truncation -Werror=unused-value -Werror=tabs -Og -std=f2008 -Jmod -Imod -Ifield -Ioperator -Iscalar -IPSYKE -Iconfiguration -Ifunction_space -Ifunction_space/dofmap -Iio -Ikernel_metadata -Ikey_value -Imesh -Iquadrature -Itime -Iutilities -Ialgorithm -Ialgorithm/solver -Ialgorithm/runtime_constants -Ialgorithm/timestepping -Ialgorithm/transport -Ialgorithm/transport/common -Ialgorithm/transport/control -Ialgorithm/transport/ffsl -Ialgorithm/transport/mol -Ialgorithm/transport/sl -Ialgorithm/initialisation -Ialgorithm/physics -Ialgorithm/core_dynamics -Ialgorithm/diagnostics -Ialgorithm/diffusion -Ialgorithm/interpolation -Ialgorithm/limited_area -Ikernel -Ikernel/algebra -Ikernel/columnwise_operators -Ikernel/fem -Ikernel/geometry -Ikernel/inter_element_order -Ikernel/inter_function_space -Ikernel/inter_mesh -Ikernel/solver -Ikernel/core_dynamics -Ikernel/diagnostics -Ikernel/diffusion -Ikernel/external_forcing -Ikernel/initialisation -Ikernel/limited_area -Ikernel/transport -Ikernel/transport/common -Ikernel/transport/fem -Ikernel/transport/ffsl -Ikernel/transport/mol -Ikernel/transport/sl -Ipsy -Isolver -Iinventory -Idiagnostics -Idriver -Idriver/constants -Idriver/iau_multifile_io -Iinitialisation -Iorography -Iphysics -Iconstants -Ivector_space -c -o function_space/polynomial_mod.o function_space/polynomial_mod.f90 -I/opt/cray/pe/mpich/8.1.32/ofi/gnu/11.2/include -I/opt/cray/pe/mpich/8.1.32/ofi/gnu/11.2/include
[cc] ftn -I/mnt/lustre/e1000/home/z19/z19/lparisi/nfs-testing/environments/benchmarks/opt/linux-rhel9-zen5/gcc-14.2/pfunit-4.12.0-mmtcyvubeu4pxjj5wnfcyz4lbatpghmw/PFUNIT-4.12/include -I/mnt/lustre/e1000/home/z19/z19/lparisi/nfs-testing/environments/benchmarks/opt/linux-rhel9-zen5/gcc-14.2/shumlib-13.0-s2o3dzmwn456wxjsj6jztzd4c5pdctms/include -I/mnt/lustre/e1000/home/z19/z19/lparisi/nfs-testing/environments/benchmarks/opt/linux-rhel9-zen5/gcc-14.2/yaxt-0.11.3-algx2ie6ibanzuhi6k7szojlr2bcetau/include -I/mnt/lustre/e1000/home/z19/z19/lparisi/nfs-testing/environments/benchmarks/opt/linux-rhel9-zen5/gcc-14.2/fargparse-1.9.0-pxhk5m5qndtahdqscaiz2t2s7bnlajcm/FARGPARSE-1.9/include -I/mnt/lustre/e1000/home/z19/z19/lparisi/nfs-testing/environments/benchmarks/opt/linux-rhel9-zen5/gcc-14.2/gftl-shared-1.10.0-xl3tnp2so4qxp5ranh4shjrz7rch22ro/GFTL_SHARED-1.10/include -ffree-line-length-none -fallow-argument-mismatch -fopenmp -g -Wall -Werror=conversion -Werror=unused-variable -Werror=character-truncation -Werror=unused-value -Werror=tabs -Og -std=f2008 -Jmod -Imod -Ifield -Ioperator -Iscalar -IPSYKE -Iconfiguration -Ifunction_space -Ifunction_space/dofmap -Iio -Ikernel_metadata -Ikey_value -Imesh -Iquadrature -Itime -Iutilities -Ialgorithm -Ialgorithm/solver -Ialgorithm/runtime_constants -Ialgorithm/timestepping -Ialgorithm/transport -Ialgorithm/transport/common -Ialgorithm/transport/control -Ialgorithm/transport/ffsl -Ialgorithm/transport/mol -Ialgorithm/transport/sl -Ialgorithm/initialisation -Ialgorithm/physics -Ialgorithm/core_dynamics -Ialgorithm/diagnostics -Ialgorithm/diffusion -Ialgorithm/interpolation -Ialgorithm/limited_area -Ikernel -Ikernel/algebra -Ikernel/columnwise_operators -Ikernel/fem -Ikernel/geometry -Ikernel/inter_element_order -Ikernel/inter_function_space -Ikernel/inter_mesh -Ikernel/solver -Ikernel/core_dynamics -Ikernel/diagnostics -Ikernel/diffusion -Ikernel/external_forcing -Ikernel/initialisation -Ikernel/limited_area -Ikernel/transport -Ikernel/transport/common -Ikernel/transport/fem -Ikernel/transport/ffsl -Ikernel/transport/mol -Ikernel/transport/sl -Ipsy -Isolver -Iinventory -Idiagnostics -Idriver -Idriver/constants -Idriver/iau_multifile_io -Iinitialisation -Iorography -Iphysics -Iconstants -Ivector_space -c -o lfric_xios_constants_mod.o lfric_xios_constants_mod.f90 -I/opt/cray/pe/mpich/8.1.32/ofi/gnu/11.2/include -I/opt/cray/pe/mpich/8.1.32/ofi/gnu/11.2/include
[cc] ftn -I/mnt/lustre/e1000/home/z19/z19/lparisi/nfs-testing/environments/benchmarks/opt/linux-rhel9-zen5/gcc-14.2/pfunit-4.12.0-mmtcyvubeu4pxjj5wnfcyz4lbatpghmw/PFUNIT-4.12/include -I/mnt/lustre/e1000/home/z19/z19/lparisi/nfs-testing/environments/benchmarks/opt/linux-rhel9-zen5/gcc-14.2/shumlib-13.0-s2o3dzmwn456wxjsj6jztzd4c5pdctms/include -I/mnt/lustre/e1000/home/z19/z19/lparisi/nfs-testing/environments/benchmarks/opt/linux-rhel9-zen5/gcc-14.2/yaxt-0.11.3-algx2ie6ibanzuhi6k7szojlr2bcetau/include -I/mnt/lustre/e1000/home/z19/z19/lparisi/nfs-testing/environments/benchmarks/opt/linux-rhel9-zen5/gcc-14.2/fargparse-1.9.0-pxhk5m5qndtahdqscaiz2t2s7bnlajcm/FARGPARSE-1.9/include -I/mnt/lustre/e1000/home/z19/z19/lparisi/nfs-testing/environments/benchmarks/opt/linux-rhel9-zen5/gcc-14.2/gftl-shared-1.10.0-xl3tnp2so4qxp5ranh4shjrz7rch22ro/GFTL_SHARED-1.10/include -ffree-line-length-none -fallow-argument-mismatch -fopenmp -g -Wall -Werror=conversion -Werror=unused-variable -Werror=character-truncation -Werror=unused-value -Werror=tabs -Og -std=f2008 -Jmod -Imod -Ifield -Ioperator -Iscalar -IPSYKE -Iconfiguration -Ifunction_space -Ifunction_space/dofmap -Iio -Ikernel_metadata -Ikey_value -Imesh -Iquadrature -Itime -Iutilities -Ialgorithm -Ialgorithm/solver -Ialgorithm/runtime_constants -Ialgorithm/timestepping -Ialgorithm/transport -Ialgorithm/transport/common -Ialgorithm/transport/control -Ialgorithm/transport/ffsl -Ialgorithm/transport/mol -Ialgorithm/transport/sl -Ialgorithm/initialisation -Ialgorithm/physics -Ialgorithm/core_dynamics -Ialgorithm/diagnostics -Ialgorithm/diffusion -Ialgorithm/interpolation -Ialgorithm/limited_area -Ikernel -Ikernel/algebra -Ikernel/columnwise_operators -Ikernel/fem -Ikernel/geometry -Ikernel/inter_element_order -Ikernel/inter_function_space -Ikernel/inter_mesh -Ikernel/solver -Ikernel/core_dynamics -Ikernel/diagnostics -Ikernel/diffusion -Ikernel/external_forcing -Ikernel/initialisation -Ikernel/limited_area -Ikernel/transport -Ikernel/transport/common -Ikernel/transport/fem -Ikernel/transport/ffsl -Ikernel/transport/mol -Ikernel/transport/sl -Ipsy -Isolver -Iinventory -Idiagnostics -Idriver -Idriver/constants -Idriver/iau_multifile_io -Iinitialisation -Iorography -Iphysics -Iconstants -Ivector_space -c -o time/clock_mod.o time/clock_mod.f90 -I/opt/cray/pe/mpich/8.1.32/ofi/gnu/11.2/include -I/opt/cray/pe/mpich/8.1.32/ofi/gnu/11.2/include
[cc] ftn -I/mnt/lustre/e1000/home/z19/z19/lparisi/nfs-testing/environments/benchmarks/opt/linux-rhel9-zen5/gcc-14.2/pfunit-4.12.0-mmtcyvubeu4pxjj5wnfcyz4lbatpghmw/PFUNIT-4.12/include -I/mnt/lustre/e1000/home/z19/z19/lparisi/nfs-testing/environments/benchmarks/opt/linux-rhel9-zen5/gcc-14.2/shumlib-13.0-s2o3dzmwn456wxjsj6jztzd4c5pdctms/include -I/mnt/lustre/e1000/home/z19/z19/lparisi/nfs-testing/environments/benchmarks/opt/linux-rhel9-zen5/gcc-14.2/yaxt-0.11.3-algx2ie6ibanzuhi6k7szojlr2bcetau/include -I/mnt/lustre/e1000/home/z19/z19/lparisi/nfs-testing/environments/benchmarks/opt/linux-rhel9-zen5/gcc-14.2/fargparse-1.9.0-pxhk5m5qndtahdqscaiz2t2s7bnlajcm/FARGPARSE-1.9/include -I/mnt/lustre/e1000/home/z19/z19/lparisi/nfs-testing/environments/benchmarks/opt/linux-rhel9-zen5/gcc-14.2/gftl-shared-1.10.0-xl3tnp2so4qxp5ranh4shjrz7rch22ro/GFTL_SHARED-1.10/include -ffree-line-length-none -fallow-argument-mismatch -fopenmp -g -Wall -Werror=conversion -Werror=unused-variable -Werror=character-truncation -Werror=unused-value -Werror=tabs -Og -std=f2008 -Jmod -Imod -Ifield -Ioperator -Iscalar -IPSYKE -Iconfiguration -Ifunction_space -Ifunction_space/dofmap -Iio -Ikernel_metadata -Ikey_value -Imesh -Iquadrature -Itime -Iutilities -Ialgorithm -Ialgorithm/solver -Ialgorithm/runtime_constants -Ialgorithm/timestepping -Ialgorithm/transport -Ialgorithm/transport/common -Ialgorithm/transport/control -Ialgorithm/transport/ffsl -Ialgorithm/transport/mol -Ialgorithm/transport/sl -Ialgorithm/initialisation -Ialgorithm/physics -Ialgorithm/core_dynamics -Ialgorithm/diagnostics -Ialgorithm/diffusion -Ialgorithm/interpolation -Ialgorithm/limited_area -Ikernel -Ikernel/algebra -Ikernel/columnwise_operators -Ikernel/fem -Ikernel/geometry -Ikernel/inter_element_order -Ikernel/inter_function_space -Ikernel/inter_mesh -Ikernel/solver -Ikernel/core_dynamics -Ikernel/diagnostics -Ikernel/diffusion -Ikernel/external_forcing -Ikernel/initialisation -Ikernel/limited_area -Ikernel/transport -Ikernel/transport/common -Ikernel/transport/fem -Ikernel/transport/ffsl -Ikernel/transport/mol -Ikernel/transport/sl -Ipsy -Isolver -Iinventory -Idiagnostics -Idriver -Idriver/constants -Idriver/iau_multifile_io -Iinitialisation -Iorography -Iphysics -Iconstants -Ivector_space -c -o time/calendar_mod.o time/calendar_mod.f90 -I/opt/cray/pe/mpich/8.1.32/ofi/gnu/11.2/include -I/opt/cray/pe/mpich/8.1.32/ofi/gnu/11.2/include
[cc] ftn -I/mnt/lustre/e1000/home/z19/z19/lparisi/nfs-testing/environments/benchmarks/opt/linux-rhel9-zen5/gcc-14.2/pfunit-4.12.0-mmtcyvubeu4pxjj5wnfcyz4lbatpghmw/PFUNIT-4.12/include -I/mnt/lustre/e1000/home/z19/z19/lparisi/nfs-testing/environments/benchmarks/opt/linux-rhel9-zen5/gcc-14.2/shumlib-13.0-s2o3dzmwn456wxjsj6jztzd4c5pdctms/include -I/mnt/lustre/e1000/home/z19/z19/lparisi/nfs-testing/environments/benchmarks/opt/linux-rhel9-zen5/gcc-14.2/yaxt-0.11.3-algx2ie6ibanzuhi6k7szojlr2bcetau/include -I/mnt/lustre/e1000/home/z19/z19/lparisi/nfs-testing/environments/benchmarks/opt/linux-rhel9-zen5/gcc-14.2/fargparse-1.9.0-pxhk5m5qndtahdqscaiz2t2s7bnlajcm/FARGPARSE-1.9/include -I/mnt/lustre/e1000/home/z19/z19/lparisi/nfs-testing/environments/benchmarks/opt/linux-rhel9-zen5/gcc-14.2/gftl-shared-1.10.0-xl3tnp2so4qxp5ranh4shjrz7rch22ro/GFTL_SHARED-1.10/include -ffree-line-length-none -fallow-argument-mismatch -fopenmp -g -Wall -Werror=conversion -Werror=unused-variable -Werror=character-truncation -Werror=unused-value -Werror=tabs -Og -std=f2008 -Jmod -Imod -Ifield -Ioperator -Iscalar -IPSYKE -Iconfiguration -Ifunction_space -Ifunction_space/dofmap -Iio -Ikernel_metadata -Ikey_value -Imesh -Iquadrature -Itime -Iutilities -Ialgorithm -Ialgorithm/solver -Ialgorithm/runtime_constants -Ialgorithm/timestepping -Ialgorithm/transport -Ialgorithm/transport/common -Ialgorithm/transport/control -Ialgorithm/transport/ffsl -Ialgorithm/transport/mol -Ialgorithm/transport/sl -Ialgorithm/initialisation -Ialgorithm/physics -Ialgorithm/core_dynamics -Ialgorithm/diagnostics -Ialgorithm/diffusion -Ialgorithm/interpolation -Ialgorithm/limited_area -Ikernel -Ikernel/algebra -Ikernel/columnwise_operators -Ikernel/fem -Ikernel/geometry -Ikernel/inter_element_order -Ikernel/inter_function_space -Ikernel/inter_mesh -Ikernel/solver -Ikernel/core_dynamics -Ikernel/diagnostics -Ikernel/diffusion -Ikernel/external_forcing -Ikernel/initialisation -Ikernel/limited_area -Ikernel/transport -Ikernel/transport/common -Ikernel/transport/fem -Ikernel/transport/ffsl -Ikernel/transport/mol -Ikernel/transport/sl -Ipsy -Isolver -Iinventory -Idiagnostics -Idriver -Idriver/constants -Idriver/iau_multifile_io -Iinitialisation -Iorography -Iphysics -Iconstants -Ivector_space -DLEGACY_MPI -DLEGACY_TIMER -DTIMING_ON -DRDEF_PRECISION=32 -DR_SOLVER_PRECISION=32 -DR_TRAN_PRECISION=32 -DR_BL_PRECISION=32 -DUSE_XIOS -c -o configuration/derived_config_mod.o configuration/derived_config_mod.F90 -I/opt/cray/pe/mpich/8.1.32/ofi/gnu/11.2/include -I/opt/cray/pe/mpich/8.1.32/ofi/gnu/11.2/include
[cc] ftn -I/mnt/lustre/e1000/home/z19/z19/lparisi/nfs-testing/environments/benchmarks/opt/linux-rhel9-zen5/gcc-14.2/pfunit-4.12.0-mmtcyvubeu4pxjj5wnfcyz4lbatpghmw/PFUNIT-4.12/include -I/mnt/lustre/e1000/home/z19/z19/lparisi/nfs-testing/environments/benchmarks/opt/linux-rhel9-zen5/gcc-14.2/shumlib-13.0-s2o3dzmwn456wxjsj6jztzd4c5pdctms/include -I/mnt/lustre/e1000/home/z19/z19/lparisi/nfs-testing/environments/benchmarks/opt/linux-rhel9-zen5/gcc-14.2/yaxt-0.11.3-algx2ie6ibanzuhi6k7szojlr2bcetau/include -I/mnt/lustre/e1000/home/z19/z19/lparisi/nfs-testing/environments/benchmarks/opt/linux-rhel9-zen5/gcc-14.2/fargparse-1.9.0-pxhk5m5qndtahdqscaiz2t2s7bnlajcm/FARGPARSE-1.9/include -I/mnt/lustre/e1000/home/z19/z19/lparisi/nfs-testing/environments/benchmarks/opt/linux-rhel9-zen5/gcc-14.2/gftl-shared-1.10.0-xl3tnp2so4qxp5ranh4shjrz7rch22ro/GFTL_SHARED-1.10/include -ffree-line-length-none -fallow-argument-mismatch -fopenmp -g -Wall -Werror=conversion -Werror=unused-variable -Werror=character-truncation -Werror=unused-value -Werror=tabs -Og -std=f2008 -Jmod -Imod -Ifield -Ioperator -Iscalar -IPSYKE -Iconfiguration -Ifunction_space -Ifunction_space/dofmap -Iio -Ikernel_metadata -Ikey_value -Imesh -Iquadrature -Itime -Iutilities -Ialgorithm -Ialgorithm/solver -Ialgorithm/runtime_constants -Ialgorithm/timestepping -Ialgorithm/transport -Ialgorithm/transport/common -Ialgorithm/transport/control -Ialgorithm/transport/ffsl -Ialgorithm/transport/mol -Ialgorithm/transport/sl -Ialgorithm/initialisation -Ialgorithm/physics -Ialgorithm/core_dynamics -Ialgorithm/diagnostics -Ialgorithm/diffusion -Ialgorithm/interpolation -Ialgorithm/limited_area -Ikernel -Ikernel/algebra -Ikernel/columnwise_operators -Ikernel/fem -Ikernel/geometry -Ikernel/inter_element_order -Ikernel/inter_function_space -Ikernel/inter_mesh -Ikernel/solver -Ikernel/core_dynamics -Ikernel/diagnostics -Ikernel/diffusion -Ikernel/external_forcing -Ikernel/initialisation -Ikernel/limited_area -Ikernel/transport -Ikernel/transport/common -Ikernel/transport/fem -Ikernel/transport/ffsl -Ikernel/transport/mol -Ikernel/transport/sl -Ipsy -Isolver -Iinventory -Idiagnostics -Idriver -Idriver/constants -Idriver/iau_multifile_io -Iinitialisation -Iorography -Iphysics -Iconstants -Ivector_space -DLEGACY_MPI -DLEGACY_TIMER -DTIMING_ON -DRDEF_PRECISION=32 -DR_SOLVER_PRECISION=32 -DR_TRAN_PRECISION=32 -DR_BL_PRECISION=32 -DUSE_XIOS -c -o mesh/reference_element_mod.o mesh/reference_element_mod.F90 -I/opt/cray/pe/mpich/8.1.32/ofi/gnu/11.2/include -I/opt/cray/pe/mpich/8.1.32/ofi/gnu/11.2/include
[cc] ftn -I/mnt/lustre/e1000/home/z19/z19/lparisi/nfs-testing/environments/benchmarks/opt/linux-rhel9-zen5/gcc-14.2/pfunit-4.12.0-mmtcyvubeu4pxjj5wnfcyz4lbatpghmw/PFUNIT-4.12/include -I/mnt/lustre/e1000/home/z19/z19/lparisi/nfs-testing/environments/benchmarks/opt/linux-rhel9-zen5/gcc-14.2/shumlib-13.0-s2o3dzmwn456wxjsj6jztzd4c5pdctms/include -I/mnt/lustre/e1000/home/z19/z19/lparisi/nfs-testing/environments/benchmarks/opt/linux-rhel9-zen5/gcc-14.2/yaxt-0.11.3-algx2ie6ibanzuhi6k7szojlr2bcetau/include -I/mnt/lustre/e1000/home/z19/z19/lparisi/nfs-testing/environments/benchmarks/opt/linux-rhel9-zen5/gcc-14.2/fargparse-1.9.0-pxhk5m5qndtahdqscaiz2t2s7bnlajcm/FARGPARSE-1.9/include -I/mnt/lustre/e1000/home/z19/z19/lparisi/nfs-testing/environments/benchmarks/opt/linux-rhel9-zen5/gcc-14.2/gftl-shared-1.10.0-xl3tnp2so4qxp5ranh4shjrz7rch22ro/GFTL_SHARED-1.10/include -ffree-line-length-none -fallow-argument-mismatch -fopenmp -g -Wall -Werror=conversion -Werror=unused-variable -Werror=character-truncation -Werror=unused-value -Werror=tabs -Og -std=f2008 -Jmod -Imod -Ifield -Ioperator -Iscalar -IPSYKE -Iconfiguration -Ifunction_space -Ifunction_space/dofmap -Iio -Ikernel_metadata -Ikey_value -Imesh -Iquadrature -Itime -Iutilities -Ialgorithm -Ialgorithm/solver -Ialgorithm/runtime_constants -Ialgorithm/timestepping -Ialgorithm/transport -Ialgorithm/transport/common -Ialgorithm/transport/control -Ialgorithm/transport/ffsl -Ialgorithm/transport/mol -Ialgorithm/transport/sl -Ialgorithm/initialisation -Ialgorithm/physics -Ialgorithm/core_dynamics -Ialgorithm/diagnostics -Ialgorithm/diffusion -Ialgorithm/interpolation -Ialgorithm/limited_area -Ikernel -Ikernel/algebra -Ikernel/columnwise_operators -Ikernel/fem -Ikernel/geometry -Ikernel/inter_element_order -Ikernel/inter_function_space -Ikernel/inter_mesh -Ikernel/solver -Ikernel/core_dynamics -Ikernel/diagnostics -Ikernel/diffusion -Ikernel/external_forcing -Ikernel/initialisation -Ikernel/limited_area -Ikernel/transport -Ikernel/transport/common -Ikernel/transport/fem -Ikernel/transport/ffsl -Ikernel/transport/mol -Ikernel/transport/sl -Ipsy -Isolver -Iinventory -Idiagnostics -Idriver -Idriver/constants -Idriver/iau_multifile_io -Iinitialisation -Iorography -Iphysics -Iconstants -Ivector_space -DLEGACY_MPI -DLEGACY_TIMER -DTIMING_ON -DRDEF_PRECISION=32 -DR_SOLVER_PRECISION=32 -DR_TRAN_PRECISION=32 -DR_BL_PRECISION=32 -DUSE_XIOS -c -o utilities/linked_list_data_mod.o utilities/linked_list_data_mod.F90 -I/opt/cray/pe/mpich/8.1.32/ofi/gnu/11.2/include -I/opt/cray/pe/mpich/8.1.32/ofi/gnu/11.2/include
[cc] ftn -I/mnt/lustre/e1000/home/z19/z19/lparisi/nfs-testing/environments/benchmarks/opt/linux-rhel9-zen5/gcc-14.2/pfunit-4.12.0-mmtcyvubeu4pxjj5wnfcyz4lbatpghmw/PFUNIT-4.12/include -I/mnt/lustre/e1000/home/z19/z19/lparisi/nfs-testing/environments/benchmarks/opt/linux-rhel9-zen5/gcc-14.2/shumlib-13.0-s2o3dzmwn456wxjsj6jztzd4c5pdctms/include -I/mnt/lustre/e1000/home/z19/z19/lparisi/nfs-testing/environments/benchmarks/opt/linux-rhel9-zen5/gcc-14.2/yaxt-0.11.3-algx2ie6ibanzuhi6k7szojlr2bcetau/include -I/mnt/lustre/e1000/home/z19/z19/lparisi/nfs-testing/environments/benchmarks/opt/linux-rhel9-zen5/gcc-14.2/fargparse-1.9.0-pxhk5m5qndtahdqscaiz2t2s7bnlajcm/FARGPARSE-1.9/include -I/mnt/lustre/e1000/home/z19/z19/lparisi/nfs-testing/environments/benchmarks/opt/linux-rhel9-zen5/gcc-14.2/gftl-shared-1.10.0-xl3tnp2so4qxp5ranh4shjrz7rch22ro/GFTL_SHARED-1.10/include -ffree-line-length-none -fallow-argument-mismatch -fopenmp -g -Wall -Werror=conversion -Werror=unused-variable -Werror=character-truncation -Werror=unused-value -Werror=tabs -Og -std=f2008 -Jmod -Imod -Ifield -Ioperator -Iscalar -IPSYKE -Iconfiguration -Ifunction_space -Ifunction_space/dofmap -Iio -Ikernel_metadata -Ikey_value -Imesh -Iquadrature -Itime -Iutilities -Ialgorithm -Ialgorithm/solver -Ialgorithm/runtime_constants -Ialgorithm/timestepping -Ialgorithm/transport -Ialgorithm/transport/common -Ialgorithm/transport/control -Ialgorithm/transport/ffsl -Ialgorithm/transport/mol -Ialgorithm/transport/sl -Ialgorithm/initialisation -Ialgorithm/physics -Ialgorithm/core_dynamics -Ialgorithm/diagnostics -Ialgorithm/diffusion -Ialgorithm/interpolation -Ialgorithm/limited_area -Ikernel -Ikernel/algebra -Ikernel/columnwise_operators -Ikernel/fem -Ikernel/geometry -Ikernel/inter_element_order -Ikernel/inter_function_space -Ikernel/inter_mesh -Ikernel/solver -Ikernel/core_dynamics -Ikernel/diagnostics -Ikernel/diffusion -Ikernel/external_forcing -Ikernel/initialisation -Ikernel/limited_area -Ikernel/transport -Ikernel/transport/common -Ikernel/transport/fem -Ikernel/transport/ffsl -Ikernel/transport/mol -Ikernel/transport/sl -Ipsy -Isolver -Iinventory -Idiagnostics -Idriver -Idriver/constants -Idriver/iau_multifile_io -Iinitialisation -Iorography -Iphysics -Iconstants -Ivector_space -DLEGACY_MPI -DLEGACY_TIMER -DTIMING_ON -DRDEF_PRECISION=32 -DR_SOLVER_PRECISION=32 -DR_TRAN_PRECISION=32 -DR_BL_PRECISION=32 -DUSE_XIOS -c -o utilities/matrix_invert_mod.o utilities/matrix_invert_mod.F90 -I/opt/cray/pe/mpich/8.1.32/ofi/gnu/11.2/include -I/opt/cray/pe/mpich/8.1.32/ofi/gnu/11.2/include
[cc] ftn -I/mnt/lustre/e1000/home/z19/z19/lparisi/nfs-testing/environments/benchmarks/opt/linux-rhel9-zen5/gcc-14.2/pfunit-4.12.0-mmtcyvubeu4pxjj5wnfcyz4lbatpghmw/PFUNIT-4.12/include -I/mnt/lustre/e1000/home/z19/z19/lparisi/nfs-testing/environments/benchmarks/opt/linux-rhel9-zen5/gcc-14.2/shumlib-13.0-s2o3dzmwn456wxjsj6jztzd4c5pdctms/include -I/mnt/lustre/e1000/home/z19/z19/lparisi/nfs-testing/environments/benchmarks/opt/linux-rhel9-zen5/gcc-14.2/yaxt-0.11.3-algx2ie6ibanzuhi6k7szojlr2bcetau/include -I/mnt/lustre/e1000/home/z19/z19/lparisi/nfs-testing/environments/benchmarks/opt/linux-rhel9-zen5/gcc-14.2/fargparse-1.9.0-pxhk5m5qndtahdqscaiz2t2s7bnlajcm/FARGPARSE-1.9/include -I/mnt/lustre/e1000/home/z19/z19/lparisi/nfs-testing/environments/benchmarks/opt/linux-rhel9-zen5/gcc-14.2/gftl-shared-1.10.0-xl3tnp2so4qxp5ranh4shjrz7rch22ro/GFTL_SHARED-1.10/include -ffree-line-length-none -fallow-argument-mismatch -fopenmp -g -Wall -Werror=conversion -Werror=unused-variable -Werror=character-truncation -Werror=unused-value -Werror=tabs -Og -std=f2008 -Jmod -Imod -Ifield -Ioperator -Iscalar -IPSYKE -Iconfiguration -Ifunction_space -Ifunction_space/dofmap -Iio -Ikernel_metadata -Ikey_value -Imesh -Iquadrature -Itime -Iutilities -Ialgorithm -Ialgorithm/solver -Ialgorithm/runtime_constants -Ialgorithm/timestepping -Ialgorithm/transport -Ialgorithm/transport/common -Ialgorithm/transport/control -Ialgorithm/transport/ffsl -Ialgorithm/transport/mol -Ialgorithm/transport/sl -Ialgorithm/initialisation -Ialgorithm/physics -Ialgorithm/core_dynamics -Ialgorithm/diagnostics -Ialgorithm/diffusion -Ialgorithm/interpolation -Ialgorithm/limited_area -Ikernel -Ikernel/algebra -Ikernel/columnwise_operators -Ikernel/fem -Ikernel/geometry -Ikernel/inter_element_order -Ikernel/inter_function_space -Ikernel/inter_mesh -Ikernel/solver -Ikernel/core_dynamics -Ikernel/diagnostics -Ikernel/diffusion -Ikernel/external_forcing -Ikernel/initialisation -Ikernel/limited_area -Ikernel/transport -Ikernel/transport/common -Ikernel/transport/fem -Ikernel/transport/ffsl -Ikernel/transport/mol -Ikernel/transport/sl -Ipsy -Isolver -Iinventory -Idiagnostics -Idriver -Idriver/constants -Idriver/iau_multifile_io -Iinitialisation -Iorography -Iphysics -Iconstants -Ivector_space -DLEGACY_MPI -DLEGACY_TIMER -DTIMING_ON -DRDEF_PRECISION=32 -DR_SOLVER_PRECISION=32 -DR_TRAN_PRECISION=32 -DR_BL_PRECISION=32 -DUSE_XIOS -c -o function_space/dofmap/master_dofmap_mod.o function_space/dofmap/master_dofmap_mod.F90 -I/opt/cray/pe/mpich/8.1.32/ofi/gnu/11.2/include -I/opt/cray/pe/mpich/8.1.32/ofi/gnu/11.2/include
[cc] ftn -I/mnt/lustre/e1000/home/z19/z19/lparisi/nfs-testing/environments/benchmarks/opt/linux-rhel9-zen5/gcc-14.2/pfunit-4.12.0-mmtcyvubeu4pxjj5wnfcyz4lbatpghmw/PFUNIT-4.12/include -I/mnt/lustre/e1000/home/z19/z19/lparisi/nfs-testing/environments/benchmarks/opt/linux-rhel9-zen5/gcc-14.2/shumlib-13.0-s2o3dzmwn456wxjsj6jztzd4c5pdctms/include -I/mnt/lustre/e1000/home/z19/z19/lparisi/nfs-testing/environments/benchmarks/opt/linux-rhel9-zen5/gcc-14.2/yaxt-0.11.3-algx2ie6ibanzuhi6k7szojlr2bcetau/include -I/mnt/lustre/e1000/home/z19/z19/lparisi/nfs-testing/environments/benchmarks/opt/linux-rhel9-zen5/gcc-14.2/fargparse-1.9.0-pxhk5m5qndtahdqscaiz2t2s7bnlajcm/FARGPARSE-1.9/include -I/mnt/lustre/e1000/home/z19/z19/lparisi/nfs-testing/environments/benchmarks/opt/linux-rhel9-zen5/gcc-14.2/gftl-shared-1.10.0-xl3tnp2so4qxp5ranh4shjrz7rch22ro/GFTL_SHARED-1.10/include -ffree-line-length-none -fallow-argument-mismatch -fopenmp -g -Wall -Werror=conversion -Werror=unused-variable -Werror=character-truncation -Werror=unused-value -Werror=tabs -Og -std=f2008 -Jmod -Imod -Ifield -Ioperator -Iscalar -IPSYKE -Iconfiguration -Ifunction_space -Ifunction_space/dofmap -Iio -Ikernel_metadata -Ikey_value -Imesh -Iquadrature -Itime -Iutilities -Ialgorithm -Ialgorithm/solver -Ialgorithm/runtime_constants -Ialgorithm/timestepping -Ialgorithm/transport -Ialgorithm/transport/common -Ialgorithm/transport/control -Ialgorithm/transport/ffsl -Ialgorithm/transport/mol -Ialgorithm/transport/sl -Ialgorithm/initialisation -Ialgorithm/physics -Ialgorithm/core_dynamics -Ialgorithm/diagnostics -Ialgorithm/diffusion -Ialgorithm/interpolation -Ialgorithm/limited_area -Ikernel -Ikernel/algebra -Ikernel/columnwise_operators -Ikernel/fem -Ikernel/geometry -Ikernel/inter_element_order -Ikernel/inter_function_space -Ikernel/inter_mesh -Ikernel/solver -Ikernel/core_dynamics -Ikernel/diagnostics -Ikernel/diffusion -Ikernel/external_forcing -Ikernel/initialisation -Ikernel/limited_area -Ikernel/transport -Ikernel/transport/common -Ikernel/transport/fem -Ikernel/transport/ffsl -Ikernel/transport/mol -Ikernel/transport/sl -Ipsy -Isolver -Iinventory -Idiagnostics -Idriver -Idriver/constants -Idriver/iau_multifile_io -Iinitialisation -Iorography -Iphysics -Iconstants -Ivector_space -DLEGACY_MPI -DLEGACY_TIMER -DTIMING_ON -DRDEF_PRECISION=32 -DR_SOLVER_PRECISION=32 -DR_TRAN_PRECISION=32 -DR_BL_PRECISION=32 -DUSE_XIOS -c -o utilities/remove_duplicates_mod.o utilities/remove_duplicates_mod.F90 -I/opt/cray/pe/mpich/8.1.32/ofi/gnu/11.2/include -I/opt/cray/pe/mpich/8.1.32/ofi/gnu/11.2/include
[cc] ftn -I/mnt/lustre/e1000/home/z19/z19/lparisi/nfs-testing/environments/benchmarks/opt/linux-rhel9-zen5/gcc-14.2/pfunit-4.12.0-mmtcyvubeu4pxjj5wnfcyz4lbatpghmw/PFUNIT-4.12/include -I/mnt/lustre/e1000/home/z19/z19/lparisi/nfs-testing/environments/benchmarks/opt/linux-rhel9-zen5/gcc-14.2/shumlib-13.0-s2o3dzmwn456wxjsj6jztzd4c5pdctms/include -I/mnt/lustre/e1000/home/z19/z19/lparisi/nfs-testing/environments/benchmarks/opt/linux-rhel9-zen5/gcc-14.2/yaxt-0.11.3-algx2ie6ibanzuhi6k7szojlr2bcetau/include -I/mnt/lustre/e1000/home/z19/z19/lparisi/nfs-testing/environments/benchmarks/opt/linux-rhel9-zen5/gcc-14.2/fargparse-1.9.0-pxhk5m5qndtahdqscaiz2t2s7bnlajcm/FARGPARSE-1.9/include -I/mnt/lustre/e1000/home/z19/z19/lparisi/nfs-testing/environments/benchmarks/opt/linux-rhel9-zen5/gcc-14.2/gftl-shared-1.10.0-xl3tnp2so4qxp5ranh4shjrz7rch22ro/GFTL_SHARED-1.10/include -ffree-line-length-none -fallow-argument-mismatch -fopenmp -g -Wall -Werror=conversion -Werror=unused-variable -Werror=character-truncation -Werror=unused-value -Werror=tabs -Og -std=f2008 -Jmod -Imod -Ifield -Ioperator -Iscalar -IPSYKE -Iconfiguration -Ifunction_space -Ifunction_space/dofmap -Iio -Ikernel_metadata -Ikey_value -Imesh -Iquadrature -Itime -Iutilities -Ialgorithm -Ialgorithm/solver -Ialgorithm/runtime_constants -Ialgorithm/timestepping -Ialgorithm/transport -Ialgorithm/transport/common -Ialgorithm/transport/control -Ialgorithm/transport/ffsl -Ialgorithm/transport/mol -Ialgorithm/transport/sl -Ialgorithm/initialisation -Ialgorithm/physics -Ialgorithm/core_dynamics -Ialgorithm/diagnostics -Ialgorithm/diffusion -Ialgorithm/interpolation -Ialgorithm/limited_area -Ikernel -Ikernel/algebra -Ikernel/columnwise_operators -Ikernel/fem -Ikernel/geometry -Ikernel/inter_element_order -Ikernel/inter_function_space -Ikernel/inter_mesh -Ikernel/solver -Ikernel/core_dynamics -Ikernel/diagnostics -Ikernel/diffusion -Ikernel/external_forcing -Ikernel/initialisation -Ikernel/limited_area -Ikernel/transport -Ikernel/transport/common -Ikernel/transport/fem -Ikernel/transport/ffsl -Ikernel/transport/mol -Ikernel/transport/sl -Ipsy -Isolver -Iinventory -Idiagnostics -Idriver -Idriver/constants -Idriver/iau_multifile_io -Iinitialisation -Iorography -Iphysics -Iconstants -Ivector_space -DLEGACY_MPI -DLEGACY_TIMER -DTIMING_ON -DRDEF_PRECISION=32 -DR_SOLVER_PRECISION=32 -DR_TRAN_PRECISION=32 -DR_BL_PRECISION=32 -DUSE_XIOS -c -o utilities/cross_product_mod.o utilities/cross_product_mod.F90 -I/opt/cray/pe/mpich/8.1.32/ofi/gnu/11.2/include -I/opt/cray/pe/mpich/8.1.32/ofi/gnu/11.2/include
[cc] ftn -I/mnt/lustre/e1000/home/z19/z19/lparisi/nfs-testing/environments/benchmarks/opt/linux-rhel9-zen5/gcc-14.2/pfunit-4.12.0-mmtcyvubeu4pxjj5wnfcyz4lbatpghmw/PFUNIT-4.12/include -I/mnt/lustre/e1000/home/z19/z19/lparisi/nfs-testing/environments/benchmarks/opt/linux-rhel9-zen5/gcc-14.2/shumlib-13.0-s2o3dzmwn456wxjsj6jztzd4c5pdctms/include -I/mnt/lustre/e1000/home/z19/z19/lparisi/nfs-testing/environments/benchmarks/opt/linux-rhel9-zen5/gcc-14.2/yaxt-0.11.3-algx2ie6ibanzuhi6k7szojlr2bcetau/include -I/mnt/lustre/e1000/home/z19/z19/lparisi/nfs-testing/environments/benchmarks/opt/linux-rhel9-zen5/gcc-14.2/fargparse-1.9.0-pxhk5m5qndtahdqscaiz2t2s7bnlajcm/FARGPARSE-1.9/include -I/mnt/lustre/e1000/home/z19/z19/lparisi/nfs-testing/environments/benchmarks/opt/linux-rhel9-zen5/gcc-14.2/gftl-shared-1.10.0-xl3tnp2so4qxp5ranh4shjrz7rch22ro/GFTL_SHARED-1.10/include -ffree-line-length-none -fallow-argument-mismatch -fopenmp -g -Wall -Werror=conversion -Werror=unused-variable -Werror=character-truncation -Werror=unused-value -Werror=tabs -Og -std=f2008 -Jmod -Imod -Ifield -Ioperator -Iscalar -IPSYKE -Iconfiguration -Ifunction_space -Ifunction_space/dofmap -Iio -Ikernel_metadata -Ikey_value -Imesh -Iquadrature -Itime -Iutilities -Ialgorithm -Ialgorithm/solver -Ialgorithm/runtime_constants -Ialgorithm/timestepping -Ialgorithm/transport -Ialgorithm/transport/common -Ialgorithm/transport/control -Ialgorithm/transport/ffsl -Ialgorithm/transport/mol -Ialgorithm/transport/sl -Ialgorithm/initialisation -Ialgorithm/physics -Ialgorithm/core_dynamics -Ialgorithm/diagnostics -Ialgorithm/diffusion -Ialgorithm/interpolation -Ialgorithm/limited_area -Ikernel -Ikernel/algebra -Ikernel/columnwise_operators -Ikernel/fem -Ikernel/geometry -Ikernel/inter_element_order -Ikernel/inter_function_space -Ikernel/inter_mesh -Ikernel/solver -Ikernel/core_dynamics -Ikernel/diagnostics -Ikernel/diffusion -Ikernel/external_forcing -Ikernel/initialisation -Ikernel/limited_area -Ikernel/transport -Ikernel/transport/common -Ikernel/transport/fem -Ikernel/transport/ffsl -Ikernel/transport/mol -Ikernel/transport/sl -Ipsy -Isolver -Iinventory -Idiagnostics -Idriver -Idriver/constants -Idriver/iau_multifile_io -Iinitialisation -Iorography -Iphysics -Iconstants -Ivector_space -DLEGACY_MPI -DLEGACY_TIMER -DTIMING_ON -DRDEF_PRECISION=32 -DR_SOLVER_PRECISION=32 -DR_TRAN_PRECISION=32 -DR_BL_PRECISION=32 -DUSE_XIOS -c -o sci_constants_mod.o sci_constants_mod.F90 -I/opt/cray/pe/mpich/8.1.32/ofi/gnu/11.2/include -I/opt/cray/pe/mpich/8.1.32/ofi/gnu/11.2/include
[cc] ftn -I/mnt/lustre/e1000/home/z19/z19/lparisi/nfs-testing/environments/benchmarks/opt/linux-rhel9-zen5/gcc-14.2/pfunit-4.12.0-mmtcyvubeu4pxjj5wnfcyz4lbatpghmw/PFUNIT-4.12/include -I/mnt/lustre/e1000/home/z19/z19/lparisi/nfs-testing/environments/benchmarks/opt/linux-rhel9-zen5/gcc-14.2/shumlib-13.0-s2o3dzmwn456wxjsj6jztzd4c5pdctms/include -I/mnt/lustre/e1000/home/z19/z19/lparisi/nfs-testing/environments/benchmarks/opt/linux-rhel9-zen5/gcc-14.2/yaxt-0.11.3-algx2ie6ibanzuhi6k7szojlr2bcetau/include -I/mnt/lustre/e1000/home/z19/z19/lparisi/nfs-testing/environments/benchmarks/opt/linux-rhel9-zen5/gcc-14.2/fargparse-1.9.0-pxhk5m5qndtahdqscaiz2t2s7bnlajcm/FARGPARSE-1.9/include -I/mnt/lustre/e1000/home/z19/z19/lparisi/nfs-testing/environments/benchmarks/opt/linux-rhel9-zen5/gcc-14.2/gftl-shared-1.10.0-xl3tnp2so4qxp5ranh4shjrz7rch22ro/GFTL_SHARED-1.10/include -ffree-line-length-none -fallow-argument-mismatch -fopenmp -g -Wall -Werror=conversion -Werror=unused-variable -Werror=character-truncation -Werror=unused-value -Werror=tabs -Og -std=f2008 -Jmod -Imod -Ifield -Ioperator -Iscalar -IPSYKE -Iconfiguration -Ifunction_space -Ifunction_space/dofmap -Iio -Ikernel_metadata -Ikey_value -Imesh -Iquadrature -Itime -Iutilities -Ialgorithm -Ialgorithm/solver -Ialgorithm/runtime_constants -Ialgorithm/timestepping -Ialgorithm/transport -Ialgorithm/transport/common -Ialgorithm/transport/control -Ialgorithm/transport/ffsl -Ialgorithm/transport/mol -Ialgorithm/transport/sl -Ialgorithm/initialisation -Ialgorithm/physics -Ialgorithm/core_dynamics -Ialgorithm/diagnostics -Ialgorithm/diffusion -Ialgorithm/interpolation -Ialgorithm/limited_area -Ikernel -Ikernel/algebra -Ikernel/columnwise_operators -Ikernel/fem -Ikernel/geometry -Ikernel/inter_element_order -Ikernel/inter_function_space -Ikernel/inter_mesh -Ikernel/solver -Ikernel/core_dynamics -Ikernel/diagnostics -Ikernel/diffusion -Ikernel/external_forcing -Ikernel/initialisation -Ikernel/limited_area -Ikernel/transport -Ikernel/transport/common -Ikernel/transport/fem -Ikernel/transport/ffsl -Ikernel/transport/mol -Ikernel/transport/sl -Ipsy -Isolver -Iinventory -Idiagnostics -Idriver -Idriver/constants -Idriver/iau_multifile_io -Iinitialisation -Iorography -Iphysics -Iconstants -Ivector_space -DLEGACY_MPI -DLEGACY_TIMER -DTIMING_ON -DRDEF_PRECISION=32 -DR_SOLVER_PRECISION=32 -DR_TRAN_PRECISION=32 -DR_BL_PRECISION=32 -DUSE_XIOS -c -o utilities/hash_mod.o utilities/hash_mod.F90 -I/opt/cray/pe/mpich/8.1.32/ofi/gnu/11.2/include -I/opt/cray/pe/mpich/8.1.32/ofi/gnu/11.2/include
[cc] ftn -I/mnt/lustre/e1000/home/z19/z19/lparisi/nfs-testing/environments/benchmarks/opt/linux-rhel9-zen5/gcc-14.2/pfunit-4.12.0-mmtcyvubeu4pxjj5wnfcyz4lbatpghmw/PFUNIT-4.12/include -I/mnt/lustre/e1000/home/z19/z19/lparisi/nfs-testing/environments/benchmarks/opt/linux-rhel9-zen5/gcc-14.2/shumlib-13.0-s2o3dzmwn456wxjsj6jztzd4c5pdctms/include -I/mnt/lustre/e1000/home/z19/z19/lparisi/nfs-testing/environments/benchmarks/opt/linux-rhel9-zen5/gcc-14.2/yaxt-0.11.3-algx2ie6ibanzuhi6k7szojlr2bcetau/include -I/mnt/lustre/e1000/home/z19/z19/lparisi/nfs-testing/environments/benchmarks/opt/linux-rhel9-zen5/gcc-14.2/fargparse-1.9.0-pxhk5m5qndtahdqscaiz2t2s7bnlajcm/FARGPARSE-1.9/include -I/mnt/lustre/e1000/home/z19/z19/lparisi/nfs-testing/environments/benchmarks/opt/linux-rhel9-zen5/gcc-14.2/gftl-shared-1.10.0-xl3tnp2so4qxp5ranh4shjrz7rch22ro/GFTL_SHARED-1.10/include -ffree-line-length-none -fallow-argument-mismatch -fopenmp -g -Wall -Werror=conversion -Werror=unused-variable -Werror=character-truncation -Werror=unused-value -Werror=tabs -Og -std=f2008 -Jmod -Imod -Ifield -Ioperator -Iscalar -IPSYKE -Iconfiguration -Ifunction_space -Ifunction_space/dofmap -Iio -Ikernel_metadata -Ikey_value -Imesh -Iquadrature -Itime -Iutilities -Ialgorithm -Ialgorithm/solver -Ialgorithm/runtime_constants -Ialgorithm/timestepping -Ialgorithm/transport -Ialgorithm/transport/common -Ialgorithm/transport/control -Ialgorithm/transport/ffsl -Ialgorithm/transport/mol -Ialgorithm/transport/sl -Ialgorithm/initialisation -Ialgorithm/physics -Ialgorithm/core_dynamics -Ialgorithm/diagnostics -Ialgorithm/diffusion -Ialgorithm/interpolation -Ialgorithm/limited_area -Ikernel -Ikernel/algebra -Ikernel/columnwise_operators -Ikernel/fem -Ikernel/geometry -Ikernel/inter_element_order -Ikernel/inter_function_space -Ikernel/inter_mesh -Ikernel/solver -Ikernel/core_dynamics -Ikernel/diagnostics -Ikernel/diffusion -Ikernel/external_forcing -Ikernel/initialisation -Ikernel/limited_area -Ikernel/transport -Ikernel/transport/common -Ikernel/transport/fem -Ikernel/transport/ffsl -Ikernel/transport/mol -Ikernel/transport/sl -Ipsy -Isolver -Iinventory -Idiagnostics -Idriver -Idriver/constants -Idriver/iau_multifile_io -Iinitialisation -Iorography -Iphysics -Iconstants -Ivector_space -DLEGACY_MPI -DLEGACY_TIMER -DTIMING_ON -DRDEF_PRECISION=32 -DR_SOLVER_PRECISION=32 -DR_TRAN_PRECISION=32 -DR_BL_PRECISION=32 -DUSE_XIOS -c -o quadrature/quadrature_rule_mod.o quadrature/quadrature_rule_mod.F90 -I/opt/cray/pe/mpich/8.1.32/ofi/gnu/11.2/include -I/opt/cray/pe/mpich/8.1.32/ofi/gnu/11.2/include
[cc] ftn -I/mnt/lustre/e1000/home/z19/z19/lparisi/nfs-testing/environments/benchmarks/opt/linux-rhel9-zen5/gcc-14.2/pfunit-4.12.0-mmtcyvubeu4pxjj5wnfcyz4lbatpghmw/PFUNIT-4.12/include -I/mnt/lustre/e1000/home/z19/z19/lparisi/nfs-testing/environments/benchmarks/opt/linux-rhel9-zen5/gcc-14.2/shumlib-13.0-s2o3dzmwn456wxjsj6jztzd4c5pdctms/include -I/mnt/lustre/e1000/home/z19/z19/lparisi/nfs-testing/environments/benchmarks/opt/linux-rhel9-zen5/gcc-14.2/yaxt-0.11.3-algx2ie6ibanzuhi6k7szojlr2bcetau/include -I/mnt/lustre/e1000/home/z19/z19/lparisi/nfs-testing/environments/benchmarks/opt/linux-rhel9-zen5/gcc-14.2/fargparse-1.9.0-pxhk5m5qndtahdqscaiz2t2s7bnlajcm/FARGPARSE-1.9/include -I/mnt/lustre/e1000/home/z19/z19/lparisi/nfs-testing/environments/benchmarks/opt/linux-rhel9-zen5/gcc-14.2/gftl-shared-1.10.0-xl3tnp2so4qxp5ranh4shjrz7rch22ro/GFTL_SHARED-1.10/include -ffree-line-length-none -fallow-argument-mismatch -fopenmp -g -Wall -Werror=conversion -Werror=unused-variable -Werror=character-truncation -Werror=unused-value -Werror=tabs -Og -std=f2008 -Jmod -Imod -Ifield -Ioperator -Iscalar -IPSYKE -Iconfiguration -Ifunction_space -Ifunction_space/dofmap -Iio -Ikernel_metadata -Ikey_value -Imesh -Iquadrature -Itime -Iutilities -Ialgorithm -Ialgorithm/solver -Ialgorithm/runtime_constants -Ialgorithm/timestepping -Ialgorithm/transport -Ialgorithm/transport/common -Ialgorithm/transport/control -Ialgorithm/transport/ffsl -Ialgorithm/transport/mol -Ialgorithm/transport/sl -Ialgorithm/initialisation -Ialgorithm/physics -Ialgorithm/core_dynamics -Ialgorithm/diagnostics -Ialgorithm/diffusion -Ialgorithm/interpolation -Ialgorithm/limited_area -Ikernel -Ikernel/algebra -Ikernel/columnwise_operators -Ikernel/fem -Ikernel/geometry -Ikernel/inter_element_order -Ikernel/inter_function_space -Ikernel/inter_mesh -Ikernel/solver -Ikernel/core_dynamics -Ikernel/diagnostics -Ikernel/diffusion -Ikernel/external_forcing -Ikernel/initialisation -Ikernel/limited_area -Ikernel/transport -Ikernel/transport/common -Ikernel/transport/fem -Ikernel/transport/ffsl -Ikernel/transport/mol -Ikernel/transport/sl -Ipsy -Isolver -Iinventory -Idiagnostics -Idriver -Idriver/constants -Idriver/iau_multifile_io -Iinitialisation -Iorography -Iphysics -Iconstants -Ivector_space -DLEGACY_MPI -DLEGACY_TIMER -DTIMING_ON -DRDEF_PRECISION=32 -DR_SOLVER_PRECISION=32 -DR_TRAN_PRECISION=32 -DR_BL_PRECISION=32 -DUSE_XIOS -c -o field/vector_mod.o field/vector_mod.F90 -I/opt/cray/pe/mpich/8.1.32/ofi/gnu/11.2/include -I/opt/cray/pe/mpich/8.1.32/ofi/gnu/11.2/include
[cc] ftn -I/mnt/lustre/e1000/home/z19/z19/lparisi/nfs-testing/environments/benchmarks/opt/linux-rhel9-zen5/gcc-14.2/pfunit-4.12.0-mmtcyvubeu4pxjj5wnfcyz4lbatpghmw/PFUNIT-4.12/include -I/mnt/lustre/e1000/home/z19/z19/lparisi/nfs-testing/environments/benchmarks/opt/linux-rhel9-zen5/gcc-14.2/shumlib-13.0-s2o3dzmwn456wxjsj6jztzd4c5pdctms/include -I/mnt/lustre/e1000/home/z19/z19/lparisi/nfs-testing/environments/benchmarks/opt/linux-rhel9-zen5/gcc-14.2/yaxt-0.11.3-algx2ie6ibanzuhi6k7szojlr2bcetau/include -I/mnt/lustre/e1000/home/z19/z19/lparisi/nfs-testing/environments/benchmarks/opt/linux-rhel9-zen5/gcc-14.2/fargparse-1.9.0-pxhk5m5qndtahdqscaiz2t2s7bnlajcm/FARGPARSE-1.9/include -I/mnt/lustre/e1000/home/z19/z19/lparisi/nfs-testing/environments/benchmarks/opt/linux-rhel9-zen5/gcc-14.2/gftl-shared-1.10.0-xl3tnp2so4qxp5ranh4shjrz7rch22ro/GFTL_SHARED-1.10/include -ffree-line-length-none -fallow-argument-mismatch -fopenmp -g -Wall -Werror=conversion -Werror=unused-variable -Werror=character-truncation -Werror=unused-value -Werror=tabs -Og -std=f2008 -Jmod -Imod -Ifield -Ioperator -Iscalar -IPSYKE -Iconfiguration -Ifunction_space -Ifunction_space/dofmap -Iio -Ikernel_metadata -Ikey_value -Imesh -Iquadrature -Itime -Iutilities -Ialgorithm -Ialgorithm/solver -Ialgorithm/runtime_constants -Ialgorithm/timestepping -Ialgorithm/transport -Ialgorithm/transport/common -Ialgorithm/transport/control -Ialgorithm/transport/ffsl -Ialgorithm/transport/mol -Ialgorithm/transport/sl -Ialgorithm/initialisation -Ialgorithm/physics -Ialgorithm/core_dynamics -Ialgorithm/diagnostics -Ialgorithm/diffusion -Ialgorithm/interpolation -Ialgorithm/limited_area -Ikernel -Ikernel/algebra -Ikernel/columnwise_operators -Ikernel/fem -Ikernel/geometry -Ikernel/inter_element_order -Ikernel/inter_function_space -Ikernel/inter_mesh -Ikernel/solver -Ikernel/core_dynamics -Ikernel/diagnostics -Ikernel/diffusion -Ikernel/external_forcing -Ikernel/initialisation -Ikernel/limited_area -Ikernel/transport -Ikernel/transport/common -Ikernel/transport/fem -Ikernel/transport/ffsl -Ikernel/transport/mol -Ikernel/transport/sl -Ipsy -Isolver -Iinventory -Idiagnostics -Idriver -Idriver/constants -Idriver/iau_multifile_io -Iinitialisation -Iorography -Iphysics -Iconstants -Ivector_space -c -o diagnostics/empty_data_mod.o diagnostics/empty_data_mod.f90 -I/opt/cray/pe/mpich/8.1.32/ofi/gnu/11.2/include -I/opt/cray/pe/mpich/8.1.32/ofi/gnu/11.2/include
[cc] ftn -I/mnt/lustre/e1000/home/z19/z19/lparisi/nfs-testing/environments/benchmarks/opt/linux-rhel9-zen5/gcc-14.2/pfunit-4.12.0-mmtcyvubeu4pxjj5wnfcyz4lbatpghmw/PFUNIT-4.12/include -I/mnt/lustre/e1000/home/z19/z19/lparisi/nfs-testing/environments/benchmarks/opt/linux-rhel9-zen5/gcc-14.2/shumlib-13.0-s2o3dzmwn456wxjsj6jztzd4c5pdctms/include -I/mnt/lustre/e1000/home/z19/z19/lparisi/nfs-testing/environments/benchmarks/opt/linux-rhel9-zen5/gcc-14.2/yaxt-0.11.3-algx2ie6ibanzuhi6k7szojlr2bcetau/include -I/mnt/lustre/e1000/home/z19/z19/lparisi/nfs-testing/environments/benchmarks/opt/linux-rhel9-zen5/gcc-14.2/fargparse-1.9.0-pxhk5m5qndtahdqscaiz2t2s7bnlajcm/FARGPARSE-1.9/include -I/mnt/lustre/e1000/home/z19/z19/lparisi/nfs-testing/environments/benchmarks/opt/linux-rhel9-zen5/gcc-14.2/gftl-shared-1.10.0-xl3tnp2so4qxp5ranh4shjrz7rch22ro/GFTL_SHARED-1.10/include -ffree-line-length-none -fallow-argument-mismatch -fopenmp -g -Wall -Werror=conversion -Werror=unused-variable -Werror=character-truncation -Werror=unused-value -Werror=tabs -Og -std=f2008 -Jmod -Imod -Ifield -Ioperator -Iscalar -IPSYKE -Iconfiguration -Ifunction_space -Ifunction_space/dofmap -Iio -Ikernel_metadata -Ikey_value -Imesh -Iquadrature -Itime -Iutilities -Ialgorithm -Ialgorithm/solver -Ialgorithm/runtime_constants -Ialgorithm/timestepping -Ialgorithm/transport -Ialgorithm/transport/common -Ialgorithm/transport/control -Ialgorithm/transport/ffsl -Ialgorithm/transport/mol -Ialgorithm/transport/sl -Ialgorithm/initialisation -Ialgorithm/physics -Ialgorithm/core_dynamics -Ialgorithm/diagnostics -Ialgorithm/diffusion -Ialgorithm/interpolation -Ialgorithm/limited_area -Ikernel -Ikernel/algebra -Ikernel/columnwise_operators -Ikernel/fem -Ikernel/geometry -Ikernel/inter_element_order -Ikernel/inter_function_space -Ikernel/inter_mesh -Ikernel/solver -Ikernel/core_dynamics -Ikernel/diagnostics -Ikernel/diffusion -Ikernel/external_forcing -Ikernel/initialisation -Ikernel/limited_area -Ikernel/transport -Ikernel/transport/common -Ikernel/transport/fem -Ikernel/transport/ffsl -Ikernel/transport/mol -Ikernel/transport/sl -Ipsy -Isolver -Iinventory -Idiagnostics -Idriver -Idriver/constants -Idriver/iau_multifile_io -Iinitialisation -Iorography -Iphysics -Iconstants -Ivector_space -c -o physics/mr_indices_mod.o physics/mr_indices_mod.f90 -I/opt/cray/pe/mpich/8.1.32/ofi/gnu/11.2/include -I/opt/cray/pe/mpich/8.1.32/ofi/gnu/11.2/include
[cc] ftn -I/mnt/lustre/e1000/home/z19/z19/lparisi/nfs-testing/environments/benchmarks/opt/linux-rhel9-zen5/gcc-14.2/pfunit-4.12.0-mmtcyvubeu4pxjj5wnfcyz4lbatpghmw/PFUNIT-4.12/include -I/mnt/lustre/e1000/home/z19/z19/lparisi/nfs-testing/environments/benchmarks/opt/linux-rhel9-zen5/gcc-14.2/shumlib-13.0-s2o3dzmwn456wxjsj6jztzd4c5pdctms/include -I/mnt/lustre/e1000/home/z19/z19/lparisi/nfs-testing/environments/benchmarks/opt/linux-rhel9-zen5/gcc-14.2/yaxt-0.11.3-algx2ie6ibanzuhi6k7szojlr2bcetau/include -I/mnt/lustre/e1000/home/z19/z19/lparisi/nfs-testing/environments/benchmarks/opt/linux-rhel9-zen5/gcc-14.2/fargparse-1.9.0-pxhk5m5qndtahdqscaiz2t2s7bnlajcm/FARGPARSE-1.9/include -I/mnt/lustre/e1000/home/z19/z19/lparisi/nfs-testing/environments/benchmarks/opt/linux-rhel9-zen5/gcc-14.2/gftl-shared-1.10.0-xl3tnp2so4qxp5ranh4shjrz7rch22ro/GFTL_SHARED-1.10/include -ffree-line-length-none -fallow-argument-mismatch -fopenmp -g -Wall -Werror=conversion -Werror=unused-variable -Werror=character-truncation -Werror=unused-value -Werror=tabs -Og -std=f2008 -Jmod -Imod -Ifield -Ioperator -Iscalar -IPSYKE -Iconfiguration -Ifunction_space -Ifunction_space/dofmap -Iio -Ikernel_metadata -Ikey_value -Imesh -Iquadrature -Itime -Iutilities -Ialgorithm -Ialgorithm/solver -Ialgorithm/runtime_constants -Ialgorithm/timestepping -Ialgorithm/transport -Ialgorithm/transport/common -Ialgorithm/transport/control -Ialgorithm/transport/ffsl -Ialgorithm/transport/mol -Ialgorithm/transport/sl -Ialgorithm/initialisation -Ialgorithm/physics -Ialgorithm/core_dynamics -Ialgorithm/diagnostics -Ialgorithm/diffusion -Ialgorithm/interpolation -Ialgorithm/limited_area -Ikernel -Ikernel/algebra -Ikernel/columnwise_operators -Ikernel/fem -Ikernel/geometry -Ikernel/inter_element_order -Ikernel/inter_function_space -Ikernel/inter_mesh -Ikernel/solver -Ikernel/core_dynamics -Ikernel/diagnostics -Ikernel/diffusion -Ikernel/external_forcing -Ikernel/initialisation -Ikernel/limited_area -Ikernel/transport -Ikernel/transport/common -Ikernel/transport/fem -Ikernel/transport/ffsl -Ikernel/transport/mol -Ikernel/transport/sl -Ipsy -Isolver -Iinventory -Idiagnostics -Idriver -Idriver/constants -Idriver/iau_multifile_io -Iinitialisation -Iorography -Iphysics -Iconstants -Ivector_space -c -o physics/physics_common_mod.o physics/physics_common_mod.f90 -I/opt/cray/pe/mpich/8.1.32/ofi/gnu/11.2/include -I/opt/cray/pe/mpich/8.1.32/ofi/gnu/11.2/include
[cc] ftn -I/mnt/lustre/e1000/home/z19/z19/lparisi/nfs-testing/environments/benchmarks/opt/linux-rhel9-zen5/gcc-14.2/pfunit-4.12.0-mmtcyvubeu4pxjj5wnfcyz4lbatpghmw/PFUNIT-4.12/include -I/mnt/lustre/e1000/home/z19/z19/lparisi/nfs-testing/environments/benchmarks/opt/linux-rhel9-zen5/gcc-14.2/shumlib-13.0-s2o3dzmwn456wxjsj6jztzd4c5pdctms/include -I/mnt/lustre/e1000/home/z19/z19/lparisi/nfs-testing/environments/benchmarks/opt/linux-rhel9-zen5/gcc-14.2/yaxt-0.11.3-algx2ie6ibanzuhi6k7szojlr2bcetau/include -I/mnt/lustre/e1000/home/z19/z19/lparisi/nfs-testing/environments/benchmarks/opt/linux-rhel9-zen5/gcc-14.2/fargparse-1.9.0-pxhk5m5qndtahdqscaiz2t2s7bnlajcm/FARGPARSE-1.9/include -I/mnt/lustre/e1000/home/z19/z19/lparisi/nfs-testing/environments/benchmarks/opt/linux-rhel9-zen5/gcc-14.2/gftl-shared-1.10.0-xl3tnp2so4qxp5ranh4shjrz7rch22ro/GFTL_SHARED-1.10/include -ffree-line-length-none -fallow-argument-mismatch -fopenmp -g -Wall -Werror=conversion -Werror=unused-variable -Werror=character-truncation -Werror=unused-value -Werror=tabs -Og -std=f2008 -Jmod -Imod -Ifield -Ioperator -Iscalar -IPSYKE -Iconfiguration -Ifunction_space -Ifunction_space/dofmap -Iio -Ikernel_metadata -Ikey_value -Imesh -Iquadrature -Itime -Iutilities -Ialgorithm -Ialgorithm/solver -Ialgorithm/runtime_constants -Ialgorithm/timestepping -Ialgorithm/transport -Ialgorithm/transport/common -Ialgorithm/transport/control -Ialgorithm/transport/ffsl -Ialgorithm/transport/mol -Ialgorithm/transport/sl -Ialgorithm/initialisation -Ialgorithm/physics -Ialgorithm/core_dynamics -Ialgorithm/diagnostics -Ialgorithm/diffusion -Ialgorithm/interpolation -Ialgorithm/limited_area -Ikernel -Ikernel/algebra -Ikernel/columnwise_operators -Ikernel/fem -Ikernel/geometry -Ikernel/inter_element_order -Ikernel/inter_function_space -Ikernel/inter_mesh -Ikernel/solver -Ikernel/core_dynamics -Ikernel/diagnostics -Ikernel/diffusion -Ikernel/external_forcing -Ikernel/initialisation -Ikernel/limited_area -Ikernel/transport -Ikernel/transport/common -Ikernel/transport/fem -Ikernel/transport/ffsl -Ikernel/transport/mol -Ikernel/transport/sl -Ipsy -Isolver -Iinventory -Idiagnostics -Idriver -Idriver/constants -Idriver/iau_multifile_io -Iinitialisation -Iorography -Iphysics -Iconstants -Ivector_space -DLEGACY_MPI -DLEGACY_TIMER -DTIMING_ON -DRDEF_PRECISION=32 -DR_SOLVER_PRECISION=32 -DR_TRAN_PRECISION=32 -DR_BL_PRECISION=32 -DUSE_XIOS -c -o utilities/lfric_string_mod.o utilities/lfric_string_mod.F90 -I/opt/cray/pe/mpich/8.1.32/ofi/gnu/11.2/include -I/opt/cray/pe/mpich/8.1.32/ofi/gnu/11.2/include
[cc] ftn -I/mnt/lustre/e1000/home/z19/z19/lparisi/nfs-testing/environments/benchmarks/opt/linux-rhel9-zen5/gcc-14.2/pfunit-4.12.0-mmtcyvubeu4pxjj5wnfcyz4lbatpghmw/PFUNIT-4.12/include -I/mnt/lustre/e1000/home/z19/z19/lparisi/nfs-testing/environments/benchmarks/opt/linux-rhel9-zen5/gcc-14.2/shumlib-13.0-s2o3dzmwn456wxjsj6jztzd4c5pdctms/include -I/mnt/lustre/e1000/home/z19/z19/lparisi/nfs-testing/environments/benchmarks/opt/linux-rhel9-zen5/gcc-14.2/yaxt-0.11.3-algx2ie6ibanzuhi6k7szojlr2bcetau/include -I/mnt/lustre/e1000/home/z19/z19/lparisi/nfs-testing/environments/benchmarks/opt/linux-rhel9-zen5/gcc-14.2/fargparse-1.9.0-pxhk5m5qndtahdqscaiz2t2s7bnlajcm/FARGPARSE-1.9/include -I/mnt/lustre/e1000/home/z19/z19/lparisi/nfs-testing/environments/benchmarks/opt/linux-rhel9-zen5/gcc-14.2/gftl-shared-1.10.0-xl3tnp2so4qxp5ranh4shjrz7rch22ro/GFTL_SHARED-1.10/include -ffree-line-length-none -fallow-argument-mismatch -fopenmp -g -Wall -Werror=conversion -Werror=unused-variable -Werror=character-truncation -Werror=unused-value -Werror=tabs -Og -std=f2008 -Jmod -Imod -Ifield -Ioperator -Iscalar -IPSYKE -Iconfiguration -Ifunction_space -Ifunction_space/dofmap -Iio -Ikernel_metadata -Ikey_value -Imesh -Iquadrature -Itime -Iutilities -Ialgorithm -Ialgorithm/solver -Ialgorithm/runtime_constants -Ialgorithm/timestepping -Ialgorithm/transport -Ialgorithm/transport/common -Ialgorithm/transport/control -Ialgorithm/transport/ffsl -Ialgorithm/transport/mol -Ialgorithm/transport/sl -Ialgorithm/initialisation -Ialgorithm/physics -Ialgorithm/core_dynamics -Ialgorithm/diagnostics -Ialgorithm/diffusion -Ialgorithm/interpolation -Ialgorithm/limited_area -Ikernel -Ikernel/algebra -Ikernel/columnwise_operators -Ikernel/fem -Ikernel/geometry -Ikernel/inter_element_order -Ikernel/inter_function_space -Ikernel/inter_mesh -Ikernel/solver -Ikernel/core_dynamics -Ikernel/diagnostics -Ikernel/diffusion -Ikernel/external_forcing -Ikernel/initialisation -Ikernel/limited_area -Ikernel/transport -Ikernel/transport/common -Ikernel/transport/fem -Ikernel/transport/ffsl -Ikernel/transport/mol -Ikernel/transport/sl -Ipsy -Isolver -Iinventory -Idiagnostics -Idriver -Idriver/constants -Idriver/iau_multifile_io -Iinitialisation -Iorography -Iphysics -Iconstants -Ivector_space -DLEGACY_MPI -DLEGACY_TIMER -DTIMING_ON -DRDEF_PRECISION=32 -DR_SOLVER_PRECISION=32 -DR_TRAN_PRECISION=32 -DR_BL_PRECISION=32 -DUSE_XIOS -c -o algorithm/transport/common/transport_enumerated_types_mod.o algorithm/transport/common/transport_enumerated_types_mod.F90 -I/opt/cray/pe/mpich/8.1.32/ofi/gnu/11.2/include -I/opt/cray/pe/mpich/8.1.32/ofi/gnu/11.2/include
[cc] ftn -I/mnt/lustre/e1000/home/z19/z19/lparisi/nfs-testing/environments/benchmarks/opt/linux-rhel9-zen5/gcc-14.2/pfunit-4.12.0-mmtcyvubeu4pxjj5wnfcyz4lbatpghmw/PFUNIT-4.12/include -I/mnt/lustre/e1000/home/z19/z19/lparisi/nfs-testing/environments/benchmarks/opt/linux-rhel9-zen5/gcc-14.2/shumlib-13.0-s2o3dzmwn456wxjsj6jztzd4c5pdctms/include -I/mnt/lustre/e1000/home/z19/z19/lparisi/nfs-testing/environments/benchmarks/opt/linux-rhel9-zen5/gcc-14.2/yaxt-0.11.3-algx2ie6ibanzuhi6k7szojlr2bcetau/include -I/mnt/lustre/e1000/home/z19/z19/lparisi/nfs-testing/environments/benchmarks/opt/linux-rhel9-zen5/gcc-14.2/fargparse-1.9.0-pxhk5m5qndtahdqscaiz2t2s7bnlajcm/FARGPARSE-1.9/include -I/mnt/lustre/e1000/home/z19/z19/lparisi/nfs-testing/environments/benchmarks/opt/linux-rhel9-zen5/gcc-14.2/gftl-shared-1.10.0-xl3tnp2so4qxp5ranh4shjrz7rch22ro/GFTL_SHARED-1.10/include -ffree-line-length-none -fallow-argument-mismatch -fopenmp -g -Wall -Werror=conversion -Werror=unused-variable -Werror=character-truncation -Werror=unused-value -Werror=tabs -Og -std=f2008 -Jmod -Imod -Ifield -Ioperator -Iscalar -IPSYKE -Iconfiguration -Ifunction_space -Ifunction_space/dofmap -Iio -Ikernel_metadata -Ikey_value -Imesh -Iquadrature -Itime -Iutilities -Ialgorithm -Ialgorithm/solver -Ialgorithm/runtime_constants -Ialgorithm/timestepping -Ialgorithm/transport -Ialgorithm/transport/common -Ialgorithm/transport/control -Ialgorithm/transport/ffsl -Ialgorithm/transport/mol -Ialgorithm/transport/sl -Ialgorithm/initialisation -Ialgorithm/physics -Ialgorithm/core_dynamics -Ialgorithm/diagnostics -Ialgorithm/diffusion -Ialgorithm/interpolation -Ialgorithm/limited_area -Ikernel -Ikernel/algebra -Ikernel/columnwise_operators -Ikernel/fem -Ikernel/geometry -Ikernel/inter_element_order -Ikernel/inter_function_space -Ikernel/inter_mesh -Ikernel/solver -Ikernel/core_dynamics -Ikernel/diagnostics -Ikernel/diffusion -Ikernel/external_forcing -Ikernel/initialisation -Ikernel/limited_area -Ikernel/transport -Ikernel/transport/common -Ikernel/transport/fem -Ikernel/transport/ffsl -Ikernel/transport/mol -Ikernel/transport/sl -Ipsy -Isolver -Iinventory -Idiagnostics -Idriver -Idriver/constants -Idriver/iau_multifile_io -Iinitialisation -Iorography -Iphysics -Iconstants -Ivector_space -DLEGACY_MPI -DLEGACY_TIMER -DTIMING_ON -DRDEF_PRECISION=32 -DR_SOLVER_PRECISION=32 -DR_TRAN_PRECISION=32 -DR_BL_PRECISION=32 -DUSE_XIOS -c -o orography/analytic_orography_mod.o orography/analytic_orography_mod.F90 -I/opt/cray/pe/mpich/8.1.32/ofi/gnu/11.2/include -I/opt/cray/pe/mpich/8.1.32/ofi/gnu/11.2/include
[cc] ftn -I/mnt/lustre/e1000/home/z19/z19/lparisi/nfs-testing/environments/benchmarks/opt/linux-rhel9-zen5/gcc-14.2/pfunit-4.12.0-mmtcyvubeu4pxjj5wnfcyz4lbatpghmw/PFUNIT-4.12/include -I/mnt/lustre/e1000/home/z19/z19/lparisi/nfs-testing/environments/benchmarks/opt/linux-rhel9-zen5/gcc-14.2/shumlib-13.0-s2o3dzmwn456wxjsj6jztzd4c5pdctms/include -I/mnt/lustre/e1000/home/z19/z19/lparisi/nfs-testing/environments/benchmarks/opt/linux-rhel9-zen5/gcc-14.2/yaxt-0.11.3-algx2ie6ibanzuhi6k7szojlr2bcetau/include -I/mnt/lustre/e1000/home/z19/z19/lparisi/nfs-testing/environments/benchmarks/opt/linux-rhel9-zen5/gcc-14.2/fargparse-1.9.0-pxhk5m5qndtahdqscaiz2t2s7bnlajcm/FARGPARSE-1.9/include -I/mnt/lustre/e1000/home/z19/z19/lparisi/nfs-testing/environments/benchmarks/opt/linux-rhel9-zen5/gcc-14.2/gftl-shared-1.10.0-xl3tnp2so4qxp5ranh4shjrz7rch22ro/GFTL_SHARED-1.10/include -ffree-line-length-none -fallow-argument-mismatch -fopenmp -g -Wall -Werror=conversion -Werror=unused-variable -Werror=character-truncation -Werror=unused-value -Werror=tabs -Og -std=f2008 -Jmod -Imod -Ifield -Ioperator -Iscalar -IPSYKE -Iconfiguration -Ifunction_space -Ifunction_space/dofmap -Iio -Ikernel_metadata -Ikey_value -Imesh -Iquadrature -Itime -Iutilities -Ialgorithm -Ialgorithm/solver -Ialgorithm/runtime_constants -Ialgorithm/timestepping -Ialgorithm/transport -Ialgorithm/transport/common -Ialgorithm/transport/control -Ialgorithm/transport/ffsl -Ialgorithm/transport/mol -Ialgorithm/transport/sl -Ialgorithm/initialisation -Ialgorithm/physics -Ialgorithm/core_dynamics -Ialgorithm/diagnostics -Ialgorithm/diffusion -Ialgorithm/interpolation -Ialgorithm/limited_area -Ikernel -Ikernel/algebra -Ikernel/columnwise_operators -Ikernel/fem -Ikernel/geometry -Ikernel/inter_element_order -Ikernel/inter_function_space -Ikernel/inter_mesh -Ikernel/solver -Ikernel/core_dynamics -Ikernel/diagnostics -Ikernel/diffusion -Ikernel/external_forcing -Ikernel/initialisation -Ikernel/limited_area -Ikernel/transport -Ikernel/transport/common -Ikernel/transport/fem -Ikernel/transport/ffsl -Ikernel/transport/mol -Ikernel/transport/sl -Ipsy -Isolver -Iinventory -Idiagnostics -Idriver -Idriver/constants -Idriver/iau_multifile_io -Iinitialisation -Iorography -Iphysics -Iconstants -Ivector_space -DLEGACY_MPI -DLEGACY_TIMER -DTIMING_ON -DRDEF_PRECISION=32 -DR_SOLVER_PRECISION=32 -DR_TRAN_PRECISION=32 -DR_BL_PRECISION=32 -DUSE_XIOS -c -o kernel/transport/ffsl/subgrid_vertical_support_mod.o kernel/transport/ffsl/subgrid_vertical_support_mod.F90 -I/opt/cray/pe/mpich/8.1.32/ofi/gnu/11.2/include -I/opt/cray/pe/mpich/8.1.32/ofi/gnu/11.2/include
[cc] ftn -I/mnt/lustre/e1000/home/z19/z19/lparisi/nfs-testing/environments/benchmarks/opt/linux-rhel9-zen5/gcc-14.2/pfunit-4.12.0-mmtcyvubeu4pxjj5wnfcyz4lbatpghmw/PFUNIT-4.12/include -I/mnt/lustre/e1000/home/z19/z19/lparisi/nfs-testing/environments/benchmarks/opt/linux-rhel9-zen5/gcc-14.2/shumlib-13.0-s2o3dzmwn456wxjsj6jztzd4c5pdctms/include -I/mnt/lustre/e1000/home/z19/z19/lparisi/nfs-testing/environments/benchmarks/opt/linux-rhel9-zen5/gcc-14.2/yaxt-0.11.3-algx2ie6ibanzuhi6k7szojlr2bcetau/include -I/mnt/lustre/e1000/home/z19/z19/lparisi/nfs-testing/environments/benchmarks/opt/linux-rhel9-zen5/gcc-14.2/fargparse-1.9.0-pxhk5m5qndtahdqscaiz2t2s7bnlajcm/FARGPARSE-1.9/include -I/mnt/lustre/e1000/home/z19/z19/lparisi/nfs-testing/environments/benchmarks/opt/linux-rhel9-zen5/gcc-14.2/gftl-shared-1.10.0-xl3tnp2so4qxp5ranh4shjrz7rch22ro/GFTL_SHARED-1.10/include -ffree-line-length-none -fallow-argument-mismatch -fopenmp -g -Wall -Werror=conversion -Werror=unused-variable -Werror=character-truncation -Werror=unused-value -Werror=tabs -Og -std=f2008 -Jmod -Imod -Ifield -Ioperator -Iscalar -IPSYKE -Iconfiguration -Ifunction_space -Ifunction_space/dofmap -Iio -Ikernel_metadata -Ikey_value -Imesh -Iquadrature -Itime -Iutilities -Ialgorithm -Ialgorithm/solver -Ialgorithm/runtime_constants -Ialgorithm/timestepping -Ialgorithm/transport -Ialgorithm/transport/common -Ialgorithm/transport/control -Ialgorithm/transport/ffsl -Ialgorithm/transport/mol -Ialgorithm/transport/sl -Ialgorithm/initialisation -Ialgorithm/physics -Ialgorithm/core_dynamics -Ialgorithm/diagnostics -Ialgorithm/diffusion -Ialgorithm/interpolation -Ialgorithm/limited_area -Ikernel -Ikernel/algebra -Ikernel/columnwise_operators -Ikernel/fem -Ikernel/geometry -Ikernel/inter_element_order -Ikernel/inter_function_space -Ikernel/inter_mesh -Ikernel/solver -Ikernel/core_dynamics -Ikernel/diagnostics -Ikernel/diffusion -Ikernel/external_forcing -Ikernel/initialisation -Ikernel/limited_area -Ikernel/transport -Ikernel/transport/common -Ikernel/transport/fem -Ikernel/transport/ffsl -Ikernel/transport/mol -Ikernel/transport/sl -Ipsy -Isolver -Iinventory -Idiagnostics -Idriver -Idriver/constants -Idriver/iau_multifile_io -Iinitialisation -Iorography -Iphysics -Iconstants -Ivector_space -DLEGACY_MPI -DLEGACY_TIMER -DTIMING_ON -DRDEF_PRECISION=32 -DR_SOLVER_PRECISION=32 -DR_TRAN_PRECISION=32 -DR_BL_PRECISION=32 -DUSE_XIOS -c -o kernel/transport/mol/koren_support_mod.o kernel/transport/mol/koren_support_mod.F90 -I/opt/cray/pe/mpich/8.1.32/ofi/gnu/11.2/include -I/opt/cray/pe/mpich/8.1.32/ofi/gnu/11.2/include
[cc] ftn -I/mnt/lustre/e1000/home/z19/z19/lparisi/nfs-testing/environments/benchmarks/opt/linux-rhel9-zen5/gcc-14.2/pfunit-4.12.0-mmtcyvubeu4pxjj5wnfcyz4lbatpghmw/PFUNIT-4.12/include -I/mnt/lustre/e1000/home/z19/z19/lparisi/nfs-testing/environments/benchmarks/opt/linux-rhel9-zen5/gcc-14.2/shumlib-13.0-s2o3dzmwn456wxjsj6jztzd4c5pdctms/include -I/mnt/lustre/e1000/home/z19/z19/lparisi/nfs-testing/environments/benchmarks/opt/linux-rhel9-zen5/gcc-14.2/yaxt-0.11.3-algx2ie6ibanzuhi6k7szojlr2bcetau/include -I/mnt/lustre/e1000/home/z19/z19/lparisi/nfs-testing/environments/benchmarks/opt/linux-rhel9-zen5/gcc-14.2/fargparse-1.9.0-pxhk5m5qndtahdqscaiz2t2s7bnlajcm/FARGPARSE-1.9/include -I/mnt/lustre/e1000/home/z19/z19/lparisi/nfs-testing/environments/benchmarks/opt/linux-rhel9-zen5/gcc-14.2/gftl-shared-1.10.0-xl3tnp2so4qxp5ranh4shjrz7rch22ro/GFTL_SHARED-1.10/include -ffree-line-length-none -fallow-argument-mismatch -fopenmp -g -Wall -Werror=conversion -Werror=unused-variable -Werror=character-truncation -Werror=unused-value -Werror=tabs -Og -std=f2008 -Jmod -Imod -Ifield -Ioperator -Iscalar -IPSYKE -Iconfiguration -Ifunction_space -Ifunction_space/dofmap -Iio -Ikernel_metadata -Ikey_value -Imesh -Iquadrature -Itime -Iutilities -Ialgorithm -Ialgorithm/solver -Ialgorithm/runtime_constants -Ialgorithm/timestepping -Ialgorithm/transport -Ialgorithm/transport/common -Ialgorithm/transport/control -Ialgorithm/transport/ffsl -Ialgorithm/transport/mol -Ialgorithm/transport/sl -Ialgorithm/initialisation -Ialgorithm/physics -Ialgorithm/core_dynamics -Ialgorithm/diagnostics -Ialgorithm/diffusion -Ialgorithm/interpolation -Ialgorithm/limited_area -Ikernel -Ikernel/algebra -Ikernel/columnwise_operators -Ikernel/fem -Ikernel/geometry -Ikernel/inter_element_order -Ikernel/inter_function_space -Ikernel/inter_mesh -Ikernel/solver -Ikernel/core_dynamics -Ikernel/diagnostics -Ikernel/diffusion -Ikernel/external_forcing -Ikernel/initialisation -Ikernel/limited_area -Ikernel/transport -Ikernel/transport/common -Ikernel/transport/fem -Ikernel/transport/ffsl -Ikernel/transport/mol -Ikernel/transport/sl -Ipsy -Isolver -Iinventory -Idiagnostics -Idriver -Idriver/constants -Idriver/iau_multifile_io -Iinitialisation -Iorography -Iphysics -Iconstants -Ivector_space -DLEGACY_MPI -DLEGACY_TIMER -DTIMING_ON -DRDEF_PRECISION=32 -DR_SOLVER_PRECISION=32 -DR_TRAN_PRECISION=32 -DR_BL_PRECISION=32 -DUSE_XIOS -c -o kernel/transport/ffsl/subgrid_horizontal_support_mod.o kernel/transport/ffsl/subgrid_horizontal_support_mod.F90 -I/opt/cray/pe/mpich/8.1.32/ofi/gnu/11.2/include -I/opt/cray/pe/mpich/8.1.32/ofi/gnu/11.2/include
[cc] ftn -I/mnt/lustre/e1000/home/z19/z19/lparisi/nfs-testing/environments/benchmarks/opt/linux-rhel9-zen5/gcc-14.2/pfunit-4.12.0-mmtcyvubeu4pxjj5wnfcyz4lbatpghmw/PFUNIT-4.12/include -I/mnt/lustre/e1000/home/z19/z19/lparisi/nfs-testing/environments/benchmarks/opt/linux-rhel9-zen5/gcc-14.2/shumlib-13.0-s2o3dzmwn456wxjsj6jztzd4c5pdctms/include -I/mnt/lustre/e1000/home/z19/z19/lparisi/nfs-testing/environments/benchmarks/opt/linux-rhel9-zen5/gcc-14.2/yaxt-0.11.3-algx2ie6ibanzuhi6k7szojlr2bcetau/include -I/mnt/lustre/e1000/home/z19/z19/lparisi/nfs-testing/environments/benchmarks/opt/linux-rhel9-zen5/gcc-14.2/fargparse-1.9.0-pxhk5m5qndtahdqscaiz2t2s7bnlajcm/FARGPARSE-1.9/include -I/mnt/lustre/e1000/home/z19/z19/lparisi/nfs-testing/environments/benchmarks/opt/linux-rhel9-zen5/gcc-14.2/gftl-shared-1.10.0-xl3tnp2so4qxp5ranh4shjrz7rch22ro/GFTL_SHARED-1.10/include -ffree-line-length-none -fallow-argument-mismatch -fopenmp -g -Wall -Werror=conversion -Werror=unused-variable -Werror=character-truncation -Werror=unused-value -Werror=tabs -Og -std=f2008 -Jmod -Imod -Ifield -Ioperator -Iscalar -IPSYKE -Iconfiguration -Ifunction_space -Ifunction_space/dofmap -Iio -Ikernel_metadata -Ikey_value -Imesh -Iquadrature -Itime -Iutilities -Ialgorithm -Ialgorithm/solver -Ialgorithm/runtime_constants -Ialgorithm/timestepping -Ialgorithm/transport -Ialgorithm/transport/common -Ialgorithm/transport/control -Ialgorithm/transport/ffsl -Ialgorithm/transport/mol -Ialgorithm/transport/sl -Ialgorithm/initialisation -Ialgorithm/physics -Ialgorithm/core_dynamics -Ialgorithm/diagnostics -Ialgorithm/diffusion -Ialgorithm/interpolation -Ialgorithm/limited_area -Ikernel -Ikernel/algebra -Ikernel/columnwise_operators -Ikernel/fem -Ikernel/geometry -Ikernel/inter_element_order -Ikernel/inter_function_space -Ikernel/inter_mesh -Ikernel/solver -Ikernel/core_dynamics -Ikernel/diagnostics -Ikernel/diffusion -Ikernel/external_forcing -Ikernel/initialisation -Ikernel/limited_area -Ikernel/transport -Ikernel/transport/common -Ikernel/transport/fem -Ikernel/transport/ffsl -Ikernel/transport/mol -Ikernel/transport/sl -Ipsy -Isolver -Iinventory -Idiagnostics -Idriver -Idriver/constants -Idriver/iau_multifile_io -Iinitialisation -Iorography -Iphysics -Iconstants -Ivector_space -DLEGACY_MPI -DLEGACY_TIMER -DTIMING_ON -DRDEF_PRECISION=32 -DR_SOLVER_PRECISION=32 -DR_TRAN_PRECISION=32 -DR_BL_PRECISION=32 -DUSE_XIOS -c -o kernel/external_forcing/prof_temporal_interp_mod.o kernel/external_forcing/prof_temporal_interp_mod.F90 -I/opt/cray/pe/mpich/8.1.32/ofi/gnu/11.2/include -I/opt/cray/pe/mpich/8.1.32/ofi/gnu/11.2/include
[cc] ftn -I/mnt/lustre/e1000/home/z19/z19/lparisi/nfs-testing/environments/benchmarks/opt/linux-rhel9-zen5/gcc-14.2/pfunit-4.12.0-mmtcyvubeu4pxjj5wnfcyz4lbatpghmw/PFUNIT-4.12/include -I/mnt/lustre/e1000/home/z19/z19/lparisi/nfs-testing/environments/benchmarks/opt/linux-rhel9-zen5/gcc-14.2/shumlib-13.0-s2o3dzmwn456wxjsj6jztzd4c5pdctms/include -I/mnt/lustre/e1000/home/z19/z19/lparisi/nfs-testing/environments/benchmarks/opt/linux-rhel9-zen5/gcc-14.2/yaxt-0.11.3-algx2ie6ibanzuhi6k7szojlr2bcetau/include -I/mnt/lustre/e1000/home/z19/z19/lparisi/nfs-testing/environments/benchmarks/opt/linux-rhel9-zen5/gcc-14.2/fargparse-1.9.0-pxhk5m5qndtahdqscaiz2t2s7bnlajcm/FARGPARSE-1.9/include -I/mnt/lustre/e1000/home/z19/z19/lparisi/nfs-testing/environments/benchmarks/opt/linux-rhel9-zen5/gcc-14.2/gftl-shared-1.10.0-xl3tnp2so4qxp5ranh4shjrz7rch22ro/GFTL_SHARED-1.10/include -ffree-line-length-none -fallow-argument-mismatch -fopenmp -g -Wall -Werror=conversion -Werror=unused-variable -Werror=character-truncation -Werror=unused-value -Werror=tabs -Og -std=f2008 -Jmod -Imod -Ifield -Ioperator -Iscalar -IPSYKE -Iconfiguration -Ifunction_space -Ifunction_space/dofmap -Iio -Ikernel_metadata -Ikey_value -Imesh -Iquadrature -Itime -Iutilities -Ialgorithm -Ialgorithm/solver -Ialgorithm/runtime_constants -Ialgorithm/timestepping -Ialgorithm/transport -Ialgorithm/transport/common -Ialgorithm/transport/control -Ialgorithm/transport/ffsl -Ialgorithm/transport/mol -Ialgorithm/transport/sl -Ialgorithm/initialisation -Ialgorithm/physics -Ialgorithm/core_dynamics -Ialgorithm/diagnostics -Ialgorithm/diffusion -Ialgorithm/interpolation -Ialgorithm/limited_area -Ikernel -Ikernel/algebra -Ikernel/columnwise_operators -Ikernel/fem -Ikernel/geometry -Ikernel/inter_element_order -Ikernel/inter_function_space -Ikernel/inter_mesh -Ikernel/solver -Ikernel/core_dynamics -Ikernel/diagnostics -Ikernel/diffusion -Ikernel/external_forcing -Ikernel/initialisation -Ikernel/limited_area -Ikernel/transport -Ikernel/transport/common -Ikernel/transport/fem -Ikernel/transport/ffsl -Ikernel/transport/mol -Ikernel/transport/sl -Ipsy -Isolver -Iinventory -Idiagnostics -Idriver -Idriver/constants -Idriver/iau_multifile_io -Iinitialisation -Iorography -Iphysics -Iconstants -Ivector_space -DLEGACY_MPI -DLEGACY_TIMER -DTIMING_ON -DRDEF_PRECISION=32 -DR_SOLVER_PRECISION=32 -DR_TRAN_PRECISION=32 -DR_BL_PRECISION=32 -DUSE_XIOS -c -o utilities/linked_list_mod.o utilities/linked_list_mod.F90 -I/opt/cray/pe/mpich/8.1.32/ofi/gnu/11.2/include -I/opt/cray/pe/mpich/8.1.32/ofi/gnu/11.2/include
[cc] ftn -I/mnt/lustre/e1000/home/z19/z19/lparisi/nfs-testing/environments/benchmarks/opt/linux-rhel9-zen5/gcc-14.2/pfunit-4.12.0-mmtcyvubeu4pxjj5wnfcyz4lbatpghmw/PFUNIT-4.12/include -I/mnt/lustre/e1000/home/z19/z19/lparisi/nfs-testing/environments/benchmarks/opt/linux-rhel9-zen5/gcc-14.2/shumlib-13.0-s2o3dzmwn456wxjsj6jztzd4c5pdctms/include -I/mnt/lustre/e1000/home/z19/z19/lparisi/nfs-testing/environments/benchmarks/opt/linux-rhel9-zen5/gcc-14.2/yaxt-0.11.3-algx2ie6ibanzuhi6k7szojlr2bcetau/include -I/mnt/lustre/e1000/home/z19/z19/lparisi/nfs-testing/environments/benchmarks/opt/linux-rhel9-zen5/gcc-14.2/fargparse-1.9.0-pxhk5m5qndtahdqscaiz2t2s7bnlajcm/FARGPARSE-1.9/include -I/mnt/lustre/e1000/home/z19/z19/lparisi/nfs-testing/environments/benchmarks/opt/linux-rhel9-zen5/gcc-14.2/gftl-shared-1.10.0-xl3tnp2so4qxp5ranh4shjrz7rch22ro/GFTL_SHARED-1.10/include -ffree-line-length-none -fallow-argument-mismatch -fopenmp -g -Wall -Werror=conversion -Werror=unused-variable -Werror=character-truncation -Werror=unused-value -Werror=tabs -Og -std=f2008 -Jmod -Imod -Ifield -Ioperator -Iscalar -IPSYKE -Iconfiguration -Ifunction_space -Ifunction_space/dofmap -Iio -Ikernel_metadata -Ikey_value -Imesh -Iquadrature -Itime -Iutilities -Ialgorithm -Ialgorithm/solver -Ialgorithm/runtime_constants -Ialgorithm/timestepping -Ialgorithm/transport -Ialgorithm/transport/common -Ialgorithm/transport/control -Ialgorithm/transport/ffsl -Ialgorithm/transport/mol -Ialgorithm/transport/sl -Ialgorithm/initialisation -Ialgorithm/physics -Ialgorithm/core_dynamics -Ialgorithm/diagnostics -Ialgorithm/diffusion -Ialgorithm/interpolation -Ialgorithm/limited_area -Ikernel -Ikernel/algebra -Ikernel/columnwise_operators -Ikernel/fem -Ikernel/geometry -Ikernel/inter_element_order -Ikernel/inter_function_space -Ikernel/inter_mesh -Ikernel/solver -Ikernel/core_dynamics -Ikernel/diagnostics -Ikernel/diffusion -Ikernel/external_forcing -Ikernel/initialisation -Ikernel/limited_area -Ikernel/transport -Ikernel/transport/common -Ikernel/transport/fem -Ikernel/transport/ffsl -Ikernel/transport/mol -Ikernel/transport/sl -Ipsy -Isolver -Iinventory -Idiagnostics -Idriver -Idriver/constants -Idriver/iau_multifile_io -Iinitialisation -Iorography -Iphysics -Iconstants -Ivector_space -DLEGACY_MPI -DLEGACY_TIMER -DTIMING_ON -DRDEF_PRECISION=32 -DR_SOLVER_PRECISION=32 -DR_TRAN_PRECISION=32 -DR_BL_PRECISION=32 -DUSE_XIOS -c -o utilities/log_mod.o utilities/log_mod.F90 -I/opt/cray/pe/mpich/8.1.32/ofi/gnu/11.2/include -I/opt/cray/pe/mpich/8.1.32/ofi/gnu/11.2/include
[cc] ftn -I/mnt/lustre/e1000/home/z19/z19/lparisi/nfs-testing/environments/benchmarks/opt/linux-rhel9-zen5/gcc-14.2/pfunit-4.12.0-mmtcyvubeu4pxjj5wnfcyz4lbatpghmw/PFUNIT-4.12/include -I/mnt/lustre/e1000/home/z19/z19/lparisi/nfs-testing/environments/benchmarks/opt/linux-rhel9-zen5/gcc-14.2/shumlib-13.0-s2o3dzmwn456wxjsj6jztzd4c5pdctms/include -I/mnt/lustre/e1000/home/z19/z19/lparisi/nfs-testing/environments/benchmarks/opt/linux-rhel9-zen5/gcc-14.2/yaxt-0.11.3-algx2ie6ibanzuhi6k7szojlr2bcetau/include -I/mnt/lustre/e1000/home/z19/z19/lparisi/nfs-testing/environments/benchmarks/opt/linux-rhel9-zen5/gcc-14.2/fargparse-1.9.0-pxhk5m5qndtahdqscaiz2t2s7bnlajcm/FARGPARSE-1.9/include -I/mnt/lustre/e1000/home/z19/z19/lparisi/nfs-testing/environments/benchmarks/opt/linux-rhel9-zen5/gcc-14.2/gftl-shared-1.10.0-xl3tnp2so4qxp5ranh4shjrz7rch22ro/GFTL_SHARED-1.10/include -ffree-line-length-none -fallow-argument-mismatch -fopenmp -g -Wall -Werror=conversion -Werror=unused-variable -Werror=character-truncation -Werror=unused-value -Werror=tabs -Og -std=f2008 -Jmod -Imod -Ifield -Ioperator -Iscalar -IPSYKE -Iconfiguration -Ifunction_space -Ifunction_space/dofmap -Iio -Ikernel_metadata -Ikey_value -Imesh -Iquadrature -Itime -Iutilities -Ialgorithm -Ialgorithm/solver -Ialgorithm/runtime_constants -Ialgorithm/timestepping -Ialgorithm/transport -Ialgorithm/transport/common -Ialgorithm/transport/control -Ialgorithm/transport/ffsl -Ialgorithm/transport/mol -Ialgorithm/transport/sl -Ialgorithm/initialisation -Ialgorithm/physics -Ialgorithm/core_dynamics -Ialgorithm/diagnostics -Ialgorithm/diffusion -Ialgorithm/interpolation -Ialgorithm/limited_area -Ikernel -Ikernel/algebra -Ikernel/columnwise_operators -Ikernel/fem -Ikernel/geometry -Ikernel/inter_element_order -Ikernel/inter_function_space -Ikernel/inter_mesh -Ikernel/solver -Ikernel/core_dynamics -Ikernel/diagnostics -Ikernel/diffusion -Ikernel/external_forcing -Ikernel/initialisation -Ikernel/limited_area -Ikernel/transport -Ikernel/transport/common -Ikernel/transport/fem -Ikernel/transport/ffsl -Ikernel/transport/mol -Ikernel/transport/sl -Ipsy -Isolver -Iinventory -Idiagnostics -Idriver -Idriver/constants -Idriver/iau_multifile_io -Iinitialisation -Iorography -Iphysics -Iconstants -Ivector_space -DLEGACY_MPI -DLEGACY_TIMER -DTIMING_ON -DRDEF_PRECISION=32 -DR_SOLVER_PRECISION=32 -DR_TRAN_PRECISION=32 -DR_BL_PRECISION=32 -DUSE_XIOS -c -o io/file_mod.o io/file_mod.F90 -I/opt/cray/pe/mpich/8.1.32/ofi/gnu/11.2/include -I/opt/cray/pe/mpich/8.1.32/ofi/gnu/11.2/include
[cc] ftn -I/mnt/lustre/e1000/home/z19/z19/lparisi/nfs-testing/environments/benchmarks/opt/linux-rhel9-zen5/gcc-14.2/pfunit-4.12.0-mmtcyvubeu4pxjj5wnfcyz4lbatpghmw/PFUNIT-4.12/include -I/mnt/lustre/e1000/home/z19/z19/lparisi/nfs-testing/environments/benchmarks/opt/linux-rhel9-zen5/gcc-14.2/shumlib-13.0-s2o3dzmwn456wxjsj6jztzd4c5pdctms/include -I/mnt/lustre/e1000/home/z19/z19/lparisi/nfs-testing/environments/benchmarks/opt/linux-rhel9-zen5/gcc-14.2/yaxt-0.11.3-algx2ie6ibanzuhi6k7szojlr2bcetau/include -I/mnt/lustre/e1000/home/z19/z19/lparisi/nfs-testing/environments/benchmarks/opt/linux-rhel9-zen5/gcc-14.2/fargparse-1.9.0-pxhk5m5qndtahdqscaiz2t2s7bnlajcm/FARGPARSE-1.9/include -I/mnt/lustre/e1000/home/z19/z19/lparisi/nfs-testing/environments/benchmarks/opt/linux-rhel9-zen5/gcc-14.2/gftl-shared-1.10.0-xl3tnp2so4qxp5ranh4shjrz7rch22ro/GFTL_SHARED-1.10/include -ffree-line-length-none -fallow-argument-mismatch -fopenmp -g -Wall -Werror=conversion -Werror=unused-variable -Werror=character-truncation -Werror=unused-value -Werror=tabs -Og -std=f2008 -Jmod -Imod -Ifield -Ioperator -Iscalar -IPSYKE -Iconfiguration -Ifunction_space -Ifunction_space/dofmap -Iio -Ikernel_metadata -Ikey_value -Imesh -Iquadrature -Itime -Iutilities -Ialgorithm -Ialgorithm/solver -Ialgorithm/runtime_constants -Ialgorithm/timestepping -Ialgorithm/transport -Ialgorithm/transport/common -Ialgorithm/transport/control -Ialgorithm/transport/ffsl -Ialgorithm/transport/mol -Ialgorithm/transport/sl -Ialgorithm/initialisation -Ialgorithm/physics -Ialgorithm/core_dynamics -Ialgorithm/diagnostics -Ialgorithm/diffusion -Ialgorithm/interpolation -Ialgorithm/limited_area -Ikernel -Ikernel/algebra -Ikernel/columnwise_operators -Ikernel/fem -Ikernel/geometry -Ikernel/inter_element_order -Ikernel/inter_function_space -Ikernel/inter_mesh -Ikernel/solver -Ikernel/core_dynamics -Ikernel/diagnostics -Ikernel/diffusion -Ikernel/external_forcing -Ikernel/initialisation -Ikernel/limited_area -Ikernel/transport -Ikernel/transport/common -Ikernel/transport/fem -Ikernel/transport/ffsl -Ikernel/transport/mol -Ikernel/transport/sl -Ipsy -Isolver -Iinventory -Idiagnostics -Idriver -Idriver/constants -Idriver/iau_multifile_io -Iinitialisation -Iorography -Iphysics -Iconstants -Ivector_space -DLEGACY_MPI -DLEGACY_TIMER -DTIMING_ON -DRDEF_PRECISION=32 -DR_SOLVER_PRECISION=32 -DR_TRAN_PRECISION=32 -DR_BL_PRECISION=32 -DUSE_XIOS -c -o utilities/linked_list_int_mod.o utilities/linked_list_int_mod.F90 -I/opt/cray/pe/mpich/8.1.32/ofi/gnu/11.2/include -I/opt/cray/pe/mpich/8.1.32/ofi/gnu/11.2/include
[cc] ftn -I/mnt/lustre/e1000/home/z19/z19/lparisi/nfs-testing/environments/benchmarks/opt/linux-rhel9-zen5/gcc-14.2/pfunit-4.12.0-mmtcyvubeu4pxjj5wnfcyz4lbatpghmw/PFUNIT-4.12/include -I/mnt/lustre/e1000/home/z19/z19/lparisi/nfs-testing/environments/benchmarks/opt/linux-rhel9-zen5/gcc-14.2/shumlib-13.0-s2o3dzmwn456wxjsj6jztzd4c5pdctms/include -I/mnt/lustre/e1000/home/z19/z19/lparisi/nfs-testing/environments/benchmarks/opt/linux-rhel9-zen5/gcc-14.2/yaxt-0.11.3-algx2ie6ibanzuhi6k7szojlr2bcetau/include -I/mnt/lustre/e1000/home/z19/z19/lparisi/nfs-testing/environments/benchmarks/opt/linux-rhel9-zen5/gcc-14.2/fargparse-1.9.0-pxhk5m5qndtahdqscaiz2t2s7bnlajcm/FARGPARSE-1.9/include -I/mnt/lustre/e1000/home/z19/z19/lparisi/nfs-testing/environments/benchmarks/opt/linux-rhel9-zen5/gcc-14.2/gftl-shared-1.10.0-xl3tnp2so4qxp5ranh4shjrz7rch22ro/GFTL_SHARED-1.10/include -ffree-line-length-none -fallow-argument-mismatch -fopenmp -g -Wall -Werror=conversion -Werror=unused-variable -Werror=character-truncation -Werror=unused-value -Werror=tabs -Og -std=f2008 -Jmod -Imod -Ifield -Ioperator -Iscalar -IPSYKE -Iconfiguration -Ifunction_space -Ifunction_space/dofmap -Iio -Ikernel_metadata -Ikey_value -Imesh -Iquadrature -Itime -Iutilities -Ialgorithm -Ialgorithm/solver -Ialgorithm/runtime_constants -Ialgorithm/timestepping -Ialgorithm/transport -Ialgorithm/transport/common -Ialgorithm/transport/control -Ialgorithm/transport/ffsl -Ialgorithm/transport/mol -Ialgorithm/transport/sl -Ialgorithm/initialisation -Ialgorithm/physics -Ialgorithm/core_dynamics -Ialgorithm/diagnostics -Ialgorithm/diffusion -Ialgorithm/interpolation -Ialgorithm/limited_area -Ikernel -Ikernel/algebra -Ikernel/columnwise_operators -Ikernel/fem -Ikernel/geometry -Ikernel/inter_element_order -Ikernel/inter_function_space -Ikernel/inter_mesh -Ikernel/solver -Ikernel/core_dynamics -Ikernel/diagnostics -Ikernel/diffusion -Ikernel/external_forcing -Ikernel/initialisation -Ikernel/limited_area -Ikernel/transport -Ikernel/transport/common -Ikernel/transport/fem -Ikernel/transport/ffsl -Ikernel/transport/mol -Ikernel/transport/sl -Ipsy -Isolver -Iinventory -Idiagnostics -Idriver -Idriver/constants -Idriver/iau_multifile_io -Iinitialisation -Iorography -Iphysics -Iconstants -Ivector_space -c -o field/pure_abstract_field_mod.o field/pure_abstract_field_mod.f90 -I/opt/cray/pe/mpich/8.1.32/ofi/gnu/11.2/include -I/opt/cray/pe/mpich/8.1.32/ofi/gnu/11.2/include
[cc] ftn -I/mnt/lustre/e1000/home/z19/z19/lparisi/nfs-testing/environments/benchmarks/opt/linux-rhel9-zen5/gcc-14.2/pfunit-4.12.0-mmtcyvubeu4pxjj5wnfcyz4lbatpghmw/PFUNIT-4.12/include -I/mnt/lustre/e1000/home/z19/z19/lparisi/nfs-testing/environments/benchmarks/opt/linux-rhel9-zen5/gcc-14.2/shumlib-13.0-s2o3dzmwn456wxjsj6jztzd4c5pdctms/include -I/mnt/lustre/e1000/home/z19/z19/lparisi/nfs-testing/environments/benchmarks/opt/linux-rhel9-zen5/gcc-14.2/yaxt-0.11.3-algx2ie6ibanzuhi6k7szojlr2bcetau/include -I/mnt/lustre/e1000/home/z19/z19/lparisi/nfs-testing/environments/benchmarks/opt/linux-rhel9-zen5/gcc-14.2/fargparse-1.9.0-pxhk5m5qndtahdqscaiz2t2s7bnlajcm/FARGPARSE-1.9/include -I/mnt/lustre/e1000/home/z19/z19/lparisi/nfs-testing/environments/benchmarks/opt/linux-rhel9-zen5/gcc-14.2/gftl-shared-1.10.0-xl3tnp2so4qxp5ranh4shjrz7rch22ro/GFTL_SHARED-1.10/include -ffree-line-length-none -fallow-argument-mismatch -fopenmp -g -Wall -Werror=conversion -Werror=unused-variable -Werror=character-truncation -Werror=unused-value -Werror=tabs -Og -std=f2008 -Jmod -Imod -Ifield -Ioperator -Iscalar -IPSYKE -Iconfiguration -Ifunction_space -Ifunction_space/dofmap -Iio -Ikernel_metadata -Ikey_value -Imesh -Iquadrature -Itime -Iutilities -Ialgorithm -Ialgorithm/solver -Ialgorithm/runtime_constants -Ialgorithm/timestepping -Ialgorithm/transport -Ialgorithm/transport/common -Ialgorithm/transport/control -Ialgorithm/transport/ffsl -Ialgorithm/transport/mol -Ialgorithm/transport/sl -Ialgorithm/initialisation -Ialgorithm/physics -Ialgorithm/core_dynamics -Ialgorithm/diagnostics -Ialgorithm/diffusion -Ialgorithm/interpolation -Ialgorithm/limited_area -Ikernel -Ikernel/algebra -Ikernel/columnwise_operators -Ikernel/fem -Ikernel/geometry -Ikernel/inter_element_order -Ikernel/inter_function_space -Ikernel/inter_mesh -Ikernel/solver -Ikernel/core_dynamics -Ikernel/diagnostics -Ikernel/diffusion -Ikernel/external_forcing -Ikernel/initialisation -Ikernel/limited_area -Ikernel/transport -Ikernel/transport/common -Ikernel/transport/fem -Ikernel/transport/ffsl -Ikernel/transport/mol -Ikernel/transport/sl -Ipsy -Isolver -Iinventory -Idiagnostics -Idriver -Idriver/constants -Idriver/iau_multifile_io -Iinitialisation -Iorography -Iphysics -Iconstants -Ivector_space -c -o lfric_xios_mock_data_mod.o lfric_xios_mock_data_mod.f90 -I/opt/cray/pe/mpich/8.1.32/ofi/gnu/11.2/include -I/opt/cray/pe/mpich/8.1.32/ofi/gnu/11.2/include
[cc] ftn -I/mnt/lustre/e1000/home/z19/z19/lparisi/nfs-testing/environments/benchmarks/opt/linux-rhel9-zen5/gcc-14.2/pfunit-4.12.0-mmtcyvubeu4pxjj5wnfcyz4lbatpghmw/PFUNIT-4.12/include -I/mnt/lustre/e1000/home/z19/z19/lparisi/nfs-testing/environments/benchmarks/opt/linux-rhel9-zen5/gcc-14.2/shumlib-13.0-s2o3dzmwn456wxjsj6jztzd4c5pdctms/include -I/mnt/lustre/e1000/home/z19/z19/lparisi/nfs-testing/environments/benchmarks/opt/linux-rhel9-zen5/gcc-14.2/yaxt-0.11.3-algx2ie6ibanzuhi6k7szojlr2bcetau/include -I/mnt/lustre/e1000/home/z19/z19/lparisi/nfs-testing/environments/benchmarks/opt/linux-rhel9-zen5/gcc-14.2/fargparse-1.9.0-pxhk5m5qndtahdqscaiz2t2s7bnlajcm/FARGPARSE-1.9/include -I/mnt/lustre/e1000/home/z19/z19/lparisi/nfs-testing/environments/benchmarks/opt/linux-rhel9-zen5/gcc-14.2/gftl-shared-1.10.0-xl3tnp2so4qxp5ranh4shjrz7rch22ro/GFTL_SHARED-1.10/include -ffree-line-length-none -fallow-argument-mismatch -fopenmp -g -Wall -Werror=conversion -Werror=unused-variable -Werror=character-truncation -Werror=unused-value -Werror=tabs -Og -std=f2008 -Jmod -Imod -Ifield -Ioperator -Iscalar -IPSYKE -Iconfiguration -Ifunction_space -Ifunction_space/dofmap -Iio -Ikernel_metadata -Ikey_value -Imesh -Iquadrature -Itime -Iutilities -Ialgorithm -Ialgorithm/solver -Ialgorithm/runtime_constants -Ialgorithm/timestepping -Ialgorithm/transport -Ialgorithm/transport/common -Ialgorithm/transport/control -Ialgorithm/transport/ffsl -Ialgorithm/transport/mol -Ialgorithm/transport/sl -Ialgorithm/initialisation -Ialgorithm/physics -Ialgorithm/core_dynamics -Ialgorithm/diagnostics -Ialgorithm/diffusion -Ialgorithm/interpolation -Ialgorithm/limited_area -Ikernel -Ikernel/algebra -Ikernel/columnwise_operators -Ikernel/fem -Ikernel/geometry -Ikernel/inter_element_order -Ikernel/inter_function_space -Ikernel/inter_mesh -Ikernel/solver -Ikernel/core_dynamics -Ikernel/diagnostics -Ikernel/diffusion -Ikernel/external_forcing -Ikernel/initialisation -Ikernel/limited_area -Ikernel/transport -Ikernel/transport/common -Ikernel/transport/fem -Ikernel/transport/ffsl -Ikernel/transport/mol -Ikernel/transport/sl -Ipsy -Isolver -Iinventory -Idiagnostics -Idriver -Idriver/constants -Idriver/iau_multifile_io -Iinitialisation -Iorography -Iphysics -Iconstants -Ivector_space -DLEGACY_MPI -DLEGACY_TIMER -DTIMING_ON -DRDEF_PRECISION=32 -DR_SOLVER_PRECISION=32 -DR_TRAN_PRECISION=32 -DR_BL_PRECISION=32 -DUSE_XIOS -c -o driver/constants/driver_water_constants_mod.o driver/constants/driver_water_constants_mod.F90 -I/opt/cray/pe/mpich/8.1.32/ofi/gnu/11.2/include -I/opt/cray/pe/mpich/8.1.32/ofi/gnu/11.2/include
[cc] ftn -I/mnt/lustre/e1000/home/z19/z19/lparisi/nfs-testing/environments/benchmarks/opt/linux-rhel9-zen5/gcc-14.2/pfunit-4.12.0-mmtcyvubeu4pxjj5wnfcyz4lbatpghmw/PFUNIT-4.12/include -I/mnt/lustre/e1000/home/z19/z19/lparisi/nfs-testing/environments/benchmarks/opt/linux-rhel9-zen5/gcc-14.2/shumlib-13.0-s2o3dzmwn456wxjsj6jztzd4c5pdctms/include -I/mnt/lustre/e1000/home/z19/z19/lparisi/nfs-testing/environments/benchmarks/opt/linux-rhel9-zen5/gcc-14.2/yaxt-0.11.3-algx2ie6ibanzuhi6k7szojlr2bcetau/include -I/mnt/lustre/e1000/home/z19/z19/lparisi/nfs-testing/environments/benchmarks/opt/linux-rhel9-zen5/gcc-14.2/fargparse-1.9.0-pxhk5m5qndtahdqscaiz2t2s7bnlajcm/FARGPARSE-1.9/include -I/mnt/lustre/e1000/home/z19/z19/lparisi/nfs-testing/environments/benchmarks/opt/linux-rhel9-zen5/gcc-14.2/gftl-shared-1.10.0-xl3tnp2so4qxp5ranh4shjrz7rch22ro/GFTL_SHARED-1.10/include -ffree-line-length-none -fallow-argument-mismatch -fopenmp -g -Wall -Werror=conversion -Werror=unused-variable -Werror=character-truncation -Werror=unused-value -Werror=tabs -Og -std=f2008 -Jmod -Imod -Ifield -Ioperator -Iscalar -IPSYKE -Iconfiguration -Ifunction_space -Ifunction_space/dofmap -Iio -Ikernel_metadata -Ikey_value -Imesh -Iquadrature -Itime -Iutilities -Ialgorithm -Ialgorithm/solver -Ialgorithm/runtime_constants -Ialgorithm/timestepping -Ialgorithm/transport -Ialgorithm/transport/common -Ialgorithm/transport/control -Ialgorithm/transport/ffsl -Ialgorithm/transport/mol -Ialgorithm/transport/sl -Ialgorithm/initialisation -Ialgorithm/physics -Ialgorithm/core_dynamics -Ialgorithm/diagnostics -Ialgorithm/diffusion -Ialgorithm/interpolation -Ialgorithm/limited_area -Ikernel -Ikernel/algebra -Ikernel/columnwise_operators -Ikernel/fem -Ikernel/geometry -Ikernel/inter_element_order -Ikernel/inter_function_space -Ikernel/inter_mesh -Ikernel/solver -Ikernel/core_dynamics -Ikernel/diagnostics -Ikernel/diffusion -Ikernel/external_forcing -Ikernel/initialisation -Ikernel/limited_area -Ikernel/transport -Ikernel/transport/common -Ikernel/transport/fem -Ikernel/transport/ffsl -Ikernel/transport/mol -Ikernel/transport/sl -Ipsy -Isolver -Iinventory -Idiagnostics -Idriver -Idriver/constants -Idriver/iau_multifile_io -Iinitialisation -Iorography -Iphysics -Iconstants -Ivector_space -DLEGACY_MPI -DLEGACY_TIMER -DTIMING_ON -DRDEF_PRECISION=32 -DR_SOLVER_PRECISION=32 -DR_TRAN_PRECISION=32 -DR_BL_PRECISION=32 -DUSE_XIOS -c -o kernel/geometry/sci_nodal_coordinates_kernel_mod.o kernel/geometry/sci_nodal_coordinates_kernel_mod.F90 -I/opt/cray/pe/mpich/8.1.32/ofi/gnu/11.2/include -I/opt/cray/pe/mpich/8.1.32/ofi/gnu/11.2/include
[cc] ftn -I/mnt/lustre/e1000/home/z19/z19/lparisi/nfs-testing/environments/benchmarks/opt/linux-rhel9-zen5/gcc-14.2/pfunit-4.12.0-mmtcyvubeu4pxjj5wnfcyz4lbatpghmw/PFUNIT-4.12/include -I/mnt/lustre/e1000/home/z19/z19/lparisi/nfs-testing/environments/benchmarks/opt/linux-rhel9-zen5/gcc-14.2/shumlib-13.0-s2o3dzmwn456wxjsj6jztzd4c5pdctms/include -I/mnt/lustre/e1000/home/z19/z19/lparisi/nfs-testing/environments/benchmarks/opt/linux-rhel9-zen5/gcc-14.2/yaxt-0.11.3-algx2ie6ibanzuhi6k7szojlr2bcetau/include -I/mnt/lustre/e1000/home/z19/z19/lparisi/nfs-testing/environments/benchmarks/opt/linux-rhel9-zen5/gcc-14.2/fargparse-1.9.0-pxhk5m5qndtahdqscaiz2t2s7bnlajcm/FARGPARSE-1.9/include -I/mnt/lustre/e1000/home/z19/z19/lparisi/nfs-testing/environments/benchmarks/opt/linux-rhel9-zen5/gcc-14.2/gftl-shared-1.10.0-xl3tnp2so4qxp5ranh4shjrz7rch22ro/GFTL_SHARED-1.10/include -ffree-line-length-none -fallow-argument-mismatch -fopenmp -g -Wall -Werror=conversion -Werror=unused-variable -Werror=character-truncation -Werror=unused-value -Werror=tabs -Og -std=f2008 -Jmod -Imod -Ifield -Ioperator -Iscalar -IPSYKE -Iconfiguration -Ifunction_space -Ifunction_space/dofmap -Iio -Ikernel_metadata -Ikey_value -Imesh -Iquadrature -Itime -Iutilities -Ialgorithm -Ialgorithm/solver -Ialgorithm/runtime_constants -Ialgorithm/timestepping -Ialgorithm/transport -Ialgorithm/transport/common -Ialgorithm/transport/control -Ialgorithm/transport/ffsl -Ialgorithm/transport/mol -Ialgorithm/transport/sl -Ialgorithm/initialisation -Ialgorithm/physics -Ialgorithm/core_dynamics -Ialgorithm/diagnostics -Ialgorithm/diffusion -Ialgorithm/interpolation -Ialgorithm/limited_area -Ikernel -Ikernel/algebra -Ikernel/columnwise_operators -Ikernel/fem -Ikernel/geometry -Ikernel/inter_element_order -Ikernel/inter_function_space -Ikernel/inter_mesh -Ikernel/solver -Ikernel/core_dynamics -Ikernel/diagnostics -Ikernel/diffusion -Ikernel/external_forcing -Ikernel/initialisation -Ikernel/limited_area -Ikernel/transport -Ikernel/transport/common -Ikernel/transport/fem -Ikernel/transport/ffsl -Ikernel/transport/mol -Ikernel/transport/sl -Ipsy -Isolver -Iinventory -Idiagnostics -Idriver -Idriver/constants -Idriver/iau_multifile_io -Iinitialisation -Iorography -Iphysics -Iconstants -Ivector_space -DLEGACY_MPI -DLEGACY_TIMER -DTIMING_ON -DRDEF_PRECISION=32 -DR_SOLVER_PRECISION=32 -DR_TRAN_PRECISION=32 -DR_BL_PRECISION=32 -DUSE_XIOS -c -o kernel/algebra/sci_compute_dof_level_kernel_mod.o kernel/algebra/sci_compute_dof_level_kernel_mod.F90 -I/opt/cray/pe/mpich/8.1.32/ofi/gnu/11.2/include -I/opt/cray/pe/mpich/8.1.32/ofi/gnu/11.2/include
[cc] ftn -I/mnt/lustre/e1000/home/z19/z19/lparisi/nfs-testing/environments/benchmarks/opt/linux-rhel9-zen5/gcc-14.2/pfunit-4.12.0-mmtcyvubeu4pxjj5wnfcyz4lbatpghmw/PFUNIT-4.12/include -I/mnt/lustre/e1000/home/z19/z19/lparisi/nfs-testing/environments/benchmarks/opt/linux-rhel9-zen5/gcc-14.2/shumlib-13.0-s2o3dzmwn456wxjsj6jztzd4c5pdctms/include -I/mnt/lustre/e1000/home/z19/z19/lparisi/nfs-testing/environments/benchmarks/opt/linux-rhel9-zen5/gcc-14.2/yaxt-0.11.3-algx2ie6ibanzuhi6k7szojlr2bcetau/include -I/mnt/lustre/e1000/home/z19/z19/lparisi/nfs-testing/environments/benchmarks/opt/linux-rhel9-zen5/gcc-14.2/fargparse-1.9.0-pxhk5m5qndtahdqscaiz2t2s7bnlajcm/FARGPARSE-1.9/include -I/mnt/lustre/e1000/home/z19/z19/lparisi/nfs-testing/environments/benchmarks/opt/linux-rhel9-zen5/gcc-14.2/gftl-shared-1.10.0-xl3tnp2so4qxp5ranh4shjrz7rch22ro/GFTL_SHARED-1.10/include -ffree-line-length-none -fallow-argument-mismatch -fopenmp -g -Wall -Werror=conversion -Werror=unused-variable -Werror=character-truncation -Werror=unused-value -Werror=tabs -Og -std=f2008 -Jmod -Imod -Ifield -Ioperator -Iscalar -IPSYKE -Iconfiguration -Ifunction_space -Ifunction_space/dofmap -Iio -Ikernel_metadata -Ikey_value -Imesh -Iquadrature -Itime -Iutilities -Ialgorithm -Ialgorithm/solver -Ialgorithm/runtime_constants -Ialgorithm/timestepping -Ialgorithm/transport -Ialgorithm/transport/common -Ialgorithm/transport/control -Ialgorithm/transport/ffsl -Ialgorithm/transport/mol -Ialgorithm/transport/sl -Ialgorithm/initialisation -Ialgorithm/physics -Ialgorithm/core_dynamics -Ialgorithm/diagnostics -Ialgorithm/diffusion -Ialgorithm/interpolation -Ialgorithm/limited_area -Ikernel -Ikernel/algebra -Ikernel/columnwise_operators -Ikernel/fem -Ikernel/geometry -Ikernel/inter_element_order -Ikernel/inter_function_space -Ikernel/inter_mesh -Ikernel/solver -Ikernel/core_dynamics -Ikernel/diagnostics -Ikernel/diffusion -Ikernel/external_forcing -Ikernel/initialisation -Ikernel/limited_area -Ikernel/transport -Ikernel/transport/common -Ikernel/transport/fem -Ikernel/transport/ffsl -Ikernel/transport/mol -Ikernel/transport/sl -Ipsy -Isolver -Iinventory -Idiagnostics -Idriver -Idriver/constants -Idriver/iau_multifile_io -Iinitialisation -Iorography -Iphysics -Iconstants -Ivector_space -DLEGACY_MPI -DLEGACY_TIMER -DTIMING_ON -DRDEF_PRECISION=32 -DR_SOLVER_PRECISION=32 -DR_TRAN_PRECISION=32 -DR_BL_PRECISION=32 -DUSE_XIOS -c -o kernel/inter_mesh/sci_prolong_scalar_linear_kernel_mod.o kernel/inter_mesh/sci_prolong_scalar_linear_kernel_mod.F90 -I/opt/cray/pe/mpich/8.1.32/ofi/gnu/11.2/include -I/opt/cray/pe/mpich/8.1.32/ofi/gnu/11.2/include
[cc] ftn -I/mnt/lustre/e1000/home/z19/z19/lparisi/nfs-testing/environments/benchmarks/opt/linux-rhel9-zen5/gcc-14.2/pfunit-4.12.0-mmtcyvubeu4pxjj5wnfcyz4lbatpghmw/PFUNIT-4.12/include -I/mnt/lustre/e1000/home/z19/z19/lparisi/nfs-testing/environments/benchmarks/opt/linux-rhel9-zen5/gcc-14.2/shumlib-13.0-s2o3dzmwn456wxjsj6jztzd4c5pdctms/include -I/mnt/lustre/e1000/home/z19/z19/lparisi/nfs-testing/environments/benchmarks/opt/linux-rhel9-zen5/gcc-14.2/yaxt-0.11.3-algx2ie6ibanzuhi6k7szojlr2bcetau/include -I/mnt/lustre/e1000/home/z19/z19/lparisi/nfs-testing/environments/benchmarks/opt/linux-rhel9-zen5/gcc-14.2/fargparse-1.9.0-pxhk5m5qndtahdqscaiz2t2s7bnlajcm/FARGPARSE-1.9/include -I/mnt/lustre/e1000/home/z19/z19/lparisi/nfs-testing/environments/benchmarks/opt/linux-rhel9-zen5/gcc-14.2/gftl-shared-1.10.0-xl3tnp2so4qxp5ranh4shjrz7rch22ro/GFTL_SHARED-1.10/include -ffree-line-length-none -fallow-argument-mismatch -fopenmp -g -Wall -Werror=conversion -Werror=unused-variable -Werror=character-truncation -Werror=unused-value -Werror=tabs -Og -std=f2008 -Jmod -Imod -Ifield -Ioperator -Iscalar -IPSYKE -Iconfiguration -Ifunction_space -Ifunction_space/dofmap -Iio -Ikernel_metadata -Ikey_value -Imesh -Iquadrature -Itime -Iutilities -Ialgorithm -Ialgorithm/solver -Ialgorithm/runtime_constants -Ialgorithm/timestepping -Ialgorithm/transport -Ialgorithm/transport/common -Ialgorithm/transport/control -Ialgorithm/transport/ffsl -Ialgorithm/transport/mol -Ialgorithm/transport/sl -Ialgorithm/initialisation -Ialgorithm/physics -Ialgorithm/core_dynamics -Ialgorithm/diagnostics -Ialgorithm/diffusion -Ialgorithm/interpolation -Ialgorithm/limited_area -Ikernel -Ikernel/algebra -Ikernel/columnwise_operators -Ikernel/fem -Ikernel/geometry -Ikernel/inter_element_order -Ikernel/inter_function_space -Ikernel/inter_mesh -Ikernel/solver -Ikernel/core_dynamics -Ikernel/diagnostics -Ikernel/diffusion -Ikernel/external_forcing -Ikernel/initialisation -Ikernel/limited_area -Ikernel/transport -Ikernel/transport/common -Ikernel/transport/fem -Ikernel/transport/ffsl -Ikernel/transport/mol -Ikernel/transport/sl -Ipsy -Isolver -Iinventory -Idiagnostics -Idriver -Idriver/constants -Idriver/iau_multifile_io -Iinitialisation -Iorography -Iphysics -Iconstants -Ivector_space -DLEGACY_MPI -DLEGACY_TIMER -DTIMING_ON -DRDEF_PRECISION=32 -DR_SOLVER_PRECISION=32 -DR_TRAN_PRECISION=32 -DR_BL_PRECISION=32 -DUSE_XIOS -c -o kernel/inter_mesh/sci_prolong_multidata_scalar_kernel_mod.o kernel/inter_mesh/sci_prolong_multidata_scalar_kernel_mod.F90 -I/opt/cray/pe/mpich/8.1.32/ofi/gnu/11.2/include -I/opt/cray/pe/mpich/8.1.32/ofi/gnu/11.2/include
[cc] ftn -I/mnt/lustre/e1000/home/z19/z19/lparisi/nfs-testing/environments/benchmarks/opt/linux-rhel9-zen5/gcc-14.2/pfunit-4.12.0-mmtcyvubeu4pxjj5wnfcyz4lbatpghmw/PFUNIT-4.12/include -I/mnt/lustre/e1000/home/z19/z19/lparisi/nfs-testing/environments/benchmarks/opt/linux-rhel9-zen5/gcc-14.2/shumlib-13.0-s2o3dzmwn456wxjsj6jztzd4c5pdctms/include -I/mnt/lustre/e1000/home/z19/z19/lparisi/nfs-testing/environments/benchmarks/opt/linux-rhel9-zen5/gcc-14.2/yaxt-0.11.3-algx2ie6ibanzuhi6k7szojlr2bcetau/include -I/mnt/lustre/e1000/home/z19/z19/lparisi/nfs-testing/environments/benchmarks/opt/linux-rhel9-zen5/gcc-14.2/fargparse-1.9.0-pxhk5m5qndtahdqscaiz2t2s7bnlajcm/FARGPARSE-1.9/include -I/mnt/lustre/e1000/home/z19/z19/lparisi/nfs-testing/environments/benchmarks/opt/linux-rhel9-zen5/gcc-14.2/gftl-shared-1.10.0-xl3tnp2so4qxp5ranh4shjrz7rch22ro/GFTL_SHARED-1.10/include -ffree-line-length-none -fallow-argument-mismatch -fopenmp -g -Wall -Werror=conversion -Werror=unused-variable -Werror=character-truncation -Werror=unused-value -Werror=tabs -Og -std=f2008 -Jmod -Imod -Ifield -Ioperator -Iscalar -IPSYKE -Iconfiguration -Ifunction_space -Ifunction_space/dofmap -Iio -Ikernel_metadata -Ikey_value -Imesh -Iquadrature -Itime -Iutilities -Ialgorithm -Ialgorithm/solver -Ialgorithm/runtime_constants -Ialgorithm/timestepping -Ialgorithm/transport -Ialgorithm/transport/common -Ialgorithm/transport/control -Ialgorithm/transport/ffsl -Ialgorithm/transport/mol -Ialgorithm/transport/sl -Ialgorithm/initialisation -Ialgorithm/physics -Ialgorithm/core_dynamics -Ialgorithm/diagnostics -Ialgorithm/diffusion -Ialgorithm/interpolation -Ialgorithm/limited_area -Ikernel -Ikernel/algebra -Ikernel/columnwise_operators -Ikernel/fem -Ikernel/geometry -Ikernel/inter_element_order -Ikernel/inter_function_space -Ikernel/inter_mesh -Ikernel/solver -Ikernel/core_dynamics -Ikernel/diagnostics -Ikernel/diffusion -Ikernel/external_forcing -Ikernel/initialisation -Ikernel/limited_area -Ikernel/transport -Ikernel/transport/common -Ikernel/transport/fem -Ikernel/transport/ffsl -Ikernel/transport/mol -Ikernel/transport/sl -Ipsy -Isolver -Iinventory -Idiagnostics -Idriver -Idriver/constants -Idriver/iau_multifile_io -Iinitialisation -Iorography -Iphysics -Iconstants -Ivector_space -DLEGACY_MPI -DLEGACY_TIMER -DTIMING_ON -DRDEF_PRECISION=32 -DR_SOLVER_PRECISION=32 -DR_TRAN_PRECISION=32 -DR_BL_PRECISION=32 -DUSE_XIOS -c -o kernel/inter_mesh/sci_restrict_multidata_scalar_kernel_mod.o kernel/inter_mesh/sci_restrict_multidata_scalar_kernel_mod.F90 -I/opt/cray/pe/mpich/8.1.32/ofi/gnu/11.2/include -I/opt/cray/pe/mpich/8.1.32/ofi/gnu/11.2/include
[cc] ftn -I/mnt/lustre/e1000/home/z19/z19/lparisi/nfs-testing/environments/benchmarks/opt/linux-rhel9-zen5/gcc-14.2/pfunit-4.12.0-mmtcyvubeu4pxjj5wnfcyz4lbatpghmw/PFUNIT-4.12/include -I/mnt/lustre/e1000/home/z19/z19/lparisi/nfs-testing/environments/benchmarks/opt/linux-rhel9-zen5/gcc-14.2/shumlib-13.0-s2o3dzmwn456wxjsj6jztzd4c5pdctms/include -I/mnt/lustre/e1000/home/z19/z19/lparisi/nfs-testing/environments/benchmarks/opt/linux-rhel9-zen5/gcc-14.2/yaxt-0.11.3-algx2ie6ibanzuhi6k7szojlr2bcetau/include -I/mnt/lustre/e1000/home/z19/z19/lparisi/nfs-testing/environments/benchmarks/opt/linux-rhel9-zen5/gcc-14.2/fargparse-1.9.0-pxhk5m5qndtahdqscaiz2t2s7bnlajcm/FARGPARSE-1.9/include -I/mnt/lustre/e1000/home/z19/z19/lparisi/nfs-testing/environments/benchmarks/opt/linux-rhel9-zen5/gcc-14.2/gftl-shared-1.10.0-xl3tnp2so4qxp5ranh4shjrz7rch22ro/GFTL_SHARED-1.10/include -ffree-line-length-none -fallow-argument-mismatch -fopenmp -g -Wall -Werror=conversion -Werror=unused-variable -Werror=character-truncation -Werror=unused-value -Werror=tabs -Og -std=f2008 -Jmod -Imod -Ifield -Ioperator -Iscalar -IPSYKE -Iconfiguration -Ifunction_space -Ifunction_space/dofmap -Iio -Ikernel_metadata -Ikey_value -Imesh -Iquadrature -Itime -Iutilities -Ialgorithm -Ialgorithm/solver -Ialgorithm/runtime_constants -Ialgorithm/timestepping -Ialgorithm/transport -Ialgorithm/transport/common -Ialgorithm/transport/control -Ialgorithm/transport/ffsl -Ialgorithm/transport/mol -Ialgorithm/transport/sl -Ialgorithm/initialisation -Ialgorithm/physics -Ialgorithm/core_dynamics -Ialgorithm/diagnostics -Ialgorithm/diffusion -Ialgorithm/interpolation -Ialgorithm/limited_area -Ikernel -Ikernel/algebra -Ikernel/columnwise_operators -Ikernel/fem -Ikernel/geometry -Ikernel/inter_element_order -Ikernel/inter_function_space -Ikernel/inter_mesh -Ikernel/solver -Ikernel/core_dynamics -Ikernel/diagnostics -Ikernel/diffusion -Ikernel/external_forcing -Ikernel/initialisation -Ikernel/limited_area -Ikernel/transport -Ikernel/transport/common -Ikernel/transport/fem -Ikernel/transport/ffsl -Ikernel/transport/mol -Ikernel/transport/sl -Ipsy -Isolver -Iinventory -Idiagnostics -Idriver -Idriver/constants -Idriver/iau_multifile_io -Iinitialisation -Iorography -Iphysics -Iconstants -Ivector_space -DLEGACY_MPI -DLEGACY_TIMER -DTIMING_ON -DRDEF_PRECISION=32 -DR_SOLVER_PRECISION=32 -DR_TRAN_PRECISION=32 -DR_BL_PRECISION=32 -DUSE_XIOS -c -o kernel/inter_mesh/sci_prolong_multidata_linear_kernel_mod.o kernel/inter_mesh/sci_prolong_multidata_linear_kernel_mod.F90 -I/opt/cray/pe/mpich/8.1.32/ofi/gnu/11.2/include -I/opt/cray/pe/mpich/8.1.32/ofi/gnu/11.2/include
[cc] ftn -I/mnt/lustre/e1000/home/z19/z19/lparisi/nfs-testing/environments/benchmarks/opt/linux-rhel9-zen5/gcc-14.2/pfunit-4.12.0-mmtcyvubeu4pxjj5wnfcyz4lbatpghmw/PFUNIT-4.12/include -I/mnt/lustre/e1000/home/z19/z19/lparisi/nfs-testing/environments/benchmarks/opt/linux-rhel9-zen5/gcc-14.2/shumlib-13.0-s2o3dzmwn456wxjsj6jztzd4c5pdctms/include -I/mnt/lustre/e1000/home/z19/z19/lparisi/nfs-testing/environments/benchmarks/opt/linux-rhel9-zen5/gcc-14.2/yaxt-0.11.3-algx2ie6ibanzuhi6k7szojlr2bcetau/include -I/mnt/lustre/e1000/home/z19/z19/lparisi/nfs-testing/environments/benchmarks/opt/linux-rhel9-zen5/gcc-14.2/fargparse-1.9.0-pxhk5m5qndtahdqscaiz2t2s7bnlajcm/FARGPARSE-1.9/include -I/mnt/lustre/e1000/home/z19/z19/lparisi/nfs-testing/environments/benchmarks/opt/linux-rhel9-zen5/gcc-14.2/gftl-shared-1.10.0-xl3tnp2so4qxp5ranh4shjrz7rch22ro/GFTL_SHARED-1.10/include -ffree-line-length-none -fallow-argument-mismatch -fopenmp -g -Wall -Werror=conversion -Werror=unused-variable -Werror=character-truncation -Werror=unused-value -Werror=tabs -Og -std=f2008 -Jmod -Imod -Ifield -Ioperator -Iscalar -IPSYKE -Iconfiguration -Ifunction_space -Ifunction_space/dofmap -Iio -Ikernel_metadata -Ikey_value -Imesh -Iquadrature -Itime -Iutilities -Ialgorithm -Ialgorithm/solver -Ialgorithm/runtime_constants -Ialgorithm/timestepping -Ialgorithm/transport -Ialgorithm/transport/common -Ialgorithm/transport/control -Ialgorithm/transport/ffsl -Ialgorithm/transport/mol -Ialgorithm/transport/sl -Ialgorithm/initialisation -Ialgorithm/physics -Ialgorithm/core_dynamics -Ialgorithm/diagnostics -Ialgorithm/diffusion -Ialgorithm/interpolation -Ialgorithm/limited_area -Ikernel -Ikernel/algebra -Ikernel/columnwise_operators -Ikernel/fem -Ikernel/geometry -Ikernel/inter_element_order -Ikernel/inter_function_space -Ikernel/inter_mesh -Ikernel/solver -Ikernel/core_dynamics -Ikernel/diagnostics -Ikernel/diffusion -Ikernel/external_forcing -Ikernel/initialisation -Ikernel/limited_area -Ikernel/transport -Ikernel/transport/common -Ikernel/transport/fem -Ikernel/transport/ffsl -Ikernel/transport/mol -Ikernel/transport/sl -Ipsy -Isolver -Iinventory -Idiagnostics -Idriver -Idriver/constants -Idriver/iau_multifile_io -Iinitialisation -Iorography -Iphysics -Iconstants -Ivector_space -DLEGACY_MPI -DLEGACY_TIMER -DTIMING_ON -DRDEF_PRECISION=32 -DR_SOLVER_PRECISION=32 -DR_TRAN_PRECISION=32 -DR_BL_PRECISION=32 -DUSE_XIOS -c -o inventory/id_abstract_pair_mod.o inventory/id_abstract_pair_mod.F90 -I/opt/cray/pe/mpich/8.1.32/ofi/gnu/11.2/include -I/opt/cray/pe/mpich/8.1.32/ofi/gnu/11.2/include
[cc] ftn -I/mnt/lustre/e1000/home/z19/z19/lparisi/nfs-testing/environments/benchmarks/opt/linux-rhel9-zen5/gcc-14.2/pfunit-4.12.0-mmtcyvubeu4pxjj5wnfcyz4lbatpghmw/PFUNIT-4.12/include -I/mnt/lustre/e1000/home/z19/z19/lparisi/nfs-testing/environments/benchmarks/opt/linux-rhel9-zen5/gcc-14.2/shumlib-13.0-s2o3dzmwn456wxjsj6jztzd4c5pdctms/include -I/mnt/lustre/e1000/home/z19/z19/lparisi/nfs-testing/environments/benchmarks/opt/linux-rhel9-zen5/gcc-14.2/yaxt-0.11.3-algx2ie6ibanzuhi6k7szojlr2bcetau/include -I/mnt/lustre/e1000/home/z19/z19/lparisi/nfs-testing/environments/benchmarks/opt/linux-rhel9-zen5/gcc-14.2/fargparse-1.9.0-pxhk5m5qndtahdqscaiz2t2s7bnlajcm/FARGPARSE-1.9/include -I/mnt/lustre/e1000/home/z19/z19/lparisi/nfs-testing/environments/benchmarks/opt/linux-rhel9-zen5/gcc-14.2/gftl-shared-1.10.0-xl3tnp2so4qxp5ranh4shjrz7rch22ro/GFTL_SHARED-1.10/include -ffree-line-length-none -fallow-argument-mismatch -fopenmp -g -Wall -Werror=conversion -Werror=unused-variable -Werror=character-truncation -Werror=unused-value -Werror=tabs -Og -std=f2008 -Jmod -Imod -Ifield -Ioperator -Iscalar -IPSYKE -Iconfiguration -Ifunction_space -Ifunction_space/dofmap -Iio -Ikernel_metadata -Ikey_value -Imesh -Iquadrature -Itime -Iutilities -Ialgorithm -Ialgorithm/solver -Ialgorithm/runtime_constants -Ialgorithm/timestepping -Ialgorithm/transport -Ialgorithm/transport/common -Ialgorithm/transport/control -Ialgorithm/transport/ffsl -Ialgorithm/transport/mol -Ialgorithm/transport/sl -Ialgorithm/initialisation -Ialgorithm/physics -Ialgorithm/core_dynamics -Ialgorithm/diagnostics -Ialgorithm/diffusion -Ialgorithm/interpolation -Ialgorithm/limited_area -Ikernel -Ikernel/algebra -Ikernel/columnwise_operators -Ikernel/fem -Ikernel/geometry -Ikernel/inter_element_order -Ikernel/inter_function_space -Ikernel/inter_mesh -Ikernel/solver -Ikernel/core_dynamics -Ikernel/diagnostics -Ikernel/diffusion -Ikernel/external_forcing -Ikernel/initialisation -Ikernel/limited_area -Ikernel/transport -Ikernel/transport/common -Ikernel/transport/fem -Ikernel/transport/ffsl -Ikernel/transport/mol -Ikernel/transport/sl -Ipsy -Isolver -Iinventory -Idiagnostics -Idriver -Idriver/constants -Idriver/iau_multifile_io -Iinitialisation -Iorography -Iphysics -Iconstants -Ivector_space -DLEGACY_MPI -DLEGACY_TIMER -DTIMING_ON -DRDEF_PRECISION=32 -DR_SOLVER_PRECISION=32 -DR_TRAN_PRECISION=32 -DR_BL_PRECISION=32 -DUSE_XIOS -c -o kernel/algebra/sci_set_any_int_dof_kernel_mod.o kernel/algebra/sci_set_any_int_dof_kernel_mod.F90 -I/opt/cray/pe/mpich/8.1.32/ofi/gnu/11.2/include -I/opt/cray/pe/mpich/8.1.32/ofi/gnu/11.2/include
[cc] ftn -I/mnt/lustre/e1000/home/z19/z19/lparisi/nfs-testing/environments/benchmarks/opt/linux-rhel9-zen5/gcc-14.2/pfunit-4.12.0-mmtcyvubeu4pxjj5wnfcyz4lbatpghmw/PFUNIT-4.12/include -I/mnt/lustre/e1000/home/z19/z19/lparisi/nfs-testing/environments/benchmarks/opt/linux-rhel9-zen5/gcc-14.2/shumlib-13.0-s2o3dzmwn456wxjsj6jztzd4c5pdctms/include -I/mnt/lustre/e1000/home/z19/z19/lparisi/nfs-testing/environments/benchmarks/opt/linux-rhel9-zen5/gcc-14.2/yaxt-0.11.3-algx2ie6ibanzuhi6k7szojlr2bcetau/include -I/mnt/lustre/e1000/home/z19/z19/lparisi/nfs-testing/environments/benchmarks/opt/linux-rhel9-zen5/gcc-14.2/fargparse-1.9.0-pxhk5m5qndtahdqscaiz2t2s7bnlajcm/FARGPARSE-1.9/include -I/mnt/lustre/e1000/home/z19/z19/lparisi/nfs-testing/environments/benchmarks/opt/linux-rhel9-zen5/gcc-14.2/gftl-shared-1.10.0-xl3tnp2so4qxp5ranh4shjrz7rch22ro/GFTL_SHARED-1.10/include -ffree-line-length-none -fallow-argument-mismatch -fopenmp -g -Wall -Werror=conversion -Werror=unused-variable -Werror=character-truncation -Werror=unused-value -Werror=tabs -Og -std=f2008 -Jmod -Imod -Ifield -Ioperator -Iscalar -IPSYKE -Iconfiguration -Ifunction_space -Ifunction_space/dofmap -Iio -Ikernel_metadata -Ikey_value -Imesh -Iquadrature -Itime -Iutilities -Ialgorithm -Ialgorithm/solver -Ialgorithm/runtime_constants -Ialgorithm/timestepping -Ialgorithm/transport -Ialgorithm/transport/common -Ialgorithm/transport/control -Ialgorithm/transport/ffsl -Ialgorithm/transport/mol -Ialgorithm/transport/sl -Ialgorithm/initialisation -Ialgorithm/physics -Ialgorithm/core_dynamics -Ialgorithm/diagnostics -Ialgorithm/diffusion -Ialgorithm/interpolation -Ialgorithm/limited_area -Ikernel -Ikernel/algebra -Ikernel/columnwise_operators -Ikernel/fem -Ikernel/geometry -Ikernel/inter_element_order -Ikernel/inter_function_space -Ikernel/inter_mesh -Ikernel/solver -Ikernel/core_dynamics -Ikernel/diagnostics -Ikernel/diffusion -Ikernel/external_forcing -Ikernel/initialisation -Ikernel/limited_area -Ikernel/transport -Ikernel/transport/common -Ikernel/transport/fem -Ikernel/transport/ffsl -Ikernel/transport/mol -Ikernel/transport/sl -Ipsy -Isolver -Iinventory -Idiagnostics -Idriver -Idriver/constants -Idriver/iau_multifile_io -Iinitialisation -Iorography -Iphysics -Iconstants -Ivector_space -DLEGACY_MPI -DLEGACY_TIMER -DTIMING_ON -DRDEF_PRECISION=32 -DR_SOLVER_PRECISION=32 -DR_TRAN_PRECISION=32 -DR_BL_PRECISION=32 -DUSE_XIOS -c -o kernel/algebra/sci_mm_diagonal_kernel_mod.o kernel/algebra/sci_mm_diagonal_kernel_mod.F90 -I/opt/cray/pe/mpich/8.1.32/ofi/gnu/11.2/include -I/opt/cray/pe/mpich/8.1.32/ofi/gnu/11.2/include
[cc] ftn -I/mnt/lustre/e1000/home/z19/z19/lparisi/nfs-testing/environments/benchmarks/opt/linux-rhel9-zen5/gcc-14.2/pfunit-4.12.0-mmtcyvubeu4pxjj5wnfcyz4lbatpghmw/PFUNIT-4.12/include -I/mnt/lustre/e1000/home/z19/z19/lparisi/nfs-testing/environments/benchmarks/opt/linux-rhel9-zen5/gcc-14.2/shumlib-13.0-s2o3dzmwn456wxjsj6jztzd4c5pdctms/include -I/mnt/lustre/e1000/home/z19/z19/lparisi/nfs-testing/environments/benchmarks/opt/linux-rhel9-zen5/gcc-14.2/yaxt-0.11.3-algx2ie6ibanzuhi6k7szojlr2bcetau/include -I/mnt/lustre/e1000/home/z19/z19/lparisi/nfs-testing/environments/benchmarks/opt/linux-rhel9-zen5/gcc-14.2/fargparse-1.9.0-pxhk5m5qndtahdqscaiz2t2s7bnlajcm/FARGPARSE-1.9/include -I/mnt/lustre/e1000/home/z19/z19/lparisi/nfs-testing/environments/benchmarks/opt/linux-rhel9-zen5/gcc-14.2/gftl-shared-1.10.0-xl3tnp2so4qxp5ranh4shjrz7rch22ro/GFTL_SHARED-1.10/include -ffree-line-length-none -fallow-argument-mismatch -fopenmp -g -Wall -Werror=conversion -Werror=unused-variable -Werror=character-truncation -Werror=unused-value -Werror=tabs -Og -std=f2008 -Jmod -Imod -Ifield -Ioperator -Iscalar -IPSYKE -Iconfiguration -Ifunction_space -Ifunction_space/dofmap -Iio -Ikernel_metadata -Ikey_value -Imesh -Iquadrature -Itime -Iutilities -Ialgorithm -Ialgorithm/solver -Ialgorithm/runtime_constants -Ialgorithm/timestepping -Ialgorithm/transport -Ialgorithm/transport/common -Ialgorithm/transport/control -Ialgorithm/transport/ffsl -Ialgorithm/transport/mol -Ialgorithm/transport/sl -Ialgorithm/initialisation -Ialgorithm/physics -Ialgorithm/core_dynamics -Ialgorithm/diagnostics -Ialgorithm/diffusion -Ialgorithm/interpolation -Ialgorithm/limited_area -Ikernel -Ikernel/algebra -Ikernel/columnwise_operators -Ikernel/fem -Ikernel/geometry -Ikernel/inter_element_order -Ikernel/inter_function_space -Ikernel/inter_mesh -Ikernel/solver -Ikernel/core_dynamics -Ikernel/diagnostics -Ikernel/diffusion -Ikernel/external_forcing -Ikernel/initialisation -Ikernel/limited_area -Ikernel/transport -Ikernel/transport/common -Ikernel/transport/fem -Ikernel/transport/ffsl -Ikernel/transport/mol -Ikernel/transport/sl -Ipsy -Isolver -Iinventory -Idiagnostics -Idriver -Idriver/constants -Idriver/iau_multifile_io -Iinitialisation -Iorography -Iphysics -Iconstants -Ivector_space -DLEGACY_MPI -DLEGACY_TIMER -DTIMING_ON -DRDEF_PRECISION=32 -DR_SOLVER_PRECISION=32 -DR_TRAN_PRECISION=32 -DR_BL_PRECISION=32 -DUSE_XIOS -c -o kernel/fem/sci_multiplicity_kernel_mod.o kernel/fem/sci_multiplicity_kernel_mod.F90 -I/opt/cray/pe/mpich/8.1.32/ofi/gnu/11.2/include -I/opt/cray/pe/mpich/8.1.32/ofi/gnu/11.2/include
[cc] ftn -I/mnt/lustre/e1000/home/z19/z19/lparisi/nfs-testing/environments/benchmarks/opt/linux-rhel9-zen5/gcc-14.2/pfunit-4.12.0-mmtcyvubeu4pxjj5wnfcyz4lbatpghmw/PFUNIT-4.12/include -I/mnt/lustre/e1000/home/z19/z19/lparisi/nfs-testing/environments/benchmarks/opt/linux-rhel9-zen5/gcc-14.2/shumlib-13.0-s2o3dzmwn456wxjsj6jztzd4c5pdctms/include -I/mnt/lustre/e1000/home/z19/z19/lparisi/nfs-testing/environments/benchmarks/opt/linux-rhel9-zen5/gcc-14.2/yaxt-0.11.3-algx2ie6ibanzuhi6k7szojlr2bcetau/include -I/mnt/lustre/e1000/home/z19/z19/lparisi/nfs-testing/environments/benchmarks/opt/linux-rhel9-zen5/gcc-14.2/fargparse-1.9.0-pxhk5m5qndtahdqscaiz2t2s7bnlajcm/FARGPARSE-1.9/include -I/mnt/lustre/e1000/home/z19/z19/lparisi/nfs-testing/environments/benchmarks/opt/linux-rhel9-zen5/gcc-14.2/gftl-shared-1.10.0-xl3tnp2so4qxp5ranh4shjrz7rch22ro/GFTL_SHARED-1.10/include -ffree-line-length-none -fallow-argument-mismatch -fopenmp -g -Wall -Werror=conversion -Werror=unused-variable -Werror=character-truncation -Werror=unused-value -Werror=tabs -Og -std=f2008 -Jmod -Imod -Ifield -Ioperator -Iscalar -IPSYKE -Iconfiguration -Ifunction_space -Ifunction_space/dofmap -Iio -Ikernel_metadata -Ikey_value -Imesh -Iquadrature -Itime -Iutilities -Ialgorithm -Ialgorithm/solver -Ialgorithm/runtime_constants -Ialgorithm/timestepping -Ialgorithm/transport -Ialgorithm/transport/common -Ialgorithm/transport/control -Ialgorithm/transport/ffsl -Ialgorithm/transport/mol -Ialgorithm/transport/sl -Ialgorithm/initialisation -Ialgorithm/physics -Ialgorithm/core_dynamics -Ialgorithm/diagnostics -Ialgorithm/diffusion -Ialgorithm/interpolation -Ialgorithm/limited_area -Ikernel -Ikernel/algebra -Ikernel/columnwise_operators -Ikernel/fem -Ikernel/geometry -Ikernel/inter_element_order -Ikernel/inter_function_space -Ikernel/inter_mesh -Ikernel/solver -Ikernel/core_dynamics -Ikernel/diagnostics -Ikernel/diffusion -Ikernel/external_forcing -Ikernel/initialisation -Ikernel/limited_area -Ikernel/transport -Ikernel/transport/common -Ikernel/transport/fem -Ikernel/transport/ffsl -Ikernel/transport/mol -Ikernel/transport/sl -Ipsy -Isolver -Iinventory -Idiagnostics -Idriver -Idriver/constants -Idriver/iau_multifile_io -Iinitialisation -Iorography -Iphysics -Iconstants -Ivector_space -DLEGACY_MPI -DLEGACY_TIMER -DTIMING_ON -DRDEF_PRECISION=32 -DR_SOLVER_PRECISION=32 -DR_TRAN_PRECISION=32 -DR_BL_PRECISION=32 -DUSE_XIOS -c -o quadrature/quadrature_rule_gaussian_mod.o quadrature/quadrature_rule_gaussian_mod.F90 -I/opt/cray/pe/mpich/8.1.32/ofi/gnu/11.2/include -I/opt/cray/pe/mpich/8.1.32/ofi/gnu/11.2/include
[cc] ftn -I/mnt/lustre/e1000/home/z19/z19/lparisi/nfs-testing/environments/benchmarks/opt/linux-rhel9-zen5/gcc-14.2/pfunit-4.12.0-mmtcyvubeu4pxjj5wnfcyz4lbatpghmw/PFUNIT-4.12/include -I/mnt/lustre/e1000/home/z19/z19/lparisi/nfs-testing/environments/benchmarks/opt/linux-rhel9-zen5/gcc-14.2/shumlib-13.0-s2o3dzmwn456wxjsj6jztzd4c5pdctms/include -I/mnt/lustre/e1000/home/z19/z19/lparisi/nfs-testing/environments/benchmarks/opt/linux-rhel9-zen5/gcc-14.2/yaxt-0.11.3-algx2ie6ibanzuhi6k7szojlr2bcetau/include -I/mnt/lustre/e1000/home/z19/z19/lparisi/nfs-testing/environments/benchmarks/opt/linux-rhel9-zen5/gcc-14.2/fargparse-1.9.0-pxhk5m5qndtahdqscaiz2t2s7bnlajcm/FARGPARSE-1.9/include -I/mnt/lustre/e1000/home/z19/z19/lparisi/nfs-testing/environments/benchmarks/opt/linux-rhel9-zen5/gcc-14.2/gftl-shared-1.10.0-xl3tnp2so4qxp5ranh4shjrz7rch22ro/GFTL_SHARED-1.10/include -ffree-line-length-none -fallow-argument-mismatch -fopenmp -g -Wall -Werror=conversion -Werror=unused-variable -Werror=character-truncation -Werror=unused-value -Werror=tabs -Og -std=f2008 -Jmod -Imod -Ifield -Ioperator -Iscalar -IPSYKE -Iconfiguration -Ifunction_space -Ifunction_space/dofmap -Iio -Ikernel_metadata -Ikey_value -Imesh -Iquadrature -Itime -Iutilities -Ialgorithm -Ialgorithm/solver -Ialgorithm/runtime_constants -Ialgorithm/timestepping -Ialgorithm/transport -Ialgorithm/transport/common -Ialgorithm/transport/control -Ialgorithm/transport/ffsl -Ialgorithm/transport/mol -Ialgorithm/transport/sl -Ialgorithm/initialisation -Ialgorithm/physics -Ialgorithm/core_dynamics -Ialgorithm/diagnostics -Ialgorithm/diffusion -Ialgorithm/interpolation -Ialgorithm/limited_area -Ikernel -Ikernel/algebra -Ikernel/columnwise_operators -Ikernel/fem -Ikernel/geometry -Ikernel/inter_element_order -Ikernel/inter_function_space -Ikernel/inter_mesh -Ikernel/solver -Ikernel/core_dynamics -Ikernel/diagnostics -Ikernel/diffusion -Ikernel/external_forcing -Ikernel/initialisation -Ikernel/limited_area -Ikernel/transport -Ikernel/transport/common -Ikernel/transport/fem -Ikernel/transport/ffsl -Ikernel/transport/mol -Ikernel/transport/sl -Ipsy -Isolver -Iinventory -Idiagnostics -Idriver -Idriver/constants -Idriver/iau_multifile_io -Iinitialisation -Iorography -Iphysics -Iconstants -Ivector_space -DLEGACY_MPI -DLEGACY_TIMER -DTIMING_ON -DRDEF_PRECISION=32 -DR_SOLVER_PRECISION=32 -DR_TRAN_PRECISION=32 -DR_BL_PRECISION=32 -DUSE_XIOS -c -o kernel/algebra/matrix_vector_kernel_mod.o kernel/algebra/matrix_vector_kernel_mod.F90 -I/opt/cray/pe/mpich/8.1.32/ofi/gnu/11.2/include -I/opt/cray/pe/mpich/8.1.32/ofi/gnu/11.2/include
[cc] ftn -I/mnt/lustre/e1000/home/z19/z19/lparisi/nfs-testing/environments/benchmarks/opt/linux-rhel9-zen5/gcc-14.2/pfunit-4.12.0-mmtcyvubeu4pxjj5wnfcyz4lbatpghmw/PFUNIT-4.12/include -I/mnt/lustre/e1000/home/z19/z19/lparisi/nfs-testing/environments/benchmarks/opt/linux-rhel9-zen5/gcc-14.2/shumlib-13.0-s2o3dzmwn456wxjsj6jztzd4c5pdctms/include -I/mnt/lustre/e1000/home/z19/z19/lparisi/nfs-testing/environments/benchmarks/opt/linux-rhel9-zen5/gcc-14.2/yaxt-0.11.3-algx2ie6ibanzuhi6k7szojlr2bcetau/include -I/mnt/lustre/e1000/home/z19/z19/lparisi/nfs-testing/environments/benchmarks/opt/linux-rhel9-zen5/gcc-14.2/fargparse-1.9.0-pxhk5m5qndtahdqscaiz2t2s7bnlajcm/FARGPARSE-1.9/include -I/mnt/lustre/e1000/home/z19/z19/lparisi/nfs-testing/environments/benchmarks/opt/linux-rhel9-zen5/gcc-14.2/gftl-shared-1.10.0-xl3tnp2so4qxp5ranh4shjrz7rch22ro/GFTL_SHARED-1.10/include -ffree-line-length-none -fallow-argument-mismatch -fopenmp -g -Wall -Werror=conversion -Werror=unused-variable -Werror=character-truncation -Werror=unused-value -Werror=tabs -Og -std=f2008 -Jmod -Imod -Ifield -Ioperator -Iscalar -IPSYKE -Iconfiguration -Ifunction_space -Ifunction_space/dofmap -Iio -Ikernel_metadata -Ikey_value -Imesh -Iquadrature -Itime -Iutilities -Ialgorithm -Ialgorithm/solver -Ialgorithm/runtime_constants -Ialgorithm/timestepping -Ialgorithm/transport -Ialgorithm/transport/common -Ialgorithm/transport/control -Ialgorithm/transport/ffsl -Ialgorithm/transport/mol -Ialgorithm/transport/sl -Ialgorithm/initialisation -Ialgorithm/physics -Ialgorithm/core_dynamics -Ialgorithm/diagnostics -Ialgorithm/diffusion -Ialgorithm/interpolation -Ialgorithm/limited_area -Ikernel -Ikernel/algebra -Ikernel/columnwise_operators -Ikernel/fem -Ikernel/geometry -Ikernel/inter_element_order -Ikernel/inter_function_space -Ikernel/inter_mesh -Ikernel/solver -Ikernel/core_dynamics -Ikernel/diagnostics -Ikernel/diffusion -Ikernel/external_forcing -Ikernel/initialisation -Ikernel/limited_area -Ikernel/transport -Ikernel/transport/common -Ikernel/transport/fem -Ikernel/transport/ffsl -Ikernel/transport/mol -Ikernel/transport/sl -Ipsy -Isolver -Iinventory -Idiagnostics -Idriver -Idriver/constants -Idriver/iau_multifile_io -Iinitialisation -Iorography -Iphysics -Iconstants -Ivector_space -DLEGACY_MPI -DLEGACY_TIMER -DTIMING_ON -DRDEF_PRECISION=32 -DR_SOLVER_PRECISION=32 -DR_TRAN_PRECISION=32 -DR_BL_PRECISION=32 -DUSE_XIOS -c -o kernel/geometry/sci_calc_dz_face_kernel_mod.o kernel/geometry/sci_calc_dz_face_kernel_mod.F90 -I/opt/cray/pe/mpich/8.1.32/ofi/gnu/11.2/include -I/opt/cray/pe/mpich/8.1.32/ofi/gnu/11.2/include
[cc] ftn -I/mnt/lustre/e1000/home/z19/z19/lparisi/nfs-testing/environments/benchmarks/opt/linux-rhel9-zen5/gcc-14.2/pfunit-4.12.0-mmtcyvubeu4pxjj5wnfcyz4lbatpghmw/PFUNIT-4.12/include -I/mnt/lustre/e1000/home/z19/z19/lparisi/nfs-testing/environments/benchmarks/opt/linux-rhel9-zen5/gcc-14.2/shumlib-13.0-s2o3dzmwn456wxjsj6jztzd4c5pdctms/include -I/mnt/lustre/e1000/home/z19/z19/lparisi/nfs-testing/environments/benchmarks/opt/linux-rhel9-zen5/gcc-14.2/yaxt-0.11.3-algx2ie6ibanzuhi6k7szojlr2bcetau/include -I/mnt/lustre/e1000/home/z19/z19/lparisi/nfs-testing/environments/benchmarks/opt/linux-rhel9-zen5/gcc-14.2/fargparse-1.9.0-pxhk5m5qndtahdqscaiz2t2s7bnlajcm/FARGPARSE-1.9/include -I/mnt/lustre/e1000/home/z19/z19/lparisi/nfs-testing/environments/benchmarks/opt/linux-rhel9-zen5/gcc-14.2/gftl-shared-1.10.0-xl3tnp2so4qxp5ranh4shjrz7rch22ro/GFTL_SHARED-1.10/include -ffree-line-length-none -fallow-argument-mismatch -fopenmp -g -Wall -Werror=conversion -Werror=unused-variable -Werror=character-truncation -Werror=unused-value -Werror=tabs -Og -std=f2008 -Jmod -Imod -Ifield -Ioperator -Iscalar -IPSYKE -Iconfiguration -Ifunction_space -Ifunction_space/dofmap -Iio -Ikernel_metadata -Ikey_value -Imesh -Iquadrature -Itime -Iutilities -Ialgorithm -Ialgorithm/solver -Ialgorithm/runtime_constants -Ialgorithm/timestepping -Ialgorithm/transport -Ialgorithm/transport/common -Ialgorithm/transport/control -Ialgorithm/transport/ffsl -Ialgorithm/transport/mol -Ialgorithm/transport/sl -Ialgorithm/initialisation -Ialgorithm/physics -Ialgorithm/core_dynamics -Ialgorithm/diagnostics -Ialgorithm/diffusion -Ialgorithm/interpolation -Ialgorithm/limited_area -Ikernel -Ikernel/algebra -Ikernel/columnwise_operators -Ikernel/fem -Ikernel/geometry -Ikernel/inter_element_order -Ikernel/inter_function_space -Ikernel/inter_mesh -Ikernel/solver -Ikernel/core_dynamics -Ikernel/diagnostics -Ikernel/diffusion -Ikernel/external_forcing -Ikernel/initialisation -Ikernel/limited_area -Ikernel/transport -Ikernel/transport/common -Ikernel/transport/fem -Ikernel/transport/ffsl -Ikernel/transport/mol -Ikernel/transport/sl -Ipsy -Isolver -Iinventory -Idiagnostics -Idriver -Idriver/constants -Idriver/iau_multifile_io -Iinitialisation -Iorography -Iphysics -Iconstants -Ivector_space -DLEGACY_MPI -DLEGACY_TIMER -DTIMING_ON -DRDEF_PRECISION=32 -DR_SOLVER_PRECISION=32 -DR_TRAN_PRECISION=32 -DR_BL_PRECISION=32 -DUSE_XIOS -c -o kernel/algebra/dg_inc_matrix_vector_kernel_mod.o kernel/algebra/dg_inc_matrix_vector_kernel_mod.F90 -I/opt/cray/pe/mpich/8.1.32/ofi/gnu/11.2/include -I/opt/cray/pe/mpich/8.1.32/ofi/gnu/11.2/include
[cc] ftn -I/mnt/lustre/e1000/home/z19/z19/lparisi/nfs-testing/environments/benchmarks/opt/linux-rhel9-zen5/gcc-14.2/pfunit-4.12.0-mmtcyvubeu4pxjj5wnfcyz4lbatpghmw/PFUNIT-4.12/include -I/mnt/lustre/e1000/home/z19/z19/lparisi/nfs-testing/environments/benchmarks/opt/linux-rhel9-zen5/gcc-14.2/shumlib-13.0-s2o3dzmwn456wxjsj6jztzd4c5pdctms/include -I/mnt/lustre/e1000/home/z19/z19/lparisi/nfs-testing/environments/benchmarks/opt/linux-rhel9-zen5/gcc-14.2/yaxt-0.11.3-algx2ie6ibanzuhi6k7szojlr2bcetau/include -I/mnt/lustre/e1000/home/z19/z19/lparisi/nfs-testing/environments/benchmarks/opt/linux-rhel9-zen5/gcc-14.2/fargparse-1.9.0-pxhk5m5qndtahdqscaiz2t2s7bnlajcm/FARGPARSE-1.9/include -I/mnt/lustre/e1000/home/z19/z19/lparisi/nfs-testing/environments/benchmarks/opt/linux-rhel9-zen5/gcc-14.2/gftl-shared-1.10.0-xl3tnp2so4qxp5ranh4shjrz7rch22ro/GFTL_SHARED-1.10/include -ffree-line-length-none -fallow-argument-mismatch -fopenmp -g -Wall -Werror=conversion -Werror=unused-variable -Werror=character-truncation -Werror=unused-value -Werror=tabs -Og -std=f2008 -Jmod -Imod -Ifield -Ioperator -Iscalar -IPSYKE -Iconfiguration -Ifunction_space -Ifunction_space/dofmap -Iio -Ikernel_metadata -Ikey_value -Imesh -Iquadrature -Itime -Iutilities -Ialgorithm -Ialgorithm/solver -Ialgorithm/runtime_constants -Ialgorithm/timestepping -Ialgorithm/transport -Ialgorithm/transport/common -Ialgorithm/transport/control -Ialgorithm/transport/ffsl -Ialgorithm/transport/mol -Ialgorithm/transport/sl -Ialgorithm/initialisation -Ialgorithm/physics -Ialgorithm/core_dynamics -Ialgorithm/diagnostics -Ialgorithm/diffusion -Ialgorithm/interpolation -Ialgorithm/limited_area -Ikernel -Ikernel/algebra -Ikernel/columnwise_operators -Ikernel/fem -Ikernel/geometry -Ikernel/inter_element_order -Ikernel/inter_function_space -Ikernel/inter_mesh -Ikernel/solver -Ikernel/core_dynamics -Ikernel/diagnostics -Ikernel/diffusion -Ikernel/external_forcing -Ikernel/initialisation -Ikernel/limited_area -Ikernel/transport -Ikernel/transport/common -Ikernel/transport/fem -Ikernel/transport/ffsl -Ikernel/transport/mol -Ikernel/transport/sl -Ipsy -Isolver -Iinventory -Idiagnostics -Idriver -Idriver/constants -Idriver/iau_multifile_io -Iinitialisation -Iorography -Iphysics -Iconstants -Ivector_space -DLEGACY_MPI -DLEGACY_TIMER -DTIMING_ON -DRDEF_PRECISION=32 -DR_SOLVER_PRECISION=32 -DR_TRAN_PRECISION=32 -DR_BL_PRECISION=32 -DUSE_XIOS -c -o kernel/algebra/dg_matrix_vector_kernel_mod.o kernel/algebra/dg_matrix_vector_kernel_mod.F90 -I/opt/cray/pe/mpich/8.1.32/ofi/gnu/11.2/include -I/opt/cray/pe/mpich/8.1.32/ofi/gnu/11.2/include
[cc] ftn -I/mnt/lustre/e1000/home/z19/z19/lparisi/nfs-testing/environments/benchmarks/opt/linux-rhel9-zen5/gcc-14.2/pfunit-4.12.0-mmtcyvubeu4pxjj5wnfcyz4lbatpghmw/PFUNIT-4.12/include -I/mnt/lustre/e1000/home/z19/z19/lparisi/nfs-testing/environments/benchmarks/opt/linux-rhel9-zen5/gcc-14.2/shumlib-13.0-s2o3dzmwn456wxjsj6jztzd4c5pdctms/include -I/mnt/lustre/e1000/home/z19/z19/lparisi/nfs-testing/environments/benchmarks/opt/linux-rhel9-zen5/gcc-14.2/yaxt-0.11.3-algx2ie6ibanzuhi6k7szojlr2bcetau/include -I/mnt/lustre/e1000/home/z19/z19/lparisi/nfs-testing/environments/benchmarks/opt/linux-rhel9-zen5/gcc-14.2/fargparse-1.9.0-pxhk5m5qndtahdqscaiz2t2s7bnlajcm/FARGPARSE-1.9/include -I/mnt/lustre/e1000/home/z19/z19/lparisi/nfs-testing/environments/benchmarks/opt/linux-rhel9-zen5/gcc-14.2/gftl-shared-1.10.0-xl3tnp2so4qxp5ranh4shjrz7rch22ro/GFTL_SHARED-1.10/include -ffree-line-length-none -fallow-argument-mismatch -fopenmp -g -Wall -Werror=conversion -Werror=unused-variable -Werror=character-truncation -Werror=unused-value -Werror=tabs -Og -std=f2008 -Jmod -Imod -Ifield -Ioperator -Iscalar -IPSYKE -Iconfiguration -Ifunction_space -Ifunction_space/dofmap -Iio -Ikernel_metadata -Ikey_value -Imesh -Iquadrature -Itime -Iutilities -Ialgorithm -Ialgorithm/solver -Ialgorithm/runtime_constants -Ialgorithm/timestepping -Ialgorithm/transport -Ialgorithm/transport/common -Ialgorithm/transport/control -Ialgorithm/transport/ffsl -Ialgorithm/transport/mol -Ialgorithm/transport/sl -Ialgorithm/initialisation -Ialgorithm/physics -Ialgorithm/core_dynamics -Ialgorithm/diagnostics -Ialgorithm/diffusion -Ialgorithm/interpolation -Ialgorithm/limited_area -Ikernel -Ikernel/algebra -Ikernel/columnwise_operators -Ikernel/fem -Ikernel/geometry -Ikernel/inter_element_order -Ikernel/inter_function_space -Ikernel/inter_mesh -Ikernel/solver -Ikernel/core_dynamics -Ikernel/diagnostics -Ikernel/diffusion -Ikernel/external_forcing -Ikernel/initialisation -Ikernel/limited_area -Ikernel/transport -Ikernel/transport/common -Ikernel/transport/fem -Ikernel/transport/ffsl -Ikernel/transport/mol -Ikernel/transport/sl -Ipsy -Isolver -Iinventory -Idiagnostics -Idriver -Idriver/constants -Idriver/iau_multifile_io -Iinitialisation -Iorography -Iphysics -Iconstants -Ivector_space -c -o solver/sci_preconditioner_mod.o solver/sci_preconditioner_mod.f90 -I/opt/cray/pe/mpich/8.1.32/ofi/gnu/11.2/include -I/opt/cray/pe/mpich/8.1.32/ofi/gnu/11.2/include
[cc] ftn -I/mnt/lustre/e1000/home/z19/z19/lparisi/nfs-testing/environments/benchmarks/opt/linux-rhel9-zen5/gcc-14.2/pfunit-4.12.0-mmtcyvubeu4pxjj5wnfcyz4lbatpghmw/PFUNIT-4.12/include -I/mnt/lustre/e1000/home/z19/z19/lparisi/nfs-testing/environments/benchmarks/opt/linux-rhel9-zen5/gcc-14.2/shumlib-13.0-s2o3dzmwn456wxjsj6jztzd4c5pdctms/include -I/mnt/lustre/e1000/home/z19/z19/lparisi/nfs-testing/environments/benchmarks/opt/linux-rhel9-zen5/gcc-14.2/yaxt-0.11.3-algx2ie6ibanzuhi6k7szojlr2bcetau/include -I/mnt/lustre/e1000/home/z19/z19/lparisi/nfs-testing/environments/benchmarks/opt/linux-rhel9-zen5/gcc-14.2/fargparse-1.9.0-pxhk5m5qndtahdqscaiz2t2s7bnlajcm/FARGPARSE-1.9/include -I/mnt/lustre/e1000/home/z19/z19/lparisi/nfs-testing/environments/benchmarks/opt/linux-rhel9-zen5/gcc-14.2/gftl-shared-1.10.0-xl3tnp2so4qxp5ranh4shjrz7rch22ro/GFTL_SHARED-1.10/include -ffree-line-length-none -fallow-argument-mismatch -fopenmp -g -Wall -Werror=conversion -Werror=unused-variable -Werror=character-truncation -Werror=unused-value -Werror=tabs -Og -std=f2008 -Jmod -Imod -Ifield -Ioperator -Iscalar -IPSYKE -Iconfiguration -Ifunction_space -Ifunction_space/dofmap -Iio -Ikernel_metadata -Ikey_value -Imesh -Iquadrature -Itime -Iutilities -Ialgorithm -Ialgorithm/solver -Ialgorithm/runtime_constants -Ialgorithm/timestepping -Ialgorithm/transport -Ialgorithm/transport/common -Ialgorithm/transport/control -Ialgorithm/transport/ffsl -Ialgorithm/transport/mol -Ialgorithm/transport/sl -Ialgorithm/initialisation -Ialgorithm/physics -Ialgorithm/core_dynamics -Ialgorithm/diagnostics -Ialgorithm/diffusion -Ialgorithm/interpolation -Ialgorithm/limited_area -Ikernel -Ikernel/algebra -Ikernel/columnwise_operators -Ikernel/fem -Ikernel/geometry -Ikernel/inter_element_order -Ikernel/inter_function_space -Ikernel/inter_mesh -Ikernel/solver -Ikernel/core_dynamics -Ikernel/diagnostics -Ikernel/diffusion -Ikernel/external_forcing -Ikernel/initialisation -Ikernel/limited_area -Ikernel/transport -Ikernel/transport/common -Ikernel/transport/fem -Ikernel/transport/ffsl -Ikernel/transport/mol -Ikernel/transport/sl -Ipsy -Isolver -Iinventory -Idiagnostics -Idriver -Idriver/constants -Idriver/iau_multifile_io -Iinitialisation -Iorography -Iphysics -Iconstants -Ivector_space -DLEGACY_MPI -DLEGACY_TIMER -DTIMING_ON -DRDEF_PRECISION=32 -DR_SOLVER_PRECISION=32 -DR_TRAN_PRECISION=32 -DR_BL_PRECISION=32 -DUSE_XIOS -c -o kernel/algebra/sci_operator_x_times_y_kernel_mod.o kernel/algebra/sci_operator_x_times_y_kernel_mod.F90 -I/opt/cray/pe/mpich/8.1.32/ofi/gnu/11.2/include -I/opt/cray/pe/mpich/8.1.32/ofi/gnu/11.2/include
[cc] ftn -I/mnt/lustre/e1000/home/z19/z19/lparisi/nfs-testing/environments/benchmarks/opt/linux-rhel9-zen5/gcc-14.2/pfunit-4.12.0-mmtcyvubeu4pxjj5wnfcyz4lbatpghmw/PFUNIT-4.12/include -I/mnt/lustre/e1000/home/z19/z19/lparisi/nfs-testing/environments/benchmarks/opt/linux-rhel9-zen5/gcc-14.2/shumlib-13.0-s2o3dzmwn456wxjsj6jztzd4c5pdctms/include -I/mnt/lustre/e1000/home/z19/z19/lparisi/nfs-testing/environments/benchmarks/opt/linux-rhel9-zen5/gcc-14.2/yaxt-0.11.3-algx2ie6ibanzuhi6k7szojlr2bcetau/include -I/mnt/lustre/e1000/home/z19/z19/lparisi/nfs-testing/environments/benchmarks/opt/linux-rhel9-zen5/gcc-14.2/fargparse-1.9.0-pxhk5m5qndtahdqscaiz2t2s7bnlajcm/FARGPARSE-1.9/include -I/mnt/lustre/e1000/home/z19/z19/lparisi/nfs-testing/environments/benchmarks/opt/linux-rhel9-zen5/gcc-14.2/gftl-shared-1.10.0-xl3tnp2so4qxp5ranh4shjrz7rch22ro/GFTL_SHARED-1.10/include -ffree-line-length-none -fallow-argument-mismatch -fopenmp -g -Wall -Werror=conversion -Werror=unused-variable -Werror=character-truncation -Werror=unused-value -Werror=tabs -Og -std=f2008 -Jmod -Imod -Ifield -Ioperator -Iscalar -IPSYKE -Iconfiguration -Ifunction_space -Ifunction_space/dofmap -Iio -Ikernel_metadata -Ikey_value -Imesh -Iquadrature -Itime -Iutilities -Ialgorithm -Ialgorithm/solver -Ialgorithm/runtime_constants -Ialgorithm/timestepping -Ialgorithm/transport -Ialgorithm/transport/common -Ialgorithm/transport/control -Ialgorithm/transport/ffsl -Ialgorithm/transport/mol -Ialgorithm/transport/sl -Ialgorithm/initialisation -Ialgorithm/physics -Ialgorithm/core_dynamics -Ialgorithm/diagnostics -Ialgorithm/diffusion -Ialgorithm/interpolation -Ialgorithm/limited_area -Ikernel -Ikernel/algebra -Ikernel/columnwise_operators -Ikernel/fem -Ikernel/geometry -Ikernel/inter_element_order -Ikernel/inter_function_space -Ikernel/inter_mesh -Ikernel/solver -Ikernel/core_dynamics -Ikernel/diagnostics -Ikernel/diffusion -Ikernel/external_forcing -Ikernel/initialisation -Ikernel/limited_area -Ikernel/transport -Ikernel/transport/common -Ikernel/transport/fem -Ikernel/transport/ffsl -Ikernel/transport/mol -Ikernel/transport/sl -Ipsy -Isolver -Iinventory -Idiagnostics -Idriver -Idriver/constants -Idriver/iau_multifile_io -Iinitialisation -Iorography -Iphysics -Iconstants -Ivector_space -c -o kernel/solver/sci_operator_tri_solve_kernel_mod.o kernel/solver/sci_operator_tri_solve_kernel_mod.f90 -I/opt/cray/pe/mpich/8.1.32/ofi/gnu/11.2/include -I/opt/cray/pe/mpich/8.1.32/ofi/gnu/11.2/include
[cc] ftn -I/mnt/lustre/e1000/home/z19/z19/lparisi/nfs-testing/environments/benchmarks/opt/linux-rhel9-zen5/gcc-14.2/pfunit-4.12.0-mmtcyvubeu4pxjj5wnfcyz4lbatpghmw/PFUNIT-4.12/include -I/mnt/lustre/e1000/home/z19/z19/lparisi/nfs-testing/environments/benchmarks/opt/linux-rhel9-zen5/gcc-14.2/shumlib-13.0-s2o3dzmwn456wxjsj6jztzd4c5pdctms/include -I/mnt/lustre/e1000/home/z19/z19/lparisi/nfs-testing/environments/benchmarks/opt/linux-rhel9-zen5/gcc-14.2/yaxt-0.11.3-algx2ie6ibanzuhi6k7szojlr2bcetau/include -I/mnt/lustre/e1000/home/z19/z19/lparisi/nfs-testing/environments/benchmarks/opt/linux-rhel9-zen5/gcc-14.2/fargparse-1.9.0-pxhk5m5qndtahdqscaiz2t2s7bnlajcm/FARGPARSE-1.9/include -I/mnt/lustre/e1000/home/z19/z19/lparisi/nfs-testing/environments/benchmarks/opt/linux-rhel9-zen5/gcc-14.2/gftl-shared-1.10.0-xl3tnp2so4qxp5ranh4shjrz7rch22ro/GFTL_SHARED-1.10/include -ffree-line-length-none -fallow-argument-mismatch -fopenmp -g -Wall -Werror=conversion -Werror=unused-variable -Werror=character-truncation -Werror=unused-value -Werror=tabs -Og -std=f2008 -Jmod -Imod -Ifield -Ioperator -Iscalar -IPSYKE -Iconfiguration -Ifunction_space -Ifunction_space/dofmap -Iio -Ikernel_metadata -Ikey_value -Imesh -Iquadrature -Itime -Iutilities -Ialgorithm -Ialgorithm/solver -Ialgorithm/runtime_constants -Ialgorithm/timestepping -Ialgorithm/transport -Ialgorithm/transport/common -Ialgorithm/transport/control -Ialgorithm/transport/ffsl -Ialgorithm/transport/mol -Ialgorithm/transport/sl -Ialgorithm/initialisation -Ialgorithm/physics -Ialgorithm/core_dynamics -Ialgorithm/diagnostics -Ialgorithm/diffusion -Ialgorithm/interpolation -Ialgorithm/limited_area -Ikernel -Ikernel/algebra -Ikernel/columnwise_operators -Ikernel/fem -Ikernel/geometry -Ikernel/inter_element_order -Ikernel/inter_function_space -Ikernel/inter_mesh -Ikernel/solver -Ikernel/core_dynamics -Ikernel/diagnostics -Ikernel/diffusion -Ikernel/external_forcing -Ikernel/initialisation -Ikernel/limited_area -Ikernel/transport -Ikernel/transport/common -Ikernel/transport/fem -Ikernel/transport/ffsl -Ikernel/transport/mol -Ikernel/transport/sl -Ipsy -Isolver -Iinventory -Idiagnostics -Idriver -Idriver/constants -Idriver/iau_multifile_io -Iinitialisation -Iorography -Iphysics -Iconstants -Ivector_space -DLEGACY_MPI -DLEGACY_TIMER -DTIMING_ON -DRDEF_PRECISION=32 -DR_SOLVER_PRECISION=32 -DR_TRAN_PRECISION=32 -DR_BL_PRECISION=32 -DUSE_XIOS -c -o kernel/algebra/sci_enforce_bc_kernel_mod.o kernel/algebra/sci_enforce_bc_kernel_mod.F90 -I/opt/cray/pe/mpich/8.1.32/ofi/gnu/11.2/include -I/opt/cray/pe/mpich/8.1.32/ofi/gnu/11.2/include
[cc] ftn -I/mnt/lustre/e1000/home/z19/z19/lparisi/nfs-testing/environments/benchmarks/opt/linux-rhel9-zen5/gcc-14.2/pfunit-4.12.0-mmtcyvubeu4pxjj5wnfcyz4lbatpghmw/PFUNIT-4.12/include -I/mnt/lustre/e1000/home/z19/z19/lparisi/nfs-testing/environments/benchmarks/opt/linux-rhel9-zen5/gcc-14.2/shumlib-13.0-s2o3dzmwn456wxjsj6jztzd4c5pdctms/include -I/mnt/lustre/e1000/home/z19/z19/lparisi/nfs-testing/environments/benchmarks/opt/linux-rhel9-zen5/gcc-14.2/yaxt-0.11.3-algx2ie6ibanzuhi6k7szojlr2bcetau/include -I/mnt/lustre/e1000/home/z19/z19/lparisi/nfs-testing/environments/benchmarks/opt/linux-rhel9-zen5/gcc-14.2/fargparse-1.9.0-pxhk5m5qndtahdqscaiz2t2s7bnlajcm/FARGPARSE-1.9/include -I/mnt/lustre/e1000/home/z19/z19/lparisi/nfs-testing/environments/benchmarks/opt/linux-rhel9-zen5/gcc-14.2/gftl-shared-1.10.0-xl3tnp2so4qxp5ranh4shjrz7rch22ro/GFTL_SHARED-1.10/include -ffree-line-length-none -fallow-argument-mismatch -fopenmp -g -Wall -Werror=conversion -Werror=unused-variable -Werror=character-truncation -Werror=unused-value -Werror=tabs -Og -std=f2008 -Jmod -Imod -Ifield -Ioperator -Iscalar -IPSYKE -Iconfiguration -Ifunction_space -Ifunction_space/dofmap -Iio -Ikernel_metadata -Ikey_value -Imesh -Iquadrature -Itime -Iutilities -Ialgorithm -Ialgorithm/solver -Ialgorithm/runtime_constants -Ialgorithm/timestepping -Ialgorithm/transport -Ialgorithm/transport/common -Ialgorithm/transport/control -Ialgorithm/transport/ffsl -Ialgorithm/transport/mol -Ialgorithm/transport/sl -Ialgorithm/initialisation -Ialgorithm/physics -Ialgorithm/core_dynamics -Ialgorithm/diagnostics -Ialgorithm/diffusion -Ialgorithm/interpolation -Ialgorithm/limited_area -Ikernel -Ikernel/algebra -Ikernel/columnwise_operators -Ikernel/fem -Ikernel/geometry -Ikernel/inter_element_order -Ikernel/inter_function_space -Ikernel/inter_mesh -Ikernel/solver -Ikernel/core_dynamics -Ikernel/diagnostics -Ikernel/diffusion -Ikernel/external_forcing -Ikernel/initialisation -Ikernel/limited_area -Ikernel/transport -Ikernel/transport/common -Ikernel/transport/fem -Ikernel/transport/ffsl -Ikernel/transport/mol -Ikernel/transport/sl -Ipsy -Isolver -Iinventory -Idiagnostics -Idriver -Idriver/constants -Idriver/iau_multifile_io -Iinitialisation -Iorography -Iphysics -Iconstants -Ivector_space -DLEGACY_MPI -DLEGACY_TIMER -DTIMING_ON -DRDEF_PRECISION=32 -DR_SOLVER_PRECISION=32 -DR_TRAN_PRECISION=32 -DR_BL_PRECISION=32 -DUSE_XIOS -c -o kernel/algebra/sci_operator_algebra_kernel_mod.o kernel/algebra/sci_operator_algebra_kernel_mod.F90 -I/opt/cray/pe/mpich/8.1.32/ofi/gnu/11.2/include -I/opt/cray/pe/mpich/8.1.32/ofi/gnu/11.2/include
[cc] ftn -I/mnt/lustre/e1000/home/z19/z19/lparisi/nfs-testing/environments/benchmarks/opt/linux-rhel9-zen5/gcc-14.2/pfunit-4.12.0-mmtcyvubeu4pxjj5wnfcyz4lbatpghmw/PFUNIT-4.12/include -I/mnt/lustre/e1000/home/z19/z19/lparisi/nfs-testing/environments/benchmarks/opt/linux-rhel9-zen5/gcc-14.2/shumlib-13.0-s2o3dzmwn456wxjsj6jztzd4c5pdctms/include -I/mnt/lustre/e1000/home/z19/z19/lparisi/nfs-testing/environments/benchmarks/opt/linux-rhel9-zen5/gcc-14.2/yaxt-0.11.3-algx2ie6ibanzuhi6k7szojlr2bcetau/include -I/mnt/lustre/e1000/home/z19/z19/lparisi/nfs-testing/environments/benchmarks/opt/linux-rhel9-zen5/gcc-14.2/fargparse-1.9.0-pxhk5m5qndtahdqscaiz2t2s7bnlajcm/FARGPARSE-1.9/include -I/mnt/lustre/e1000/home/z19/z19/lparisi/nfs-testing/environments/benchmarks/opt/linux-rhel9-zen5/gcc-14.2/gftl-shared-1.10.0-xl3tnp2so4qxp5ranh4shjrz7rch22ro/GFTL_SHARED-1.10/include -ffree-line-length-none -fallow-argument-mismatch -fopenmp -g -Wall -Werror=conversion -Werror=unused-variable -Werror=character-truncation -Werror=unused-value -Werror=tabs -Og -std=f2008 -Jmod -Imod -Ifield -Ioperator -Iscalar -IPSYKE -Iconfiguration -Ifunction_space -Ifunction_space/dofmap -Iio -Ikernel_metadata -Ikey_value -Imesh -Iquadrature -Itime -Iutilities -Ialgorithm -Ialgorithm/solver -Ialgorithm/runtime_constants -Ialgorithm/timestepping -Ialgorithm/transport -Ialgorithm/transport/common -Ialgorithm/transport/control -Ialgorithm/transport/ffsl -Ialgorithm/transport/mol -Ialgorithm/transport/sl -Ialgorithm/initialisation -Ialgorithm/physics -Ialgorithm/core_dynamics -Ialgorithm/diagnostics -Ialgorithm/diffusion -Ialgorithm/interpolation -Ialgorithm/limited_area -Ikernel -Ikernel/algebra -Ikernel/columnwise_operators -Ikernel/fem -Ikernel/geometry -Ikernel/inter_element_order -Ikernel/inter_function_space -Ikernel/inter_mesh -Ikernel/solver -Ikernel/core_dynamics -Ikernel/diagnostics -Ikernel/diffusion -Ikernel/external_forcing -Ikernel/initialisation -Ikernel/limited_area -Ikernel/transport -Ikernel/transport/common -Ikernel/transport/fem -Ikernel/transport/ffsl -Ikernel/transport/mol -Ikernel/transport/sl -Ipsy -Isolver -Iinventory -Idiagnostics -Idriver -Idriver/constants -Idriver/iau_multifile_io -Iinitialisation -Iorography -Iphysics -Iconstants -Ivector_space -DLEGACY_MPI -DLEGACY_TIMER -DTIMING_ON -DRDEF_PRECISION=32 -DR_SOLVER_PRECISION=32 -DR_TRAN_PRECISION=32 -DR_BL_PRECISION=32 -DUSE_XIOS -c -o kernel/inter_function_space/sample_field_kernel_mod.o kernel/inter_function_space/sample_field_kernel_mod.F90 -I/opt/cray/pe/mpich/8.1.32/ofi/gnu/11.2/include -I/opt/cray/pe/mpich/8.1.32/ofi/gnu/11.2/include
[cc] ftn -I/mnt/lustre/e1000/home/z19/z19/lparisi/nfs-testing/environments/benchmarks/opt/linux-rhel9-zen5/gcc-14.2/pfunit-4.12.0-mmtcyvubeu4pxjj5wnfcyz4lbatpghmw/PFUNIT-4.12/include -I/mnt/lustre/e1000/home/z19/z19/lparisi/nfs-testing/environments/benchmarks/opt/linux-rhel9-zen5/gcc-14.2/shumlib-13.0-s2o3dzmwn456wxjsj6jztzd4c5pdctms/include -I/mnt/lustre/e1000/home/z19/z19/lparisi/nfs-testing/environments/benchmarks/opt/linux-rhel9-zen5/gcc-14.2/yaxt-0.11.3-algx2ie6ibanzuhi6k7szojlr2bcetau/include -I/mnt/lustre/e1000/home/z19/z19/lparisi/nfs-testing/environments/benchmarks/opt/linux-rhel9-zen5/gcc-14.2/fargparse-1.9.0-pxhk5m5qndtahdqscaiz2t2s7bnlajcm/FARGPARSE-1.9/include -I/mnt/lustre/e1000/home/z19/z19/lparisi/nfs-testing/environments/benchmarks/opt/linux-rhel9-zen5/gcc-14.2/gftl-shared-1.10.0-xl3tnp2so4qxp5ranh4shjrz7rch22ro/GFTL_SHARED-1.10/include -ffree-line-length-none -fallow-argument-mismatch -fopenmp -g -Wall -Werror=conversion -Werror=unused-variable -Werror=character-truncation -Werror=unused-value -Werror=tabs -Og -std=f2008 -Jmod -Imod -Ifield -Ioperator -Iscalar -IPSYKE -Iconfiguration -Ifunction_space -Ifunction_space/dofmap -Iio -Ikernel_metadata -Ikey_value -Imesh -Iquadrature -Itime -Iutilities -Ialgorithm -Ialgorithm/solver -Ialgorithm/runtime_constants -Ialgorithm/timestepping -Ialgorithm/transport -Ialgorithm/transport/common -Ialgorithm/transport/control -Ialgorithm/transport/ffsl -Ialgorithm/transport/mol -Ialgorithm/transport/sl -Ialgorithm/initialisation -Ialgorithm/physics -Ialgorithm/core_dynamics -Ialgorithm/diagnostics -Ialgorithm/diffusion -Ialgorithm/interpolation -Ialgorithm/limited_area -Ikernel -Ikernel/algebra -Ikernel/columnwise_operators -Ikernel/fem -Ikernel/geometry -Ikernel/inter_element_order -Ikernel/inter_function_space -Ikernel/inter_mesh -Ikernel/solver -Ikernel/core_dynamics -Ikernel/diagnostics -Ikernel/diffusion -Ikernel/external_forcing -Ikernel/initialisation -Ikernel/limited_area -Ikernel/transport -Ikernel/transport/common -Ikernel/transport/fem -Ikernel/transport/ffsl -Ikernel/transport/mol -Ikernel/transport/sl -Ipsy -Isolver -Iinventory -Idiagnostics -Idriver -Idriver/constants -Idriver/iau_multifile_io -Iinitialisation -Iorography -Iphysics -Iconstants -Ivector_space -DLEGACY_MPI -DLEGACY_TIMER -DTIMING_ON -DRDEF_PRECISION=32 -DR_SOLVER_PRECISION=32 -DR_TRAN_PRECISION=32 -DR_BL_PRECISION=32 -DUSE_XIOS -c -o kernel/algebra/transpose_matrix_vector_kernel_mod.o kernel/algebra/transpose_matrix_vector_kernel_mod.F90 -I/opt/cray/pe/mpich/8.1.32/ofi/gnu/11.2/include -I/opt/cray/pe/mpich/8.1.32/ofi/gnu/11.2/include
[cc] ftn -I/mnt/lustre/e1000/home/z19/z19/lparisi/nfs-testing/environments/benchmarks/opt/linux-rhel9-zen5/gcc-14.2/pfunit-4.12.0-mmtcyvubeu4pxjj5wnfcyz4lbatpghmw/PFUNIT-4.12/include -I/mnt/lustre/e1000/home/z19/z19/lparisi/nfs-testing/environments/benchmarks/opt/linux-rhel9-zen5/gcc-14.2/shumlib-13.0-s2o3dzmwn456wxjsj6jztzd4c5pdctms/include -I/mnt/lustre/e1000/home/z19/z19/lparisi/nfs-testing/environments/benchmarks/opt/linux-rhel9-zen5/gcc-14.2/yaxt-0.11.3-algx2ie6ibanzuhi6k7szojlr2bcetau/include -I/mnt/lustre/e1000/home/z19/z19/lparisi/nfs-testing/environments/benchmarks/opt/linux-rhel9-zen5/gcc-14.2/fargparse-1.9.0-pxhk5m5qndtahdqscaiz2t2s7bnlajcm/FARGPARSE-1.9/include -I/mnt/lustre/e1000/home/z19/z19/lparisi/nfs-testing/environments/benchmarks/opt/linux-rhel9-zen5/gcc-14.2/gftl-shared-1.10.0-xl3tnp2so4qxp5ranh4shjrz7rch22ro/GFTL_SHARED-1.10/include -ffree-line-length-none -fallow-argument-mismatch -fopenmp -g -Wall -Werror=conversion -Werror=unused-variable -Werror=character-truncation -Werror=unused-value -Werror=tabs -Og -std=f2008 -Jmod -Imod -Ifield -Ioperator -Iscalar -IPSYKE -Iconfiguration -Ifunction_space -Ifunction_space/dofmap -Iio -Ikernel_metadata -Ikey_value -Imesh -Iquadrature -Itime -Iutilities -Ialgorithm -Ialgorithm/solver -Ialgorithm/runtime_constants -Ialgorithm/timestepping -Ialgorithm/transport -Ialgorithm/transport/common -Ialgorithm/transport/control -Ialgorithm/transport/ffsl -Ialgorithm/transport/mol -Ialgorithm/transport/sl -Ialgorithm/initialisation -Ialgorithm/physics -Ialgorithm/core_dynamics -Ialgorithm/diagnostics -Ialgorithm/diffusion -Ialgorithm/interpolation -Ialgorithm/limited_area -Ikernel -Ikernel/algebra -Ikernel/columnwise_operators -Ikernel/fem -Ikernel/geometry -Ikernel/inter_element_order -Ikernel/inter_function_space -Ikernel/inter_mesh -Ikernel/solver -Ikernel/core_dynamics -Ikernel/diagnostics -Ikernel/diffusion -Ikernel/external_forcing -Ikernel/initialisation -Ikernel/limited_area -Ikernel/transport -Ikernel/transport/common -Ikernel/transport/fem -Ikernel/transport/ffsl -Ikernel/transport/mol -Ikernel/transport/sl -Ipsy -Isolver -Iinventory -Idiagnostics -Idriver -Idriver/constants -Idriver/iau_multifile_io -Iinitialisation -Iorography -Iphysics -Iconstants -Ivector_space -DLEGACY_MPI -DLEGACY_TIMER -DTIMING_ON -DRDEF_PRECISION=32 -DR_SOLVER_PRECISION=32 -DR_TRAN_PRECISION=32 -DR_BL_PRECISION=32 -DUSE_XIOS -c -o kernel/inter_element_order/sci_map_scalar_fe_to_fv_kernel_mod.o kernel/inter_element_order/sci_map_scalar_fe_to_fv_kernel_mod.F90 -I/opt/cray/pe/mpich/8.1.32/ofi/gnu/11.2/include -I/opt/cray/pe/mpich/8.1.32/ofi/gnu/11.2/include
[cc] ftn -I/mnt/lustre/e1000/home/z19/z19/lparisi/nfs-testing/environments/benchmarks/opt/linux-rhel9-zen5/gcc-14.2/pfunit-4.12.0-mmtcyvubeu4pxjj5wnfcyz4lbatpghmw/PFUNIT-4.12/include -I/mnt/lustre/e1000/home/z19/z19/lparisi/nfs-testing/environments/benchmarks/opt/linux-rhel9-zen5/gcc-14.2/shumlib-13.0-s2o3dzmwn456wxjsj6jztzd4c5pdctms/include -I/mnt/lustre/e1000/home/z19/z19/lparisi/nfs-testing/environments/benchmarks/opt/linux-rhel9-zen5/gcc-14.2/yaxt-0.11.3-algx2ie6ibanzuhi6k7szojlr2bcetau/include -I/mnt/lustre/e1000/home/z19/z19/lparisi/nfs-testing/environments/benchmarks/opt/linux-rhel9-zen5/gcc-14.2/fargparse-1.9.0-pxhk5m5qndtahdqscaiz2t2s7bnlajcm/FARGPARSE-1.9/include -I/mnt/lustre/e1000/home/z19/z19/lparisi/nfs-testing/environments/benchmarks/opt/linux-rhel9-zen5/gcc-14.2/gftl-shared-1.10.0-xl3tnp2so4qxp5ranh4shjrz7rch22ro/GFTL_SHARED-1.10/include -ffree-line-length-none -fallow-argument-mismatch -fopenmp -g -Wall -Werror=conversion -Werror=unused-variable -Werror=character-truncation -Werror=unused-value -Werror=tabs -Og -std=f2008 -Jmod -Imod -Ifield -Ioperator -Iscalar -IPSYKE -Iconfiguration -Ifunction_space -Ifunction_space/dofmap -Iio -Ikernel_metadata -Ikey_value -Imesh -Iquadrature -Itime -Iutilities -Ialgorithm -Ialgorithm/solver -Ialgorithm/runtime_constants -Ialgorithm/timestepping -Ialgorithm/transport -Ialgorithm/transport/common -Ialgorithm/transport/control -Ialgorithm/transport/ffsl -Ialgorithm/transport/mol -Ialgorithm/transport/sl -Ialgorithm/initialisation -Ialgorithm/physics -Ialgorithm/core_dynamics -Ialgorithm/diagnostics -Ialgorithm/diffusion -Ialgorithm/interpolation -Ialgorithm/limited_area -Ikernel -Ikernel/algebra -Ikernel/columnwise_operators -Ikernel/fem -Ikernel/geometry -Ikernel/inter_element_order -Ikernel/inter_function_space -Ikernel/inter_mesh -Ikernel/solver -Ikernel/core_dynamics -Ikernel/diagnostics -Ikernel/diffusion -Ikernel/external_forcing -Ikernel/initialisation -Ikernel/limited_area -Ikernel/transport -Ikernel/transport/common -Ikernel/transport/fem -Ikernel/transport/ffsl -Ikernel/transport/mol -Ikernel/transport/sl -Ipsy -Isolver -Iinventory -Idiagnostics -Idriver -Idriver/constants -Idriver/iau_multifile_io -Iinitialisation -Iorography -Iphysics -Iconstants -Ivector_space -DLEGACY_MPI -DLEGACY_TIMER -DTIMING_ON -DRDEF_PRECISION=32 -DR_SOLVER_PRECISION=32 -DR_TRAN_PRECISION=32 -DR_BL_PRECISION=32 -DUSE_XIOS -c -o kernel/inter_element_order/sci_map_scalar_fv_to_fe_kernel_mod.o kernel/inter_element_order/sci_map_scalar_fv_to_fe_kernel_mod.F90 -I/opt/cray/pe/mpich/8.1.32/ofi/gnu/11.2/include -I/opt/cray/pe/mpich/8.1.32/ofi/gnu/11.2/include
[cc] ftn -I/mnt/lustre/e1000/home/z19/z19/lparisi/nfs-testing/environments/benchmarks/opt/linux-rhel9-zen5/gcc-14.2/pfunit-4.12.0-mmtcyvubeu4pxjj5wnfcyz4lbatpghmw/PFUNIT-4.12/include -I/mnt/lustre/e1000/home/z19/z19/lparisi/nfs-testing/environments/benchmarks/opt/linux-rhel9-zen5/gcc-14.2/shumlib-13.0-s2o3dzmwn456wxjsj6jztzd4c5pdctms/include -I/mnt/lustre/e1000/home/z19/z19/lparisi/nfs-testing/environments/benchmarks/opt/linux-rhel9-zen5/gcc-14.2/yaxt-0.11.3-algx2ie6ibanzuhi6k7szojlr2bcetau/include -I/mnt/lustre/e1000/home/z19/z19/lparisi/nfs-testing/environments/benchmarks/opt/linux-rhel9-zen5/gcc-14.2/fargparse-1.9.0-pxhk5m5qndtahdqscaiz2t2s7bnlajcm/FARGPARSE-1.9/include -I/mnt/lustre/e1000/home/z19/z19/lparisi/nfs-testing/environments/benchmarks/opt/linux-rhel9-zen5/gcc-14.2/gftl-shared-1.10.0-xl3tnp2so4qxp5ranh4shjrz7rch22ro/GFTL_SHARED-1.10/include -ffree-line-length-none -fallow-argument-mismatch -fopenmp -g -Wall -Werror=conversion -Werror=unused-variable -Werror=character-truncation -Werror=unused-value -Werror=tabs -Og -std=f2008 -Jmod -Imod -Ifield -Ioperator -Iscalar -IPSYKE -Iconfiguration -Ifunction_space -Ifunction_space/dofmap -Iio -Ikernel_metadata -Ikey_value -Imesh -Iquadrature -Itime -Iutilities -Ialgorithm -Ialgorithm/solver -Ialgorithm/runtime_constants -Ialgorithm/timestepping -Ialgorithm/transport -Ialgorithm/transport/common -Ialgorithm/transport/control -Ialgorithm/transport/ffsl -Ialgorithm/transport/mol -Ialgorithm/transport/sl -Ialgorithm/initialisation -Ialgorithm/physics -Ialgorithm/core_dynamics -Ialgorithm/diagnostics -Ialgorithm/diffusion -Ialgorithm/interpolation -Ialgorithm/limited_area -Ikernel -Ikernel/algebra -Ikernel/columnwise_operators -Ikernel/fem -Ikernel/geometry -Ikernel/inter_element_order -Ikernel/inter_function_space -Ikernel/inter_mesh -Ikernel/solver -Ikernel/core_dynamics -Ikernel/diagnostics -Ikernel/diffusion -Ikernel/external_forcing -Ikernel/initialisation -Ikernel/limited_area -Ikernel/transport -Ikernel/transport/common -Ikernel/transport/fem -Ikernel/transport/ffsl -Ikernel/transport/mol -Ikernel/transport/sl -Ipsy -Isolver -Iinventory -Idiagnostics -Idriver -Idriver/constants -Idriver/iau_multifile_io -Iinitialisation -Iorography -Iphysics -Iconstants -Ivector_space -DLEGACY_MPI -DLEGACY_TIMER -DTIMING_ON -DRDEF_PRECISION=32 -DR_SOLVER_PRECISION=32 -DR_TRAN_PRECISION=32 -DR_BL_PRECISION=32 -DUSE_XIOS -c -o kernel/initialisation/profile_interp_kernel_mod.o kernel/initialisation/profile_interp_kernel_mod.F90 -I/opt/cray/pe/mpich/8.1.32/ofi/gnu/11.2/include -I/opt/cray/pe/mpich/8.1.32/ofi/gnu/11.2/include
[cc] ftn -I/mnt/lustre/e1000/home/z19/z19/lparisi/nfs-testing/environments/benchmarks/opt/linux-rhel9-zen5/gcc-14.2/pfunit-4.12.0-mmtcyvubeu4pxjj5wnfcyz4lbatpghmw/PFUNIT-4.12/include -I/mnt/lustre/e1000/home/z19/z19/lparisi/nfs-testing/environments/benchmarks/opt/linux-rhel9-zen5/gcc-14.2/shumlib-13.0-s2o3dzmwn456wxjsj6jztzd4c5pdctms/include -I/mnt/lustre/e1000/home/z19/z19/lparisi/nfs-testing/environments/benchmarks/opt/linux-rhel9-zen5/gcc-14.2/yaxt-0.11.3-algx2ie6ibanzuhi6k7szojlr2bcetau/include -I/mnt/lustre/e1000/home/z19/z19/lparisi/nfs-testing/environments/benchmarks/opt/linux-rhel9-zen5/gcc-14.2/fargparse-1.9.0-pxhk5m5qndtahdqscaiz2t2s7bnlajcm/FARGPARSE-1.9/include -I/mnt/lustre/e1000/home/z19/z19/lparisi/nfs-testing/environments/benchmarks/opt/linux-rhel9-zen5/gcc-14.2/gftl-shared-1.10.0-xl3tnp2so4qxp5ranh4shjrz7rch22ro/GFTL_SHARED-1.10/include -ffree-line-length-none -fallow-argument-mismatch -fopenmp -g -Wall -Werror=conversion -Werror=unused-variable -Werror=character-truncation -Werror=unused-value -Werror=tabs -Og -std=f2008 -Jmod -Imod -Ifield -Ioperator -Iscalar -IPSYKE -Iconfiguration -Ifunction_space -Ifunction_space/dofmap -Iio -Ikernel_metadata -Ikey_value -Imesh -Iquadrature -Itime -Iutilities -Ialgorithm -Ialgorithm/solver -Ialgorithm/runtime_constants -Ialgorithm/timestepping -Ialgorithm/transport -Ialgorithm/transport/common -Ialgorithm/transport/control -Ialgorithm/transport/ffsl -Ialgorithm/transport/mol -Ialgorithm/transport/sl -Ialgorithm/initialisation -Ialgorithm/physics -Ialgorithm/core_dynamics -Ialgorithm/diagnostics -Ialgorithm/diffusion -Ialgorithm/interpolation -Ialgorithm/limited_area -Ikernel -Ikernel/algebra -Ikernel/columnwise_operators -Ikernel/fem -Ikernel/geometry -Ikernel/inter_element_order -Ikernel/inter_function_space -Ikernel/inter_mesh -Ikernel/solver -Ikernel/core_dynamics -Ikernel/diagnostics -Ikernel/diffusion -Ikernel/external_forcing -Ikernel/initialisation -Ikernel/limited_area -Ikernel/transport -Ikernel/transport/common -Ikernel/transport/fem -Ikernel/transport/ffsl -Ikernel/transport/mol -Ikernel/transport/sl -Ipsy -Isolver -Iinventory -Idiagnostics -Idriver -Idriver/constants -Idriver/iau_multifile_io -Iinitialisation -Iorography -Iphysics -Iconstants -Ivector_space -DLEGACY_MPI -DLEGACY_TIMER -DTIMING_ON -DRDEF_PRECISION=32 -DR_SOLVER_PRECISION=32 -DR_TRAN_PRECISION=32 -DR_BL_PRECISION=32 -DUSE_XIOS -c -o kernel/limited_area/create_edge_mask_kernel_mod.o kernel/limited_area/create_edge_mask_kernel_mod.F90 -I/opt/cray/pe/mpich/8.1.32/ofi/gnu/11.2/include -I/opt/cray/pe/mpich/8.1.32/ofi/gnu/11.2/include
[cc] ftn -I/mnt/lustre/e1000/home/z19/z19/lparisi/nfs-testing/environments/benchmarks/opt/linux-rhel9-zen5/gcc-14.2/pfunit-4.12.0-mmtcyvubeu4pxjj5wnfcyz4lbatpghmw/PFUNIT-4.12/include -I/mnt/lustre/e1000/home/z19/z19/lparisi/nfs-testing/environments/benchmarks/opt/linux-rhel9-zen5/gcc-14.2/shumlib-13.0-s2o3dzmwn456wxjsj6jztzd4c5pdctms/include -I/mnt/lustre/e1000/home/z19/z19/lparisi/nfs-testing/environments/benchmarks/opt/linux-rhel9-zen5/gcc-14.2/yaxt-0.11.3-algx2ie6ibanzuhi6k7szojlr2bcetau/include -I/mnt/lustre/e1000/home/z19/z19/lparisi/nfs-testing/environments/benchmarks/opt/linux-rhel9-zen5/gcc-14.2/fargparse-1.9.0-pxhk5m5qndtahdqscaiz2t2s7bnlajcm/FARGPARSE-1.9/include -I/mnt/lustre/e1000/home/z19/z19/lparisi/nfs-testing/environments/benchmarks/opt/linux-rhel9-zen5/gcc-14.2/gftl-shared-1.10.0-xl3tnp2so4qxp5ranh4shjrz7rch22ro/GFTL_SHARED-1.10/include -ffree-line-length-none -fallow-argument-mismatch -fopenmp -g -Wall -Werror=conversion -Werror=unused-variable -Werror=character-truncation -Werror=unused-value -Werror=tabs -Og -std=f2008 -Jmod -Imod -Ifield -Ioperator -Iscalar -IPSYKE -Iconfiguration -Ifunction_space -Ifunction_space/dofmap -Iio -Ikernel_metadata -Ikey_value -Imesh -Iquadrature -Itime -Iutilities -Ialgorithm -Ialgorithm/solver -Ialgorithm/runtime_constants -Ialgorithm/timestepping -Ialgorithm/transport -Ialgorithm/transport/common -Ialgorithm/transport/control -Ialgorithm/transport/ffsl -Ialgorithm/transport/mol -Ialgorithm/transport/sl -Ialgorithm/initialisation -Ialgorithm/physics -Ialgorithm/core_dynamics -Ialgorithm/diagnostics -Ialgorithm/diffusion -Ialgorithm/interpolation -Ialgorithm/limited_area -Ikernel -Ikernel/algebra -Ikernel/columnwise_operators -Ikernel/fem -Ikernel/geometry -Ikernel/inter_element_order -Ikernel/inter_function_space -Ikernel/inter_mesh -Ikernel/solver -Ikernel/core_dynamics -Ikernel/diagnostics -Ikernel/diffusion -Ikernel/external_forcing -Ikernel/initialisation -Ikernel/limited_area -Ikernel/transport -Ikernel/transport/common -Ikernel/transport/fem -Ikernel/transport/ffsl -Ikernel/transport/mol -Ikernel/transport/sl -Ipsy -Isolver -Iinventory -Idiagnostics -Idriver -Idriver/constants -Idriver/iau_multifile_io -Iinitialisation -Iorography -Iphysics -Iconstants -Ivector_space -DLEGACY_MPI -DLEGACY_TIMER -DTIMING_ON -DRDEF_PRECISION=32 -DR_SOLVER_PRECISION=32 -DR_TRAN_PRECISION=32 -DR_BL_PRECISION=32 -DUSE_XIOS -c -o kernel/inter_mesh/sci_restrict_scalar_masked_kernel_mod.o kernel/inter_mesh/sci_restrict_scalar_masked_kernel_mod.F90 -I/opt/cray/pe/mpich/8.1.32/ofi/gnu/11.2/include -I/opt/cray/pe/mpich/8.1.32/ofi/gnu/11.2/include
[cc] ftn -I/mnt/lustre/e1000/home/z19/z19/lparisi/nfs-testing/environments/benchmarks/opt/linux-rhel9-zen5/gcc-14.2/pfunit-4.12.0-mmtcyvubeu4pxjj5wnfcyz4lbatpghmw/PFUNIT-4.12/include -I/mnt/lustre/e1000/home/z19/z19/lparisi/nfs-testing/environments/benchmarks/opt/linux-rhel9-zen5/gcc-14.2/shumlib-13.0-s2o3dzmwn456wxjsj6jztzd4c5pdctms/include -I/mnt/lustre/e1000/home/z19/z19/lparisi/nfs-testing/environments/benchmarks/opt/linux-rhel9-zen5/gcc-14.2/yaxt-0.11.3-algx2ie6ibanzuhi6k7szojlr2bcetau/include -I/mnt/lustre/e1000/home/z19/z19/lparisi/nfs-testing/environments/benchmarks/opt/linux-rhel9-zen5/gcc-14.2/fargparse-1.9.0-pxhk5m5qndtahdqscaiz2t2s7bnlajcm/FARGPARSE-1.9/include -I/mnt/lustre/e1000/home/z19/z19/lparisi/nfs-testing/environments/benchmarks/opt/linux-rhel9-zen5/gcc-14.2/gftl-shared-1.10.0-xl3tnp2so4qxp5ranh4shjrz7rch22ro/GFTL_SHARED-1.10/include -ffree-line-length-none -fallow-argument-mismatch -fopenmp -g -Wall -Werror=conversion -Werror=unused-variable -Werror=character-truncation -Werror=unused-value -Werror=tabs -Og -std=f2008 -Jmod -Imod -Ifield -Ioperator -Iscalar -IPSYKE -Iconfiguration -Ifunction_space -Ifunction_space/dofmap -Iio -Ikernel_metadata -Ikey_value -Imesh -Iquadrature -Itime -Iutilities -Ialgorithm -Ialgorithm/solver -Ialgorithm/runtime_constants -Ialgorithm/timestepping -Ialgorithm/transport -Ialgorithm/transport/common -Ialgorithm/transport/control -Ialgorithm/transport/ffsl -Ialgorithm/transport/mol -Ialgorithm/transport/sl -Ialgorithm/initialisation -Ialgorithm/physics -Ialgorithm/core_dynamics -Ialgorithm/diagnostics -Ialgorithm/diffusion -Ialgorithm/interpolation -Ialgorithm/limited_area -Ikernel -Ikernel/algebra -Ikernel/columnwise_operators -Ikernel/fem -Ikernel/geometry -Ikernel/inter_element_order -Ikernel/inter_function_space -Ikernel/inter_mesh -Ikernel/solver -Ikernel/core_dynamics -Ikernel/diagnostics -Ikernel/diffusion -Ikernel/external_forcing -Ikernel/initialisation -Ikernel/limited_area -Ikernel/transport -Ikernel/transport/common -Ikernel/transport/fem -Ikernel/transport/ffsl -Ikernel/transport/mol -Ikernel/transport/sl -Ipsy -Isolver -Iinventory -Idiagnostics -Idriver -Idriver/constants -Idriver/iau_multifile_io -Iinitialisation -Iorography -Iphysics -Iconstants -Ivector_space -DLEGACY_MPI -DLEGACY_TIMER -DTIMING_ON -DRDEF_PRECISION=32 -DR_SOLVER_PRECISION=32 -DR_TRAN_PRECISION=32 -DR_BL_PRECISION=32 -DUSE_XIOS -c -o kernel/diagnostics/field_stats_kernel_mod.o kernel/diagnostics/field_stats_kernel_mod.F90 -I/opt/cray/pe/mpich/8.1.32/ofi/gnu/11.2/include -I/opt/cray/pe/mpich/8.1.32/ofi/gnu/11.2/include
[cc] ftn -I/mnt/lustre/e1000/home/z19/z19/lparisi/nfs-testing/environments/benchmarks/opt/linux-rhel9-zen5/gcc-14.2/pfunit-4.12.0-mmtcyvubeu4pxjj5wnfcyz4lbatpghmw/PFUNIT-4.12/include -I/mnt/lustre/e1000/home/z19/z19/lparisi/nfs-testing/environments/benchmarks/opt/linux-rhel9-zen5/gcc-14.2/shumlib-13.0-s2o3dzmwn456wxjsj6jztzd4c5pdctms/include -I/mnt/lustre/e1000/home/z19/z19/lparisi/nfs-testing/environments/benchmarks/opt/linux-rhel9-zen5/gcc-14.2/yaxt-0.11.3-algx2ie6ibanzuhi6k7szojlr2bcetau/include -I/mnt/lustre/e1000/home/z19/z19/lparisi/nfs-testing/environments/benchmarks/opt/linux-rhel9-zen5/gcc-14.2/fargparse-1.9.0-pxhk5m5qndtahdqscaiz2t2s7bnlajcm/FARGPARSE-1.9/include -I/mnt/lustre/e1000/home/z19/z19/lparisi/nfs-testing/environments/benchmarks/opt/linux-rhel9-zen5/gcc-14.2/gftl-shared-1.10.0-xl3tnp2so4qxp5ranh4shjrz7rch22ro/GFTL_SHARED-1.10/include -ffree-line-length-none -fallow-argument-mismatch -fopenmp -g -Wall -Werror=conversion -Werror=unused-variable -Werror=character-truncation -Werror=unused-value -Werror=tabs -Og -std=f2008 -Jmod -Imod -Ifield -Ioperator -Iscalar -IPSYKE -Iconfiguration -Ifunction_space -Ifunction_space/dofmap -Iio -Ikernel_metadata -Ikey_value -Imesh -Iquadrature -Itime -Iutilities -Ialgorithm -Ialgorithm/solver -Ialgorithm/runtime_constants -Ialgorithm/timestepping -Ialgorithm/transport -Ialgorithm/transport/common -Ialgorithm/transport/control -Ialgorithm/transport/ffsl -Ialgorithm/transport/mol -Ialgorithm/transport/sl -Ialgorithm/initialisation -Ialgorithm/physics -Ialgorithm/core_dynamics -Ialgorithm/diagnostics -Ialgorithm/diffusion -Ialgorithm/interpolation -Ialgorithm/limited_area -Ikernel -Ikernel/algebra -Ikernel/columnwise_operators -Ikernel/fem -Ikernel/geometry -Ikernel/inter_element_order -Ikernel/inter_function_space -Ikernel/inter_mesh -Ikernel/solver -Ikernel/core_dynamics -Ikernel/diagnostics -Ikernel/diffusion -Ikernel/external_forcing -Ikernel/initialisation -Ikernel/limited_area -Ikernel/transport -Ikernel/transport/common -Ikernel/transport/fem -Ikernel/transport/ffsl -Ikernel/transport/mol -Ikernel/transport/sl -Ipsy -Isolver -Iinventory -Idiagnostics -Idriver -Idriver/constants -Idriver/iau_multifile_io -Iinitialisation -Iorography -Iphysics -Iconstants -Ivector_space -DLEGACY_MPI -DLEGACY_TIMER -DTIMING_ON -DRDEF_PRECISION=32 -DR_SOLVER_PRECISION=32 -DR_TRAN_PRECISION=32 -DR_BL_PRECISION=32 -DUSE_XIOS -c -o kernel/limited_area/propagate_onion_layers_kernel_mod.o kernel/limited_area/propagate_onion_layers_kernel_mod.F90 -I/opt/cray/pe/mpich/8.1.32/ofi/gnu/11.2/include -I/opt/cray/pe/mpich/8.1.32/ofi/gnu/11.2/include
[cc] ftn -I/mnt/lustre/e1000/home/z19/z19/lparisi/nfs-testing/environments/benchmarks/opt/linux-rhel9-zen5/gcc-14.2/pfunit-4.12.0-mmtcyvubeu4pxjj5wnfcyz4lbatpghmw/PFUNIT-4.12/include -I/mnt/lustre/e1000/home/z19/z19/lparisi/nfs-testing/environments/benchmarks/opt/linux-rhel9-zen5/gcc-14.2/shumlib-13.0-s2o3dzmwn456wxjsj6jztzd4c5pdctms/include -I/mnt/lustre/e1000/home/z19/z19/lparisi/nfs-testing/environments/benchmarks/opt/linux-rhel9-zen5/gcc-14.2/yaxt-0.11.3-algx2ie6ibanzuhi6k7szojlr2bcetau/include -I/mnt/lustre/e1000/home/z19/z19/lparisi/nfs-testing/environments/benchmarks/opt/linux-rhel9-zen5/gcc-14.2/fargparse-1.9.0-pxhk5m5qndtahdqscaiz2t2s7bnlajcm/FARGPARSE-1.9/include -I/mnt/lustre/e1000/home/z19/z19/lparisi/nfs-testing/environments/benchmarks/opt/linux-rhel9-zen5/gcc-14.2/gftl-shared-1.10.0-xl3tnp2so4qxp5ranh4shjrz7rch22ro/GFTL_SHARED-1.10/include -ffree-line-length-none -fallow-argument-mismatch -fopenmp -g -Wall -Werror=conversion -Werror=unused-variable -Werror=character-truncation -Werror=unused-value -Werror=tabs -Og -std=f2008 -Jmod -Imod -Ifield -Ioperator -Iscalar -IPSYKE -Iconfiguration -Ifunction_space -Ifunction_space/dofmap -Iio -Ikernel_metadata -Ikey_value -Imesh -Iquadrature -Itime -Iutilities -Ialgorithm -Ialgorithm/solver -Ialgorithm/runtime_constants -Ialgorithm/timestepping -Ialgorithm/transport -Ialgorithm/transport/common -Ialgorithm/transport/control -Ialgorithm/transport/ffsl -Ialgorithm/transport/mol -Ialgorithm/transport/sl -Ialgorithm/initialisation -Ialgorithm/physics -Ialgorithm/core_dynamics -Ialgorithm/diagnostics -Ialgorithm/diffusion -Ialgorithm/interpolation -Ialgorithm/limited_area -Ikernel -Ikernel/algebra -Ikernel/columnwise_operators -Ikernel/fem -Ikernel/geometry -Ikernel/inter_element_order -Ikernel/inter_function_space -Ikernel/inter_mesh -Ikernel/solver -Ikernel/core_dynamics -Ikernel/diagnostics -Ikernel/diffusion -Ikernel/external_forcing -Ikernel/initialisation -Ikernel/limited_area -Ikernel/transport -Ikernel/transport/common -Ikernel/transport/fem -Ikernel/transport/ffsl -Ikernel/transport/mol -Ikernel/transport/sl -Ipsy -Isolver -Iinventory -Idiagnostics -Idriver -Idriver/constants -Idriver/iau_multifile_io -Iinitialisation -Iorography -Iphysics -Iconstants -Ivector_space -DLEGACY_MPI -DLEGACY_TIMER -DTIMING_ON -DRDEF_PRECISION=32 -DR_SOLVER_PRECISION=32 -DR_TRAN_PRECISION=32 -DR_BL_PRECISION=32 -DUSE_XIOS -c -o kernel/algebra/sci_set_any_dof_kernel_mod.o kernel/algebra/sci_set_any_dof_kernel_mod.F90 -I/opt/cray/pe/mpich/8.1.32/ofi/gnu/11.2/include -I/opt/cray/pe/mpich/8.1.32/ofi/gnu/11.2/include
[cc] ftn -I/mnt/lustre/e1000/home/z19/z19/lparisi/nfs-testing/environments/benchmarks/opt/linux-rhel9-zen5/gcc-14.2/pfunit-4.12.0-mmtcyvubeu4pxjj5wnfcyz4lbatpghmw/PFUNIT-4.12/include -I/mnt/lustre/e1000/home/z19/z19/lparisi/nfs-testing/environments/benchmarks/opt/linux-rhel9-zen5/gcc-14.2/shumlib-13.0-s2o3dzmwn456wxjsj6jztzd4c5pdctms/include -I/mnt/lustre/e1000/home/z19/z19/lparisi/nfs-testing/environments/benchmarks/opt/linux-rhel9-zen5/gcc-14.2/yaxt-0.11.3-algx2ie6ibanzuhi6k7szojlr2bcetau/include -I/mnt/lustre/e1000/home/z19/z19/lparisi/nfs-testing/environments/benchmarks/opt/linux-rhel9-zen5/gcc-14.2/fargparse-1.9.0-pxhk5m5qndtahdqscaiz2t2s7bnlajcm/FARGPARSE-1.9/include -I/mnt/lustre/e1000/home/z19/z19/lparisi/nfs-testing/environments/benchmarks/opt/linux-rhel9-zen5/gcc-14.2/gftl-shared-1.10.0-xl3tnp2so4qxp5ranh4shjrz7rch22ro/GFTL_SHARED-1.10/include -ffree-line-length-none -fallow-argument-mismatch -fopenmp -g -Wall -Werror=conversion -Werror=unused-variable -Werror=character-truncation -Werror=unused-value -Werror=tabs -Og -std=f2008 -Jmod -Imod -Ifield -Ioperator -Iscalar -IPSYKE -Iconfiguration -Ifunction_space -Ifunction_space/dofmap -Iio -Ikernel_metadata -Ikey_value -Imesh -Iquadrature -Itime -Iutilities -Ialgorithm -Ialgorithm/solver -Ialgorithm/runtime_constants -Ialgorithm/timestepping -Ialgorithm/transport -Ialgorithm/transport/common -Ialgorithm/transport/control -Ialgorithm/transport/ffsl -Ialgorithm/transport/mol -Ialgorithm/transport/sl -Ialgorithm/initialisation -Ialgorithm/physics -Ialgorithm/core_dynamics -Ialgorithm/diagnostics -Ialgorithm/diffusion -Ialgorithm/interpolation -Ialgorithm/limited_area -Ikernel -Ikernel/algebra -Ikernel/columnwise_operators -Ikernel/fem -Ikernel/geometry -Ikernel/inter_element_order -Ikernel/inter_function_space -Ikernel/inter_mesh -Ikernel/solver -Ikernel/core_dynamics -Ikernel/diagnostics -Ikernel/diffusion -Ikernel/external_forcing -Ikernel/initialisation -Ikernel/limited_area -Ikernel/transport -Ikernel/transport/common -Ikernel/transport/fem -Ikernel/transport/ffsl -Ikernel/transport/mol -Ikernel/transport/sl -Ipsy -Isolver -Iinventory -Idiagnostics -Idriver -Idriver/constants -Idriver/iau_multifile_io -Iinitialisation -Iorography -Iphysics -Iconstants -Ivector_space -DLEGACY_MPI -DLEGACY_TIMER -DTIMING_ON -DRDEF_PRECISION=32 -DR_SOLVER_PRECISION=32 -DR_TRAN_PRECISION=32 -DR_BL_PRECISION=32 -DUSE_XIOS -c -o orography/dcmip200_orography_spherical_mod.o orography/dcmip200_orography_spherical_mod.F90 -I/opt/cray/pe/mpich/8.1.32/ofi/gnu/11.2/include -I/opt/cray/pe/mpich/8.1.32/ofi/gnu/11.2/include
[cc] ftn -I/mnt/lustre/e1000/home/z19/z19/lparisi/nfs-testing/environments/benchmarks/opt/linux-rhel9-zen5/gcc-14.2/pfunit-4.12.0-mmtcyvubeu4pxjj5wnfcyz4lbatpghmw/PFUNIT-4.12/include -I/mnt/lustre/e1000/home/z19/z19/lparisi/nfs-testing/environments/benchmarks/opt/linux-rhel9-zen5/gcc-14.2/shumlib-13.0-s2o3dzmwn456wxjsj6jztzd4c5pdctms/include -I/mnt/lustre/e1000/home/z19/z19/lparisi/nfs-testing/environments/benchmarks/opt/linux-rhel9-zen5/gcc-14.2/yaxt-0.11.3-algx2ie6ibanzuhi6k7szojlr2bcetau/include -I/mnt/lustre/e1000/home/z19/z19/lparisi/nfs-testing/environments/benchmarks/opt/linux-rhel9-zen5/gcc-14.2/fargparse-1.9.0-pxhk5m5qndtahdqscaiz2t2s7bnlajcm/FARGPARSE-1.9/include -I/mnt/lustre/e1000/home/z19/z19/lparisi/nfs-testing/environments/benchmarks/opt/linux-rhel9-zen5/gcc-14.2/gftl-shared-1.10.0-xl3tnp2so4qxp5ranh4shjrz7rch22ro/GFTL_SHARED-1.10/include -ffree-line-length-none -fallow-argument-mismatch -fopenmp -g -Wall -Werror=conversion -Werror=unused-variable -Werror=character-truncation -Werror=unused-value -Werror=tabs -Og -std=f2008 -Jmod -Imod -Ifield -Ioperator -Iscalar -IPSYKE -Iconfiguration -Ifunction_space -Ifunction_space/dofmap -Iio -Ikernel_metadata -Ikey_value -Imesh -Iquadrature -Itime -Iutilities -Ialgorithm -Ialgorithm/solver -Ialgorithm/runtime_constants -Ialgorithm/timestepping -Ialgorithm/transport -Ialgorithm/transport/common -Ialgorithm/transport/control -Ialgorithm/transport/ffsl -Ialgorithm/transport/mol -Ialgorithm/transport/sl -Ialgorithm/initialisation -Ialgorithm/physics -Ialgorithm/core_dynamics -Ialgorithm/diagnostics -Ialgorithm/diffusion -Ialgorithm/interpolation -Ialgorithm/limited_area -Ikernel -Ikernel/algebra -Ikernel/columnwise_operators -Ikernel/fem -Ikernel/geometry -Ikernel/inter_element_order -Ikernel/inter_function_space -Ikernel/inter_mesh -Ikernel/solver -Ikernel/core_dynamics -Ikernel/diagnostics -Ikernel/diffusion -Ikernel/external_forcing -Ikernel/initialisation -Ikernel/limited_area -Ikernel/transport -Ikernel/transport/common -Ikernel/transport/fem -Ikernel/transport/ffsl -Ikernel/transport/mol -Ikernel/transport/sl -Ipsy -Isolver -Iinventory -Idiagnostics -Idriver -Idriver/constants -Idriver/iau_multifile_io -Iinitialisation -Iorography -Iphysics -Iconstants -Ivector_space -DLEGACY_MPI -DLEGACY_TIMER -DTIMING_ON -DRDEF_PRECISION=32 -DR_SOLVER_PRECISION=32 -DR_TRAN_PRECISION=32 -DR_BL_PRECISION=32 -DUSE_XIOS -c -o orography/bell_orography_spherical_mod.o orography/bell_orography_spherical_mod.F90 -I/opt/cray/pe/mpich/8.1.32/ofi/gnu/11.2/include -I/opt/cray/pe/mpich/8.1.32/ofi/gnu/11.2/include
[cc] ftn -I/mnt/lustre/e1000/home/z19/z19/lparisi/nfs-testing/environments/benchmarks/opt/linux-rhel9-zen5/gcc-14.2/pfunit-4.12.0-mmtcyvubeu4pxjj5wnfcyz4lbatpghmw/PFUNIT-4.12/include -I/mnt/lustre/e1000/home/z19/z19/lparisi/nfs-testing/environments/benchmarks/opt/linux-rhel9-zen5/gcc-14.2/shumlib-13.0-s2o3dzmwn456wxjsj6jztzd4c5pdctms/include -I/mnt/lustre/e1000/home/z19/z19/lparisi/nfs-testing/environments/benchmarks/opt/linux-rhel9-zen5/gcc-14.2/yaxt-0.11.3-algx2ie6ibanzuhi6k7szojlr2bcetau/include -I/mnt/lustre/e1000/home/z19/z19/lparisi/nfs-testing/environments/benchmarks/opt/linux-rhel9-zen5/gcc-14.2/fargparse-1.9.0-pxhk5m5qndtahdqscaiz2t2s7bnlajcm/FARGPARSE-1.9/include -I/mnt/lustre/e1000/home/z19/z19/lparisi/nfs-testing/environments/benchmarks/opt/linux-rhel9-zen5/gcc-14.2/gftl-shared-1.10.0-xl3tnp2so4qxp5ranh4shjrz7rch22ro/GFTL_SHARED-1.10/include -ffree-line-length-none -fallow-argument-mismatch -fopenmp -g -Wall -Werror=conversion -Werror=unused-variable -Werror=character-truncation -Werror=unused-value -Werror=tabs -Og -std=f2008 -Jmod -Imod -Ifield -Ioperator -Iscalar -IPSYKE -Iconfiguration -Ifunction_space -Ifunction_space/dofmap -Iio -Ikernel_metadata -Ikey_value -Imesh -Iquadrature -Itime -Iutilities -Ialgorithm -Ialgorithm/solver -Ialgorithm/runtime_constants -Ialgorithm/timestepping -Ialgorithm/transport -Ialgorithm/transport/common -Ialgorithm/transport/control -Ialgorithm/transport/ffsl -Ialgorithm/transport/mol -Ialgorithm/transport/sl -Ialgorithm/initialisation -Ialgorithm/physics -Ialgorithm/core_dynamics -Ialgorithm/diagnostics -Ialgorithm/diffusion -Ialgorithm/interpolation -Ialgorithm/limited_area -Ikernel -Ikernel/algebra -Ikernel/columnwise_operators -Ikernel/fem -Ikernel/geometry -Ikernel/inter_element_order -Ikernel/inter_function_space -Ikernel/inter_mesh -Ikernel/solver -Ikernel/core_dynamics -Ikernel/diagnostics -Ikernel/diffusion -Ikernel/external_forcing -Ikernel/initialisation -Ikernel/limited_area -Ikernel/transport -Ikernel/transport/common -Ikernel/transport/fem -Ikernel/transport/ffsl -Ikernel/transport/mol -Ikernel/transport/sl -Ipsy -Isolver -Iinventory -Idiagnostics -Idriver -Idriver/constants -Idriver/iau_multifile_io -Iinitialisation -Iorography -Iphysics -Iconstants -Ivector_space -DLEGACY_MPI -DLEGACY_TIMER -DTIMING_ON -DRDEF_PRECISION=32 -DR_SOLVER_PRECISION=32 -DR_TRAN_PRECISION=32 -DR_BL_PRECISION=32 -DUSE_XIOS -c -o kernel/algebra/sci_enforce_lower_bound_kernel_mod.o kernel/algebra/sci_enforce_lower_bound_kernel_mod.F90 -I/opt/cray/pe/mpich/8.1.32/ofi/gnu/11.2/include -I/opt/cray/pe/mpich/8.1.32/ofi/gnu/11.2/include
[cc] ftn -I/mnt/lustre/e1000/home/z19/z19/lparisi/nfs-testing/environments/benchmarks/opt/linux-rhel9-zen5/gcc-14.2/pfunit-4.12.0-mmtcyvubeu4pxjj5wnfcyz4lbatpghmw/PFUNIT-4.12/include -I/mnt/lustre/e1000/home/z19/z19/lparisi/nfs-testing/environments/benchmarks/opt/linux-rhel9-zen5/gcc-14.2/shumlib-13.0-s2o3dzmwn456wxjsj6jztzd4c5pdctms/include -I/mnt/lustre/e1000/home/z19/z19/lparisi/nfs-testing/environments/benchmarks/opt/linux-rhel9-zen5/gcc-14.2/yaxt-0.11.3-algx2ie6ibanzuhi6k7szojlr2bcetau/include -I/mnt/lustre/e1000/home/z19/z19/lparisi/nfs-testing/environments/benchmarks/opt/linux-rhel9-zen5/gcc-14.2/fargparse-1.9.0-pxhk5m5qndtahdqscaiz2t2s7bnlajcm/FARGPARSE-1.9/include -I/mnt/lustre/e1000/home/z19/z19/lparisi/nfs-testing/environments/benchmarks/opt/linux-rhel9-zen5/gcc-14.2/gftl-shared-1.10.0-xl3tnp2so4qxp5ranh4shjrz7rch22ro/GFTL_SHARED-1.10/include -ffree-line-length-none -fallow-argument-mismatch -fopenmp -g -Wall -Werror=conversion -Werror=unused-variable -Werror=character-truncation -Werror=unused-value -Werror=tabs -Og -std=f2008 -Jmod -Imod -Ifield -Ioperator -Iscalar -IPSYKE -Iconfiguration -Ifunction_space -Ifunction_space/dofmap -Iio -Ikernel_metadata -Ikey_value -Imesh -Iquadrature -Itime -Iutilities -Ialgorithm -Ialgorithm/solver -Ialgorithm/runtime_constants -Ialgorithm/timestepping -Ialgorithm/transport -Ialgorithm/transport/common -Ialgorithm/transport/control -Ialgorithm/transport/ffsl -Ialgorithm/transport/mol -Ialgorithm/transport/sl -Ialgorithm/initialisation -Ialgorithm/physics -Ialgorithm/core_dynamics -Ialgorithm/diagnostics -Ialgorithm/diffusion -Ialgorithm/interpolation -Ialgorithm/limited_area -Ikernel -Ikernel/algebra -Ikernel/columnwise_operators -Ikernel/fem -Ikernel/geometry -Ikernel/inter_element_order -Ikernel/inter_function_space -Ikernel/inter_mesh -Ikernel/solver -Ikernel/core_dynamics -Ikernel/diagnostics -Ikernel/diffusion -Ikernel/external_forcing -Ikernel/initialisation -Ikernel/limited_area -Ikernel/transport -Ikernel/transport/common -Ikernel/transport/fem -Ikernel/transport/ffsl -Ikernel/transport/mol -Ikernel/transport/sl -Ipsy -Isolver -Iinventory -Idiagnostics -Idriver -Idriver/constants -Idriver/iau_multifile_io -Iinitialisation -Iorography -Iphysics -Iconstants -Ivector_space -DLEGACY_MPI -DLEGACY_TIMER -DTIMING_ON -DRDEF_PRECISION=32 -DR_SOLVER_PRECISION=32 -DR_TRAN_PRECISION=32 -DR_BL_PRECISION=32 -DUSE_XIOS -c -o kernel/inter_mesh/sci_restrict_scalar_unweighted_kernel_mod.o kernel/inter_mesh/sci_restrict_scalar_unweighted_kernel_mod.F90 -I/opt/cray/pe/mpich/8.1.32/ofi/gnu/11.2/include -I/opt/cray/pe/mpich/8.1.32/ofi/gnu/11.2/include
[cc] ftn -I/mnt/lustre/e1000/home/z19/z19/lparisi/nfs-testing/environments/benchmarks/opt/linux-rhel9-zen5/gcc-14.2/pfunit-4.12.0-mmtcyvubeu4pxjj5wnfcyz4lbatpghmw/PFUNIT-4.12/include -I/mnt/lustre/e1000/home/z19/z19/lparisi/nfs-testing/environments/benchmarks/opt/linux-rhel9-zen5/gcc-14.2/shumlib-13.0-s2o3dzmwn456wxjsj6jztzd4c5pdctms/include -I/mnt/lustre/e1000/home/z19/z19/lparisi/nfs-testing/environments/benchmarks/opt/linux-rhel9-zen5/gcc-14.2/yaxt-0.11.3-algx2ie6ibanzuhi6k7szojlr2bcetau/include -I/mnt/lustre/e1000/home/z19/z19/lparisi/nfs-testing/environments/benchmarks/opt/linux-rhel9-zen5/gcc-14.2/fargparse-1.9.0-pxhk5m5qndtahdqscaiz2t2s7bnlajcm/FARGPARSE-1.9/include -I/mnt/lustre/e1000/home/z19/z19/lparisi/nfs-testing/environments/benchmarks/opt/linux-rhel9-zen5/gcc-14.2/gftl-shared-1.10.0-xl3tnp2so4qxp5ranh4shjrz7rch22ro/GFTL_SHARED-1.10/include -ffree-line-length-none -fallow-argument-mismatch -fopenmp -g -Wall -Werror=conversion -Werror=unused-variable -Werror=character-truncation -Werror=unused-value -Werror=tabs -Og -std=f2008 -Jmod -Imod -Ifield -Ioperator -Iscalar -IPSYKE -Iconfiguration -Ifunction_space -Ifunction_space/dofmap -Iio -Ikernel_metadata -Ikey_value -Imesh -Iquadrature -Itime -Iutilities -Ialgorithm -Ialgorithm/solver -Ialgorithm/runtime_constants -Ialgorithm/timestepping -Ialgorithm/transport -Ialgorithm/transport/common -Ialgorithm/transport/control -Ialgorithm/transport/ffsl -Ialgorithm/transport/mol -Ialgorithm/transport/sl -Ialgorithm/initialisation -Ialgorithm/physics -Ialgorithm/core_dynamics -Ialgorithm/diagnostics -Ialgorithm/diffusion -Ialgorithm/interpolation -Ialgorithm/limited_area -Ikernel -Ikernel/algebra -Ikernel/columnwise_operators -Ikernel/fem -Ikernel/geometry -Ikernel/inter_element_order -Ikernel/inter_function_space -Ikernel/inter_mesh -Ikernel/solver -Ikernel/core_dynamics -Ikernel/diagnostics -Ikernel/diffusion -Ikernel/external_forcing -Ikernel/initialisation -Ikernel/limited_area -Ikernel/transport -Ikernel/transport/common -Ikernel/transport/fem -Ikernel/transport/ffsl -Ikernel/transport/mol -Ikernel/transport/sl -Ipsy -Isolver -Iinventory -Idiagnostics -Idriver -Idriver/constants -Idriver/iau_multifile_io -Iinitialisation -Iorography -Iphysics -Iconstants -Ivector_space -DLEGACY_MPI -DLEGACY_TIMER -DTIMING_ON -DRDEF_PRECISION=32 -DR_SOLVER_PRECISION=32 -DR_TRAN_PRECISION=32 -DR_BL_PRECISION=32 -DUSE_XIOS -c -o kernel/inter_mesh/sci_prolong_scalar_unweighted_kernel_mod.o kernel/inter_mesh/sci_prolong_scalar_unweighted_kernel_mod.F90 -I/opt/cray/pe/mpich/8.1.32/ofi/gnu/11.2/include -I/opt/cray/pe/mpich/8.1.32/ofi/gnu/11.2/include
[cc] ftn -I/mnt/lustre/e1000/home/z19/z19/lparisi/nfs-testing/environments/benchmarks/opt/linux-rhel9-zen5/gcc-14.2/pfunit-4.12.0-mmtcyvubeu4pxjj5wnfcyz4lbatpghmw/PFUNIT-4.12/include -I/mnt/lustre/e1000/home/z19/z19/lparisi/nfs-testing/environments/benchmarks/opt/linux-rhel9-zen5/gcc-14.2/shumlib-13.0-s2o3dzmwn456wxjsj6jztzd4c5pdctms/include -I/mnt/lustre/e1000/home/z19/z19/lparisi/nfs-testing/environments/benchmarks/opt/linux-rhel9-zen5/gcc-14.2/yaxt-0.11.3-algx2ie6ibanzuhi6k7szojlr2bcetau/include -I/mnt/lustre/e1000/home/z19/z19/lparisi/nfs-testing/environments/benchmarks/opt/linux-rhel9-zen5/gcc-14.2/fargparse-1.9.0-pxhk5m5qndtahdqscaiz2t2s7bnlajcm/FARGPARSE-1.9/include -I/mnt/lustre/e1000/home/z19/z19/lparisi/nfs-testing/environments/benchmarks/opt/linux-rhel9-zen5/gcc-14.2/gftl-shared-1.10.0-xl3tnp2so4qxp5ranh4shjrz7rch22ro/GFTL_SHARED-1.10/include -ffree-line-length-none -fallow-argument-mismatch -fopenmp -g -Wall -Werror=conversion -Werror=unused-variable -Werror=character-truncation -Werror=unused-value -Werror=tabs -Og -std=f2008 -Jmod -Imod -Ifield -Ioperator -Iscalar -IPSYKE -Iconfiguration -Ifunction_space -Ifunction_space/dofmap -Iio -Ikernel_metadata -Ikey_value -Imesh -Iquadrature -Itime -Iutilities -Ialgorithm -Ialgorithm/solver -Ialgorithm/runtime_constants -Ialgorithm/timestepping -Ialgorithm/transport -Ialgorithm/transport/common -Ialgorithm/transport/control -Ialgorithm/transport/ffsl -Ialgorithm/transport/mol -Ialgorithm/transport/sl -Ialgorithm/initialisation -Ialgorithm/physics -Ialgorithm/core_dynamics -Ialgorithm/diagnostics -Ialgorithm/diffusion -Ialgorithm/interpolation -Ialgorithm/limited_area -Ikernel -Ikernel/algebra -Ikernel/columnwise_operators -Ikernel/fem -Ikernel/geometry -Ikernel/inter_element_order -Ikernel/inter_function_space -Ikernel/inter_mesh -Ikernel/solver -Ikernel/core_dynamics -Ikernel/diagnostics -Ikernel/diffusion -Ikernel/external_forcing -Ikernel/initialisation -Ikernel/limited_area -Ikernel/transport -Ikernel/transport/common -Ikernel/transport/fem -Ikernel/transport/ffsl -Ikernel/transport/mol -Ikernel/transport/sl -Ipsy -Isolver -Iinventory -Idiagnostics -Idriver -Idriver/constants -Idriver/iau_multifile_io -Iinitialisation -Iorography -Iphysics -Iconstants -Ivector_space -DLEGACY_MPI -DLEGACY_TIMER -DTIMING_ON -DRDEF_PRECISION=32 -DR_SOLVER_PRECISION=32 -DR_TRAN_PRECISION=32 -DR_BL_PRECISION=32 -DUSE_XIOS -c -o kernel/inter_mesh/sci_restrict_scalar_weighted_kernel_mod.o kernel/inter_mesh/sci_restrict_scalar_weighted_kernel_mod.F90 -I/opt/cray/pe/mpich/8.1.32/ofi/gnu/11.2/include -I/opt/cray/pe/mpich/8.1.32/ofi/gnu/11.2/include
[cc] ftn -I/mnt/lustre/e1000/home/z19/z19/lparisi/nfs-testing/environments/benchmarks/opt/linux-rhel9-zen5/gcc-14.2/pfunit-4.12.0-mmtcyvubeu4pxjj5wnfcyz4lbatpghmw/PFUNIT-4.12/include -I/mnt/lustre/e1000/home/z19/z19/lparisi/nfs-testing/environments/benchmarks/opt/linux-rhel9-zen5/gcc-14.2/shumlib-13.0-s2o3dzmwn456wxjsj6jztzd4c5pdctms/include -I/mnt/lustre/e1000/home/z19/z19/lparisi/nfs-testing/environments/benchmarks/opt/linux-rhel9-zen5/gcc-14.2/yaxt-0.11.3-algx2ie6ibanzuhi6k7szojlr2bcetau/include -I/mnt/lustre/e1000/home/z19/z19/lparisi/nfs-testing/environments/benchmarks/opt/linux-rhel9-zen5/gcc-14.2/fargparse-1.9.0-pxhk5m5qndtahdqscaiz2t2s7bnlajcm/FARGPARSE-1.9/include -I/mnt/lustre/e1000/home/z19/z19/lparisi/nfs-testing/environments/benchmarks/opt/linux-rhel9-zen5/gcc-14.2/gftl-shared-1.10.0-xl3tnp2so4qxp5ranh4shjrz7rch22ro/GFTL_SHARED-1.10/include -ffree-line-length-none -fallow-argument-mismatch -fopenmp -g -Wall -Werror=conversion -Werror=unused-variable -Werror=character-truncation -Werror=unused-value -Werror=tabs -Og -std=f2008 -Jmod -Imod -Ifield -Ioperator -Iscalar -IPSYKE -Iconfiguration -Ifunction_space -Ifunction_space/dofmap -Iio -Ikernel_metadata -Ikey_value -Imesh -Iquadrature -Itime -Iutilities -Ialgorithm -Ialgorithm/solver -Ialgorithm/runtime_constants -Ialgorithm/timestepping -Ialgorithm/transport -Ialgorithm/transport/common -Ialgorithm/transport/control -Ialgorithm/transport/ffsl -Ialgorithm/transport/mol -Ialgorithm/transport/sl -Ialgorithm/initialisation -Ialgorithm/physics -Ialgorithm/core_dynamics -Ialgorithm/diagnostics -Ialgorithm/diffusion -Ialgorithm/interpolation -Ialgorithm/limited_area -Ikernel -Ikernel/algebra -Ikernel/columnwise_operators -Ikernel/fem -Ikernel/geometry -Ikernel/inter_element_order -Ikernel/inter_function_space -Ikernel/inter_mesh -Ikernel/solver -Ikernel/core_dynamics -Ikernel/diagnostics -Ikernel/diffusion -Ikernel/external_forcing -Ikernel/initialisation -Ikernel/limited_area -Ikernel/transport -Ikernel/transport/common -Ikernel/transport/fem -Ikernel/transport/ffsl -Ikernel/transport/mol -Ikernel/transport/sl -Ipsy -Isolver -Iinventory -Idiagnostics -Idriver -Idriver/constants -Idriver/iau_multifile_io -Iinitialisation -Iorography -Iphysics -Iconstants -Ivector_space -DLEGACY_MPI -DLEGACY_TIMER -DTIMING_ON -DRDEF_PRECISION=32 -DR_SOLVER_PRECISION=32 -DR_TRAN_PRECISION=32 -DR_BL_PRECISION=32 -DUSE_XIOS -c -o kernel/geometry/sci_calc_dz_centre_kernel_mod.o kernel/geometry/sci_calc_dz_centre_kernel_mod.F90 -I/opt/cray/pe/mpich/8.1.32/ofi/gnu/11.2/include -I/opt/cray/pe/mpich/8.1.32/ofi/gnu/11.2/include
[cc] ftn -I/mnt/lustre/e1000/home/z19/z19/lparisi/nfs-testing/environments/benchmarks/opt/linux-rhel9-zen5/gcc-14.2/pfunit-4.12.0-mmtcyvubeu4pxjj5wnfcyz4lbatpghmw/PFUNIT-4.12/include -I/mnt/lustre/e1000/home/z19/z19/lparisi/nfs-testing/environments/benchmarks/opt/linux-rhel9-zen5/gcc-14.2/shumlib-13.0-s2o3dzmwn456wxjsj6jztzd4c5pdctms/include -I/mnt/lustre/e1000/home/z19/z19/lparisi/nfs-testing/environments/benchmarks/opt/linux-rhel9-zen5/gcc-14.2/yaxt-0.11.3-algx2ie6ibanzuhi6k7szojlr2bcetau/include -I/mnt/lustre/e1000/home/z19/z19/lparisi/nfs-testing/environments/benchmarks/opt/linux-rhel9-zen5/gcc-14.2/fargparse-1.9.0-pxhk5m5qndtahdqscaiz2t2s7bnlajcm/FARGPARSE-1.9/include -I/mnt/lustre/e1000/home/z19/z19/lparisi/nfs-testing/environments/benchmarks/opt/linux-rhel9-zen5/gcc-14.2/gftl-shared-1.10.0-xl3tnp2so4qxp5ranh4shjrz7rch22ro/GFTL_SHARED-1.10/include -ffree-line-length-none -fallow-argument-mismatch -fopenmp -g -Wall -Werror=conversion -Werror=unused-variable -Werror=character-truncation -Werror=unused-value -Werror=tabs -Og -std=f2008 -Jmod -Imod -Ifield -Ioperator -Iscalar -IPSYKE -Iconfiguration -Ifunction_space -Ifunction_space/dofmap -Iio -Ikernel_metadata -Ikey_value -Imesh -Iquadrature -Itime -Iutilities -Ialgorithm -Ialgorithm/solver -Ialgorithm/runtime_constants -Ialgorithm/timestepping -Ialgorithm/transport -Ialgorithm/transport/common -Ialgorithm/transport/control -Ialgorithm/transport/ffsl -Ialgorithm/transport/mol -Ialgorithm/transport/sl -Ialgorithm/initialisation -Ialgorithm/physics -Ialgorithm/core_dynamics -Ialgorithm/diagnostics -Ialgorithm/diffusion -Ialgorithm/interpolation -Ialgorithm/limited_area -Ikernel -Ikernel/algebra -Ikernel/columnwise_operators -Ikernel/fem -Ikernel/geometry -Ikernel/inter_element_order -Ikernel/inter_function_space -Ikernel/inter_mesh -Ikernel/solver -Ikernel/core_dynamics -Ikernel/diagnostics -Ikernel/diffusion -Ikernel/external_forcing -Ikernel/initialisation -Ikernel/limited_area -Ikernel/transport -Ikernel/transport/common -Ikernel/transport/fem -Ikernel/transport/ffsl -Ikernel/transport/mol -Ikernel/transport/sl -Ipsy -Isolver -Iinventory -Idiagnostics -Idriver -Idriver/constants -Idriver/iau_multifile_io -Iinitialisation -Iorography -Iphysics -Iconstants -Ivector_space -DLEGACY_MPI -DLEGACY_TIMER -DTIMING_ON -DRDEF_PRECISION=32 -DR_SOLVER_PRECISION=32 -DR_TRAN_PRECISION=32 -DR_BL_PRECISION=32 -DUSE_XIOS -c -o kernel/inter_mesh/sci_prolong_scalar_weighted_kernel_mod.o kernel/inter_mesh/sci_prolong_scalar_weighted_kernel_mod.F90 -I/opt/cray/pe/mpich/8.1.32/ofi/gnu/11.2/include -I/opt/cray/pe/mpich/8.1.32/ofi/gnu/11.2/include
[cc] ftn -I/mnt/lustre/e1000/home/z19/z19/lparisi/nfs-testing/environments/benchmarks/opt/linux-rhel9-zen5/gcc-14.2/pfunit-4.12.0-mmtcyvubeu4pxjj5wnfcyz4lbatpghmw/PFUNIT-4.12/include -I/mnt/lustre/e1000/home/z19/z19/lparisi/nfs-testing/environments/benchmarks/opt/linux-rhel9-zen5/gcc-14.2/shumlib-13.0-s2o3dzmwn456wxjsj6jztzd4c5pdctms/include -I/mnt/lustre/e1000/home/z19/z19/lparisi/nfs-testing/environments/benchmarks/opt/linux-rhel9-zen5/gcc-14.2/yaxt-0.11.3-algx2ie6ibanzuhi6k7szojlr2bcetau/include -I/mnt/lustre/e1000/home/z19/z19/lparisi/nfs-testing/environments/benchmarks/opt/linux-rhel9-zen5/gcc-14.2/fargparse-1.9.0-pxhk5m5qndtahdqscaiz2t2s7bnlajcm/FARGPARSE-1.9/include -I/mnt/lustre/e1000/home/z19/z19/lparisi/nfs-testing/environments/benchmarks/opt/linux-rhel9-zen5/gcc-14.2/gftl-shared-1.10.0-xl3tnp2so4qxp5ranh4shjrz7rch22ro/GFTL_SHARED-1.10/include -ffree-line-length-none -fallow-argument-mismatch -fopenmp -g -Wall -Werror=conversion -Werror=unused-variable -Werror=character-truncation -Werror=unused-value -Werror=tabs -Og -std=f2008 -Jmod -Imod -Ifield -Ioperator -Iscalar -IPSYKE -Iconfiguration -Ifunction_space -Ifunction_space/dofmap -Iio -Ikernel_metadata -Ikey_value -Imesh -Iquadrature -Itime -Iutilities -Ialgorithm -Ialgorithm/solver -Ialgorithm/runtime_constants -Ialgorithm/timestepping -Ialgorithm/transport -Ialgorithm/transport/common -Ialgorithm/transport/control -Ialgorithm/transport/ffsl -Ialgorithm/transport/mol -Ialgorithm/transport/sl -Ialgorithm/initialisation -Ialgorithm/physics -Ialgorithm/core_dynamics -Ialgorithm/diagnostics -Ialgorithm/diffusion -Ialgorithm/interpolation -Ialgorithm/limited_area -Ikernel -Ikernel/algebra -Ikernel/columnwise_operators -Ikernel/fem -Ikernel/geometry -Ikernel/inter_element_order -Ikernel/inter_function_space -Ikernel/inter_mesh -Ikernel/solver -Ikernel/core_dynamics -Ikernel/diagnostics -Ikernel/diffusion -Ikernel/external_forcing -Ikernel/initialisation -Ikernel/limited_area -Ikernel/transport -Ikernel/transport/common -Ikernel/transport/fem -Ikernel/transport/ffsl -Ikernel/transport/mol -Ikernel/transport/sl -Ipsy -Isolver -Iinventory -Idiagnostics -Idriver -Idriver/constants -Idriver/iau_multifile_io -Iinitialisation -Iorography -Iphysics -Iconstants -Ivector_space -DLEGACY_MPI -DLEGACY_TIMER -DTIMING_ON -DRDEF_PRECISION=32 -DR_SOLVER_PRECISION=32 -DR_TRAN_PRECISION=32 -DR_BL_PRECISION=32 -DUSE_XIOS -c -o quadrature/quadrature_rule_gauss_lobatto_mod.o quadrature/quadrature_rule_gauss_lobatto_mod.F90 -I/opt/cray/pe/mpich/8.1.32/ofi/gnu/11.2/include -I/opt/cray/pe/mpich/8.1.32/ofi/gnu/11.2/include
[cc] ftn -I/mnt/lustre/e1000/home/z19/z19/lparisi/nfs-testing/environments/benchmarks/opt/linux-rhel9-zen5/gcc-14.2/pfunit-4.12.0-mmtcyvubeu4pxjj5wnfcyz4lbatpghmw/PFUNIT-4.12/include -I/mnt/lustre/e1000/home/z19/z19/lparisi/nfs-testing/environments/benchmarks/opt/linux-rhel9-zen5/gcc-14.2/shumlib-13.0-s2o3dzmwn456wxjsj6jztzd4c5pdctms/include -I/mnt/lustre/e1000/home/z19/z19/lparisi/nfs-testing/environments/benchmarks/opt/linux-rhel9-zen5/gcc-14.2/yaxt-0.11.3-algx2ie6ibanzuhi6k7szojlr2bcetau/include -I/mnt/lustre/e1000/home/z19/z19/lparisi/nfs-testing/environments/benchmarks/opt/linux-rhel9-zen5/gcc-14.2/fargparse-1.9.0-pxhk5m5qndtahdqscaiz2t2s7bnlajcm/FARGPARSE-1.9/include -I/mnt/lustre/e1000/home/z19/z19/lparisi/nfs-testing/environments/benchmarks/opt/linux-rhel9-zen5/gcc-14.2/gftl-shared-1.10.0-xl3tnp2so4qxp5ranh4shjrz7rch22ro/GFTL_SHARED-1.10/include -ffree-line-length-none -fallow-argument-mismatch -fopenmp -g -Wall -Werror=conversion -Werror=unused-variable -Werror=character-truncation -Werror=unused-value -Werror=tabs -Og -std=f2008 -Jmod -Imod -Ifield -Ioperator -Iscalar -IPSYKE -Iconfiguration -Ifunction_space -Ifunction_space/dofmap -Iio -Ikernel_metadata -Ikey_value -Imesh -Iquadrature -Itime -Iutilities -Ialgorithm -Ialgorithm/solver -Ialgorithm/runtime_constants -Ialgorithm/timestepping -Ialgorithm/transport -Ialgorithm/transport/common -Ialgorithm/transport/control -Ialgorithm/transport/ffsl -Ialgorithm/transport/mol -Ialgorithm/transport/sl -Ialgorithm/initialisation -Ialgorithm/physics -Ialgorithm/core_dynamics -Ialgorithm/diagnostics -Ialgorithm/diffusion -Ialgorithm/interpolation -Ialgorithm/limited_area -Ikernel -Ikernel/algebra -Ikernel/columnwise_operators -Ikernel/fem -Ikernel/geometry -Ikernel/inter_element_order -Ikernel/inter_function_space -Ikernel/inter_mesh -Ikernel/solver -Ikernel/core_dynamics -Ikernel/diagnostics -Ikernel/diffusion -Ikernel/external_forcing -Ikernel/initialisation -Ikernel/limited_area -Ikernel/transport -Ikernel/transport/common -Ikernel/transport/fem -Ikernel/transport/ffsl -Ikernel/transport/mol -Ikernel/transport/sl -Ipsy -Isolver -Iinventory -Idiagnostics -Idriver -Idriver/constants -Idriver/iau_multifile_io -Iinitialisation -Iorography -Iphysics -Iconstants -Ivector_space -DLEGACY_MPI -DLEGACY_TIMER -DTIMING_ON -DRDEF_PRECISION=32 -DR_SOLVER_PRECISION=32 -DR_TRAN_PRECISION=32 -DR_BL_PRECISION=32 -DUSE_XIOS -c -o kernel/transport/common/halo_mask_kernel_mod.o kernel/transport/common/halo_mask_kernel_mod.F90 -I/opt/cray/pe/mpich/8.1.32/ofi/gnu/11.2/include -I/opt/cray/pe/mpich/8.1.32/ofi/gnu/11.2/include
[cc] ftn -I/mnt/lustre/e1000/home/z19/z19/lparisi/nfs-testing/environments/benchmarks/opt/linux-rhel9-zen5/gcc-14.2/pfunit-4.12.0-mmtcyvubeu4pxjj5wnfcyz4lbatpghmw/PFUNIT-4.12/include -I/mnt/lustre/e1000/home/z19/z19/lparisi/nfs-testing/environments/benchmarks/opt/linux-rhel9-zen5/gcc-14.2/shumlib-13.0-s2o3dzmwn456wxjsj6jztzd4c5pdctms/include -I/mnt/lustre/e1000/home/z19/z19/lparisi/nfs-testing/environments/benchmarks/opt/linux-rhel9-zen5/gcc-14.2/yaxt-0.11.3-algx2ie6ibanzuhi6k7szojlr2bcetau/include -I/mnt/lustre/e1000/home/z19/z19/lparisi/nfs-testing/environments/benchmarks/opt/linux-rhel9-zen5/gcc-14.2/fargparse-1.9.0-pxhk5m5qndtahdqscaiz2t2s7bnlajcm/FARGPARSE-1.9/include -I/mnt/lustre/e1000/home/z19/z19/lparisi/nfs-testing/environments/benchmarks/opt/linux-rhel9-zen5/gcc-14.2/gftl-shared-1.10.0-xl3tnp2so4qxp5ranh4shjrz7rch22ro/GFTL_SHARED-1.10/include -ffree-line-length-none -fallow-argument-mismatch -fopenmp -g -Wall -Werror=conversion -Werror=unused-variable -Werror=character-truncation -Werror=unused-value -Werror=tabs -Og -std=f2008 -Jmod -Imod -Ifield -Ioperator -Iscalar -IPSYKE -Iconfiguration -Ifunction_space -Ifunction_space/dofmap -Iio -Ikernel_metadata -Ikey_value -Imesh -Iquadrature -Itime -Iutilities -Ialgorithm -Ialgorithm/solver -Ialgorithm/runtime_constants -Ialgorithm/timestepping -Ialgorithm/transport -Ialgorithm/transport/common -Ialgorithm/transport/control -Ialgorithm/transport/ffsl -Ialgorithm/transport/mol -Ialgorithm/transport/sl -Ialgorithm/initialisation -Ialgorithm/physics -Ialgorithm/core_dynamics -Ialgorithm/diagnostics -Ialgorithm/diffusion -Ialgorithm/interpolation -Ialgorithm/limited_area -Ikernel -Ikernel/algebra -Ikernel/columnwise_operators -Ikernel/fem -Ikernel/geometry -Ikernel/inter_element_order -Ikernel/inter_function_space -Ikernel/inter_mesh -Ikernel/solver -Ikernel/core_dynamics -Ikernel/diagnostics -Ikernel/diffusion -Ikernel/external_forcing -Ikernel/initialisation -Ikernel/limited_area -Ikernel/transport -Ikernel/transport/common -Ikernel/transport/fem -Ikernel/transport/ffsl -Ikernel/transport/mol -Ikernel/transport/sl -Ipsy -Isolver -Iinventory -Idiagnostics -Idriver -Idriver/constants -Idriver/iau_multifile_io -Iinitialisation -Iorography -Iphysics -Iconstants -Ivector_space -DLEGACY_MPI -DLEGACY_TIMER -DTIMING_ON -DRDEF_PRECISION=32 -DR_SOLVER_PRECISION=32 -DR_TRAN_PRECISION=32 -DR_BL_PRECISION=32 -DUSE_XIOS -c -o kernel/transport/sl/sl_support_mod.o kernel/transport/sl/sl_support_mod.F90 -I/opt/cray/pe/mpich/8.1.32/ofi/gnu/11.2/include -I/opt/cray/pe/mpich/8.1.32/ofi/gnu/11.2/include
[cc] ftn -I/mnt/lustre/e1000/home/z19/z19/lparisi/nfs-testing/environments/benchmarks/opt/linux-rhel9-zen5/gcc-14.2/pfunit-4.12.0-mmtcyvubeu4pxjj5wnfcyz4lbatpghmw/PFUNIT-4.12/include -I/mnt/lustre/e1000/home/z19/z19/lparisi/nfs-testing/environments/benchmarks/opt/linux-rhel9-zen5/gcc-14.2/shumlib-13.0-s2o3dzmwn456wxjsj6jztzd4c5pdctms/include -I/mnt/lustre/e1000/home/z19/z19/lparisi/nfs-testing/environments/benchmarks/opt/linux-rhel9-zen5/gcc-14.2/yaxt-0.11.3-algx2ie6ibanzuhi6k7szojlr2bcetau/include -I/mnt/lustre/e1000/home/z19/z19/lparisi/nfs-testing/environments/benchmarks/opt/linux-rhel9-zen5/gcc-14.2/fargparse-1.9.0-pxhk5m5qndtahdqscaiz2t2s7bnlajcm/FARGPARSE-1.9/include -I/mnt/lustre/e1000/home/z19/z19/lparisi/nfs-testing/environments/benchmarks/opt/linux-rhel9-zen5/gcc-14.2/gftl-shared-1.10.0-xl3tnp2so4qxp5ranh4shjrz7rch22ro/GFTL_SHARED-1.10/include -ffree-line-length-none -fallow-argument-mismatch -fopenmp -g -Wall -Werror=conversion -Werror=unused-variable -Werror=character-truncation -Werror=unused-value -Werror=tabs -Og -std=f2008 -Jmod -Imod -Ifield -Ioperator -Iscalar -IPSYKE -Iconfiguration -Ifunction_space -Ifunction_space/dofmap -Iio -Ikernel_metadata -Ikey_value -Imesh -Iquadrature -Itime -Iutilities -Ialgorithm -Ialgorithm/solver -Ialgorithm/runtime_constants -Ialgorithm/timestepping -Ialgorithm/transport -Ialgorithm/transport/common -Ialgorithm/transport/control -Ialgorithm/transport/ffsl -Ialgorithm/transport/mol -Ialgorithm/transport/sl -Ialgorithm/initialisation -Ialgorithm/physics -Ialgorithm/core_dynamics -Ialgorithm/diagnostics -Ialgorithm/diffusion -Ialgorithm/interpolation -Ialgorithm/limited_area -Ikernel -Ikernel/algebra -Ikernel/columnwise_operators -Ikernel/fem -Ikernel/geometry -Ikernel/inter_element_order -Ikernel/inter_function_space -Ikernel/inter_mesh -Ikernel/solver -Ikernel/core_dynamics -Ikernel/diagnostics -Ikernel/diffusion -Ikernel/external_forcing -Ikernel/initialisation -Ikernel/limited_area -Ikernel/transport -Ikernel/transport/common -Ikernel/transport/fem -Ikernel/transport/ffsl -Ikernel/transport/mol -Ikernel/transport/sl -Ipsy -Isolver -Iinventory -Idiagnostics -Idriver -Idriver/constants -Idriver/iau_multifile_io -Iinitialisation -Iorography -Iphysics -Iconstants -Ivector_space -DLEGACY_MPI -DLEGACY_TIMER -DTIMING_ON -DRDEF_PRECISION=32 -DR_SOLVER_PRECISION=32 -DR_TRAN_PRECISION=32 -DR_BL_PRECISION=32 -DUSE_XIOS -c -o kernel/transport/ffsl/swift_outer_update_kernel_mod.o kernel/transport/ffsl/swift_outer_update_kernel_mod.F90 -I/opt/cray/pe/mpich/8.1.32/ofi/gnu/11.2/include -I/opt/cray/pe/mpich/8.1.32/ofi/gnu/11.2/include
[cc] ftn -I/mnt/lustre/e1000/home/z19/z19/lparisi/nfs-testing/environments/benchmarks/opt/linux-rhel9-zen5/gcc-14.2/pfunit-4.12.0-mmtcyvubeu4pxjj5wnfcyz4lbatpghmw/PFUNIT-4.12/include -I/mnt/lustre/e1000/home/z19/z19/lparisi/nfs-testing/environments/benchmarks/opt/linux-rhel9-zen5/gcc-14.2/shumlib-13.0-s2o3dzmwn456wxjsj6jztzd4c5pdctms/include -I/mnt/lustre/e1000/home/z19/z19/lparisi/nfs-testing/environments/benchmarks/opt/linux-rhel9-zen5/gcc-14.2/yaxt-0.11.3-algx2ie6ibanzuhi6k7szojlr2bcetau/include -I/mnt/lustre/e1000/home/z19/z19/lparisi/nfs-testing/environments/benchmarks/opt/linux-rhel9-zen5/gcc-14.2/fargparse-1.9.0-pxhk5m5qndtahdqscaiz2t2s7bnlajcm/FARGPARSE-1.9/include -I/mnt/lustre/e1000/home/z19/z19/lparisi/nfs-testing/environments/benchmarks/opt/linux-rhel9-zen5/gcc-14.2/gftl-shared-1.10.0-xl3tnp2so4qxp5ranh4shjrz7rch22ro/GFTL_SHARED-1.10/include -ffree-line-length-none -fallow-argument-mismatch -fopenmp -g -Wall -Werror=conversion -Werror=unused-variable -Werror=character-truncation -Werror=unused-value -Werror=tabs -Og -std=f2008 -Jmod -Imod -Ifield -Ioperator -Iscalar -IPSYKE -Iconfiguration -Ifunction_space -Ifunction_space/dofmap -Iio -Ikernel_metadata -Ikey_value -Imesh -Iquadrature -Itime -Iutilities -Ialgorithm -Ialgorithm/solver -Ialgorithm/runtime_constants -Ialgorithm/timestepping -Ialgorithm/transport -Ialgorithm/transport/common -Ialgorithm/transport/control -Ialgorithm/transport/ffsl -Ialgorithm/transport/mol -Ialgorithm/transport/sl -Ialgorithm/initialisation -Ialgorithm/physics -Ialgorithm/core_dynamics -Ialgorithm/diagnostics -Ialgorithm/diffusion -Ialgorithm/interpolation -Ialgorithm/limited_area -Ikernel -Ikernel/algebra -Ikernel/columnwise_operators -Ikernel/fem -Ikernel/geometry -Ikernel/inter_element_order -Ikernel/inter_function_space -Ikernel/inter_mesh -Ikernel/solver -Ikernel/core_dynamics -Ikernel/diagnostics -Ikernel/diffusion -Ikernel/external_forcing -Ikernel/initialisation -Ikernel/limited_area -Ikernel/transport -Ikernel/transport/common -Ikernel/transport/fem -Ikernel/transport/ffsl -Ikernel/transport/mol -Ikernel/transport/sl -Ipsy -Isolver -Iinventory -Idiagnostics -Idriver -Idriver/constants -Idriver/iau_multifile_io -Iinitialisation -Iorography -Iphysics -Iconstants -Ivector_space -DLEGACY_MPI -DLEGACY_TIMER -DTIMING_ON -DRDEF_PRECISION=32 -DR_SOLVER_PRECISION=32 -DR_TRAN_PRECISION=32 -DR_BL_PRECISION=32 -DUSE_XIOS -c -o kernel/transport/ffsl/ffsl_advective_increment_kernel_mod.o kernel/transport/ffsl/ffsl_advective_increment_kernel_mod.F90 -I/opt/cray/pe/mpich/8.1.32/ofi/gnu/11.2/include -I/opt/cray/pe/mpich/8.1.32/ofi/gnu/11.2/include
[cc] ftn -I/mnt/lustre/e1000/home/z19/z19/lparisi/nfs-testing/environments/benchmarks/opt/linux-rhel9-zen5/gcc-14.2/pfunit-4.12.0-mmtcyvubeu4pxjj5wnfcyz4lbatpghmw/PFUNIT-4.12/include -I/mnt/lustre/e1000/home/z19/z19/lparisi/nfs-testing/environments/benchmarks/opt/linux-rhel9-zen5/gcc-14.2/shumlib-13.0-s2o3dzmwn456wxjsj6jztzd4c5pdctms/include -I/mnt/lustre/e1000/home/z19/z19/lparisi/nfs-testing/environments/benchmarks/opt/linux-rhel9-zen5/gcc-14.2/yaxt-0.11.3-algx2ie6ibanzuhi6k7szojlr2bcetau/include -I/mnt/lustre/e1000/home/z19/z19/lparisi/nfs-testing/environments/benchmarks/opt/linux-rhel9-zen5/gcc-14.2/fargparse-1.9.0-pxhk5m5qndtahdqscaiz2t2s7bnlajcm/FARGPARSE-1.9/include -I/mnt/lustre/e1000/home/z19/z19/lparisi/nfs-testing/environments/benchmarks/opt/linux-rhel9-zen5/gcc-14.2/gftl-shared-1.10.0-xl3tnp2so4qxp5ranh4shjrz7rch22ro/GFTL_SHARED-1.10/include -ffree-line-length-none -fallow-argument-mismatch -fopenmp -g -Wall -Werror=conversion -Werror=unused-variable -Werror=character-truncation -Werror=unused-value -Werror=tabs -Og -std=f2008 -Jmod -Imod -Ifield -Ioperator -Iscalar -IPSYKE -Iconfiguration -Ifunction_space -Ifunction_space/dofmap -Iio -Ikernel_metadata -Ikey_value -Imesh -Iquadrature -Itime -Iutilities -Ialgorithm -Ialgorithm/solver -Ialgorithm/runtime_constants -Ialgorithm/timestepping -Ialgorithm/transport -Ialgorithm/transport/common -Ialgorithm/transport/control -Ialgorithm/transport/ffsl -Ialgorithm/transport/mol -Ialgorithm/transport/sl -Ialgorithm/initialisation -Ialgorithm/physics -Ialgorithm/core_dynamics -Ialgorithm/diagnostics -Ialgorithm/diffusion -Ialgorithm/interpolation -Ialgorithm/limited_area -Ikernel -Ikernel/algebra -Ikernel/columnwise_operators -Ikernel/fem -Ikernel/geometry -Ikernel/inter_element_order -Ikernel/inter_function_space -Ikernel/inter_mesh -Ikernel/solver -Ikernel/core_dynamics -Ikernel/diagnostics -Ikernel/diffusion -Ikernel/external_forcing -Ikernel/initialisation -Ikernel/limited_area -Ikernel/transport -Ikernel/transport/common -Ikernel/transport/fem -Ikernel/transport/ffsl -Ikernel/transport/mol -Ikernel/transport/sl -Ipsy -Isolver -Iinventory -Idiagnostics -Idriver -Idriver/constants -Idriver/iau_multifile_io -Iinitialisation -Iorography -Iphysics -Iconstants -Ivector_space -DLEGACY_MPI -DLEGACY_TIMER -DTIMING_ON -DRDEF_PRECISION=32 -DR_SOLVER_PRECISION=32 -DR_TRAN_PRECISION=32 -DR_BL_PRECISION=32 -DUSE_XIOS -c -o kernel/transport/ffsl/swift_inner_update_kernel_mod.o kernel/transport/ffsl/swift_inner_update_kernel_mod.F90 -I/opt/cray/pe/mpich/8.1.32/ofi/gnu/11.2/include -I/opt/cray/pe/mpich/8.1.32/ofi/gnu/11.2/include
[cc] ftn -I/mnt/lustre/e1000/home/z19/z19/lparisi/nfs-testing/environments/benchmarks/opt/linux-rhel9-zen5/gcc-14.2/pfunit-4.12.0-mmtcyvubeu4pxjj5wnfcyz4lbatpghmw/PFUNIT-4.12/include -I/mnt/lustre/e1000/home/z19/z19/lparisi/nfs-testing/environments/benchmarks/opt/linux-rhel9-zen5/gcc-14.2/shumlib-13.0-s2o3dzmwn456wxjsj6jztzd4c5pdctms/include -I/mnt/lustre/e1000/home/z19/z19/lparisi/nfs-testing/environments/benchmarks/opt/linux-rhel9-zen5/gcc-14.2/yaxt-0.11.3-algx2ie6ibanzuhi6k7szojlr2bcetau/include -I/mnt/lustre/e1000/home/z19/z19/lparisi/nfs-testing/environments/benchmarks/opt/linux-rhel9-zen5/gcc-14.2/fargparse-1.9.0-pxhk5m5qndtahdqscaiz2t2s7bnlajcm/FARGPARSE-1.9/include -I/mnt/lustre/e1000/home/z19/z19/lparisi/nfs-testing/environments/benchmarks/opt/linux-rhel9-zen5/gcc-14.2/gftl-shared-1.10.0-xl3tnp2so4qxp5ranh4shjrz7rch22ro/GFTL_SHARED-1.10/include -ffree-line-length-none -fallow-argument-mismatch -fopenmp -g -Wall -Werror=conversion -Werror=unused-variable -Werror=character-truncation -Werror=unused-value -Werror=tabs -Og -std=f2008 -Jmod -Imod -Ifield -Ioperator -Iscalar -IPSYKE -Iconfiguration -Ifunction_space -Ifunction_space/dofmap -Iio -Ikernel_metadata -Ikey_value -Imesh -Iquadrature -Itime -Iutilities -Ialgorithm -Ialgorithm/solver -Ialgorithm/runtime_constants -Ialgorithm/timestepping -Ialgorithm/transport -Ialgorithm/transport/common -Ialgorithm/transport/control -Ialgorithm/transport/ffsl -Ialgorithm/transport/mol -Ialgorithm/transport/sl -Ialgorithm/initialisation -Ialgorithm/physics -Ialgorithm/core_dynamics -Ialgorithm/diagnostics -Ialgorithm/diffusion -Ialgorithm/interpolation -Ialgorithm/limited_area -Ikernel -Ikernel/algebra -Ikernel/columnwise_operators -Ikernel/fem -Ikernel/geometry -Ikernel/inter_element_order -Ikernel/inter_function_space -Ikernel/inter_mesh -Ikernel/solver -Ikernel/core_dynamics -Ikernel/diagnostics -Ikernel/diffusion -Ikernel/external_forcing -Ikernel/initialisation -Ikernel/limited_area -Ikernel/transport -Ikernel/transport/common -Ikernel/transport/fem -Ikernel/transport/ffsl -Ikernel/transport/mol -Ikernel/transport/sl -Ipsy -Isolver -Iinventory -Idiagnostics -Idriver -Idriver/constants -Idriver/iau_multifile_io -Iinitialisation -Iorography -Iphysics -Iconstants -Ivector_space -DLEGACY_MPI -DLEGACY_TIMER -DTIMING_ON -DRDEF_PRECISION=32 -DR_SOLVER_PRECISION=32 -DR_TRAN_PRECISION=32 -DR_BL_PRECISION=32 -DUSE_XIOS -c -o kernel/transport/common/monotonic_update_kernel_mod.o kernel/transport/common/monotonic_update_kernel_mod.F90 -I/opt/cray/pe/mpich/8.1.32/ofi/gnu/11.2/include -I/opt/cray/pe/mpich/8.1.32/ofi/gnu/11.2/include
[cc] ftn -I/mnt/lustre/e1000/home/z19/z19/lparisi/nfs-testing/environments/benchmarks/opt/linux-rhel9-zen5/gcc-14.2/pfunit-4.12.0-mmtcyvubeu4pxjj5wnfcyz4lbatpghmw/PFUNIT-4.12/include -I/mnt/lustre/e1000/home/z19/z19/lparisi/nfs-testing/environments/benchmarks/opt/linux-rhel9-zen5/gcc-14.2/shumlib-13.0-s2o3dzmwn456wxjsj6jztzd4c5pdctms/include -I/mnt/lustre/e1000/home/z19/z19/lparisi/nfs-testing/environments/benchmarks/opt/linux-rhel9-zen5/gcc-14.2/yaxt-0.11.3-algx2ie6ibanzuhi6k7szojlr2bcetau/include -I/mnt/lustre/e1000/home/z19/z19/lparisi/nfs-testing/environments/benchmarks/opt/linux-rhel9-zen5/gcc-14.2/fargparse-1.9.0-pxhk5m5qndtahdqscaiz2t2s7bnlajcm/FARGPARSE-1.9/include -I/mnt/lustre/e1000/home/z19/z19/lparisi/nfs-testing/environments/benchmarks/opt/linux-rhel9-zen5/gcc-14.2/gftl-shared-1.10.0-xl3tnp2so4qxp5ranh4shjrz7rch22ro/GFTL_SHARED-1.10/include -ffree-line-length-none -fallow-argument-mismatch -fopenmp -g -Wall -Werror=conversion -Werror=unused-variable -Werror=character-truncation -Werror=unused-value -Werror=tabs -Og -std=f2008 -Jmod -Imod -Ifield -Ioperator -Iscalar -IPSYKE -Iconfiguration -Ifunction_space -Ifunction_space/dofmap -Iio -Ikernel_metadata -Ikey_value -Imesh -Iquadrature -Itime -Iutilities -Ialgorithm -Ialgorithm/solver -Ialgorithm/runtime_constants -Ialgorithm/timestepping -Ialgorithm/transport -Ialgorithm/transport/common -Ialgorithm/transport/control -Ialgorithm/transport/ffsl -Ialgorithm/transport/mol -Ialgorithm/transport/sl -Ialgorithm/initialisation -Ialgorithm/physics -Ialgorithm/core_dynamics -Ialgorithm/diagnostics -Ialgorithm/diffusion -Ialgorithm/interpolation -Ialgorithm/limited_area -Ikernel -Ikernel/algebra -Ikernel/columnwise_operators -Ikernel/fem -Ikernel/geometry -Ikernel/inter_element_order -Ikernel/inter_function_space -Ikernel/inter_mesh -Ikernel/solver -Ikernel/core_dynamics -Ikernel/diagnostics -Ikernel/diffusion -Ikernel/external_forcing -Ikernel/initialisation -Ikernel/limited_area -Ikernel/transport -Ikernel/transport/common -Ikernel/transport/fem -Ikernel/transport/ffsl -Ikernel/transport/mol -Ikernel/transport/sl -Ipsy -Isolver -Iinventory -Idiagnostics -Idriver -Idriver/constants -Idriver/iau_multifile_io -Iinitialisation -Iorography -Iphysics -Iconstants -Ivector_space -DLEGACY_MPI -DLEGACY_TIMER -DTIMING_ON -DRDEF_PRECISION=32 -DR_SOLVER_PRECISION=32 -DR_TRAN_PRECISION=32 -DR_BL_PRECISION=32 -DUSE_XIOS -c -o kernel/transport/ffsl/subgrid_common_support_mod.o kernel/transport/ffsl/subgrid_common_support_mod.F90 -I/opt/cray/pe/mpich/8.1.32/ofi/gnu/11.2/include -I/opt/cray/pe/mpich/8.1.32/ofi/gnu/11.2/include
[cc] ftn -I/mnt/lustre/e1000/home/z19/z19/lparisi/nfs-testing/environments/benchmarks/opt/linux-rhel9-zen5/gcc-14.2/pfunit-4.12.0-mmtcyvubeu4pxjj5wnfcyz4lbatpghmw/PFUNIT-4.12/include -I/mnt/lustre/e1000/home/z19/z19/lparisi/nfs-testing/environments/benchmarks/opt/linux-rhel9-zen5/gcc-14.2/shumlib-13.0-s2o3dzmwn456wxjsj6jztzd4c5pdctms/include -I/mnt/lustre/e1000/home/z19/z19/lparisi/nfs-testing/environments/benchmarks/opt/linux-rhel9-zen5/gcc-14.2/yaxt-0.11.3-algx2ie6ibanzuhi6k7szojlr2bcetau/include -I/mnt/lustre/e1000/home/z19/z19/lparisi/nfs-testing/environments/benchmarks/opt/linux-rhel9-zen5/gcc-14.2/fargparse-1.9.0-pxhk5m5qndtahdqscaiz2t2s7bnlajcm/FARGPARSE-1.9/include -I/mnt/lustre/e1000/home/z19/z19/lparisi/nfs-testing/environments/benchmarks/opt/linux-rhel9-zen5/gcc-14.2/gftl-shared-1.10.0-xl3tnp2so4qxp5ranh4shjrz7rch22ro/GFTL_SHARED-1.10/include -ffree-line-length-none -fallow-argument-mismatch -fopenmp -g -Wall -Werror=conversion -Werror=unused-variable -Werror=character-truncation -Werror=unused-value -Werror=tabs -Og -std=f2008 -Jmod -Imod -Ifield -Ioperator -Iscalar -IPSYKE -Iconfiguration -Ifunction_space -Ifunction_space/dofmap -Iio -Ikernel_metadata -Ikey_value -Imesh -Iquadrature -Itime -Iutilities -Ialgorithm -Ialgorithm/solver -Ialgorithm/runtime_constants -Ialgorithm/timestepping -Ialgorithm/transport -Ialgorithm/transport/common -Ialgorithm/transport/control -Ialgorithm/transport/ffsl -Ialgorithm/transport/mol -Ialgorithm/transport/sl -Ialgorithm/initialisation -Ialgorithm/physics -Ialgorithm/core_dynamics -Ialgorithm/diagnostics -Ialgorithm/diffusion -Ialgorithm/interpolation -Ialgorithm/limited_area -Ikernel -Ikernel/algebra -Ikernel/columnwise_operators -Ikernel/fem -Ikernel/geometry -Ikernel/inter_element_order -Ikernel/inter_function_space -Ikernel/inter_mesh -Ikernel/solver -Ikernel/core_dynamics -Ikernel/diagnostics -Ikernel/diffusion -Ikernel/external_forcing -Ikernel/initialisation -Ikernel/limited_area -Ikernel/transport -Ikernel/transport/common -Ikernel/transport/fem -Ikernel/transport/ffsl -Ikernel/transport/mol -Ikernel/transport/sl -Ipsy -Isolver -Iinventory -Idiagnostics -Idriver -Idriver/constants -Idriver/iau_multifile_io -Iinitialisation -Iorography -Iphysics -Iconstants -Ivector_space -DLEGACY_MPI -DLEGACY_TIMER -DTIMING_ON -DRDEF_PRECISION=32 -DR_SOLVER_PRECISION=32 -DR_TRAN_PRECISION=32 -DR_BL_PRECISION=32 -DUSE_XIOS -c -o kernel/inter_function_space/sci_combine_multidata_field_kernel_mod.o kernel/inter_function_space/sci_combine_multidata_field_kernel_mod.F90 -I/opt/cray/pe/mpich/8.1.32/ofi/gnu/11.2/include -I/opt/cray/pe/mpich/8.1.32/ofi/gnu/11.2/include
[cc] ftn -I/mnt/lustre/e1000/home/z19/z19/lparisi/nfs-testing/environments/benchmarks/opt/linux-rhel9-zen5/gcc-14.2/pfunit-4.12.0-mmtcyvubeu4pxjj5wnfcyz4lbatpghmw/PFUNIT-4.12/include -I/mnt/lustre/e1000/home/z19/z19/lparisi/nfs-testing/environments/benchmarks/opt/linux-rhel9-zen5/gcc-14.2/shumlib-13.0-s2o3dzmwn456wxjsj6jztzd4c5pdctms/include -I/mnt/lustre/e1000/home/z19/z19/lparisi/nfs-testing/environments/benchmarks/opt/linux-rhel9-zen5/gcc-14.2/yaxt-0.11.3-algx2ie6ibanzuhi6k7szojlr2bcetau/include -I/mnt/lustre/e1000/home/z19/z19/lparisi/nfs-testing/environments/benchmarks/opt/linux-rhel9-zen5/gcc-14.2/fargparse-1.9.0-pxhk5m5qndtahdqscaiz2t2s7bnlajcm/FARGPARSE-1.9/include -I/mnt/lustre/e1000/home/z19/z19/lparisi/nfs-testing/environments/benchmarks/opt/linux-rhel9-zen5/gcc-14.2/gftl-shared-1.10.0-xl3tnp2so4qxp5ranh4shjrz7rch22ro/GFTL_SHARED-1.10/include -ffree-line-length-none -fallow-argument-mismatch -fopenmp -g -Wall -Werror=conversion -Werror=unused-variable -Werror=character-truncation -Werror=unused-value -Werror=tabs -Og -std=f2008 -Jmod -Imod -Ifield -Ioperator -Iscalar -IPSYKE -Iconfiguration -Ifunction_space -Ifunction_space/dofmap -Iio -Ikernel_metadata -Ikey_value -Imesh -Iquadrature -Itime -Iutilities -Ialgorithm -Ialgorithm/solver -Ialgorithm/runtime_constants -Ialgorithm/timestepping -Ialgorithm/transport -Ialgorithm/transport/common -Ialgorithm/transport/control -Ialgorithm/transport/ffsl -Ialgorithm/transport/mol -Ialgorithm/transport/sl -Ialgorithm/initialisation -Ialgorithm/physics -Ialgorithm/core_dynamics -Ialgorithm/diagnostics -Ialgorithm/diffusion -Ialgorithm/interpolation -Ialgorithm/limited_area -Ikernel -Ikernel/algebra -Ikernel/columnwise_operators -Ikernel/fem -Ikernel/geometry -Ikernel/inter_element_order -Ikernel/inter_function_space -Ikernel/inter_mesh -Ikernel/solver -Ikernel/core_dynamics -Ikernel/diagnostics -Ikernel/diffusion -Ikernel/external_forcing -Ikernel/initialisation -Ikernel/limited_area -Ikernel/transport -Ikernel/transport/common -Ikernel/transport/fem -Ikernel/transport/ffsl -Ikernel/transport/mol -Ikernel/transport/sl -Ipsy -Isolver -Iinventory -Idiagnostics -Idriver -Idriver/constants -Idriver/iau_multifile_io -Iinitialisation -Iorography -Iphysics -Iconstants -Ivector_space -DLEGACY_MPI -DLEGACY_TIMER -DTIMING_ON -DRDEF_PRECISION=32 -DR_SOLVER_PRECISION=32 -DR_TRAN_PRECISION=32 -DR_BL_PRECISION=32 -DUSE_XIOS -c -o kernel/transport/mol/poly1d_reconstruction_kernel_mod.o kernel/transport/mol/poly1d_reconstruction_kernel_mod.F90 -I/opt/cray/pe/mpich/8.1.32/ofi/gnu/11.2/include -I/opt/cray/pe/mpich/8.1.32/ofi/gnu/11.2/include
[cc] ftn -I/mnt/lustre/e1000/home/z19/z19/lparisi/nfs-testing/environments/benchmarks/opt/linux-rhel9-zen5/gcc-14.2/pfunit-4.12.0-mmtcyvubeu4pxjj5wnfcyz4lbatpghmw/PFUNIT-4.12/include -I/mnt/lustre/e1000/home/z19/z19/lparisi/nfs-testing/environments/benchmarks/opt/linux-rhel9-zen5/gcc-14.2/shumlib-13.0-s2o3dzmwn456wxjsj6jztzd4c5pdctms/include -I/mnt/lustre/e1000/home/z19/z19/lparisi/nfs-testing/environments/benchmarks/opt/linux-rhel9-zen5/gcc-14.2/yaxt-0.11.3-algx2ie6ibanzuhi6k7szojlr2bcetau/include -I/mnt/lustre/e1000/home/z19/z19/lparisi/nfs-testing/environments/benchmarks/opt/linux-rhel9-zen5/gcc-14.2/fargparse-1.9.0-pxhk5m5qndtahdqscaiz2t2s7bnlajcm/FARGPARSE-1.9/include -I/mnt/lustre/e1000/home/z19/z19/lparisi/nfs-testing/environments/benchmarks/opt/linux-rhel9-zen5/gcc-14.2/gftl-shared-1.10.0-xl3tnp2so4qxp5ranh4shjrz7rch22ro/GFTL_SHARED-1.10/include -ffree-line-length-none -fallow-argument-mismatch -fopenmp -g -Wall -Werror=conversion -Werror=unused-variable -Werror=character-truncation -Werror=unused-value -Werror=tabs -Og -std=f2008 -Jmod -Imod -Ifield -Ioperator -Iscalar -IPSYKE -Iconfiguration -Ifunction_space -Ifunction_space/dofmap -Iio -Ikernel_metadata -Ikey_value -Imesh -Iquadrature -Itime -Iutilities -Ialgorithm -Ialgorithm/solver -Ialgorithm/runtime_constants -Ialgorithm/timestepping -Ialgorithm/transport -Ialgorithm/transport/common -Ialgorithm/transport/control -Ialgorithm/transport/ffsl -Ialgorithm/transport/mol -Ialgorithm/transport/sl -Ialgorithm/initialisation -Ialgorithm/physics -Ialgorithm/core_dynamics -Ialgorithm/diagnostics -Ialgorithm/diffusion -Ialgorithm/interpolation -Ialgorithm/limited_area -Ikernel -Ikernel/algebra -Ikernel/columnwise_operators -Ikernel/fem -Ikernel/geometry -Ikernel/inter_element_order -Ikernel/inter_function_space -Ikernel/inter_mesh -Ikernel/solver -Ikernel/core_dynamics -Ikernel/diagnostics -Ikernel/diffusion -Ikernel/external_forcing -Ikernel/initialisation -Ikernel/limited_area -Ikernel/transport -Ikernel/transport/common -Ikernel/transport/fem -Ikernel/transport/ffsl -Ikernel/transport/mol -Ikernel/transport/sl -Ipsy -Isolver -Iinventory -Idiagnostics -Idriver -Idriver/constants -Idriver/iau_multifile_io -Iinitialisation -Iorography -Iphysics -Iconstants -Ivector_space -DLEGACY_MPI -DLEGACY_TIMER -DTIMING_ON -DRDEF_PRECISION=32 -DR_SOLVER_PRECISION=32 -DR_TRAN_PRECISION=32 -DR_BL_PRECISION=32 -DUSE_XIOS -c -o kernel/transport/mol/poly2d_reconstruction_kernel_mod.o kernel/transport/mol/poly2d_reconstruction_kernel_mod.F90 -I/opt/cray/pe/mpich/8.1.32/ofi/gnu/11.2/include -I/opt/cray/pe/mpich/8.1.32/ofi/gnu/11.2/include
[cc] ftn -I/mnt/lustre/e1000/home/z19/z19/lparisi/nfs-testing/environments/benchmarks/opt/linux-rhel9-zen5/gcc-14.2/pfunit-4.12.0-mmtcyvubeu4pxjj5wnfcyz4lbatpghmw/PFUNIT-4.12/include -I/mnt/lustre/e1000/home/z19/z19/lparisi/nfs-testing/environments/benchmarks/opt/linux-rhel9-zen5/gcc-14.2/shumlib-13.0-s2o3dzmwn456wxjsj6jztzd4c5pdctms/include -I/mnt/lustre/e1000/home/z19/z19/lparisi/nfs-testing/environments/benchmarks/opt/linux-rhel9-zen5/gcc-14.2/yaxt-0.11.3-algx2ie6ibanzuhi6k7szojlr2bcetau/include -I/mnt/lustre/e1000/home/z19/z19/lparisi/nfs-testing/environments/benchmarks/opt/linux-rhel9-zen5/gcc-14.2/fargparse-1.9.0-pxhk5m5qndtahdqscaiz2t2s7bnlajcm/FARGPARSE-1.9/include -I/mnt/lustre/e1000/home/z19/z19/lparisi/nfs-testing/environments/benchmarks/opt/linux-rhel9-zen5/gcc-14.2/gftl-shared-1.10.0-xl3tnp2so4qxp5ranh4shjrz7rch22ro/GFTL_SHARED-1.10/include -ffree-line-length-none -fallow-argument-mismatch -fopenmp -g -Wall -Werror=conversion -Werror=unused-variable -Werror=character-truncation -Werror=unused-value -Werror=tabs -Og -std=f2008 -Jmod -Imod -Ifield -Ioperator -Iscalar -IPSYKE -Iconfiguration -Ifunction_space -Ifunction_space/dofmap -Iio -Ikernel_metadata -Ikey_value -Imesh -Iquadrature -Itime -Iutilities -Ialgorithm -Ialgorithm/solver -Ialgorithm/runtime_constants -Ialgorithm/timestepping -Ialgorithm/transport -Ialgorithm/transport/common -Ialgorithm/transport/control -Ialgorithm/transport/ffsl -Ialgorithm/transport/mol -Ialgorithm/transport/sl -Ialgorithm/initialisation -Ialgorithm/physics -Ialgorithm/core_dynamics -Ialgorithm/diagnostics -Ialgorithm/diffusion -Ialgorithm/interpolation -Ialgorithm/limited_area -Ikernel -Ikernel/algebra -Ikernel/columnwise_operators -Ikernel/fem -Ikernel/geometry -Ikernel/inter_element_order -Ikernel/inter_function_space -Ikernel/inter_mesh -Ikernel/solver -Ikernel/core_dynamics -Ikernel/diagnostics -Ikernel/diffusion -Ikernel/external_forcing -Ikernel/initialisation -Ikernel/limited_area -Ikernel/transport -Ikernel/transport/common -Ikernel/transport/fem -Ikernel/transport/ffsl -Ikernel/transport/mol -Ikernel/transport/sl -Ipsy -Isolver -Iinventory -Idiagnostics -Idriver -Idriver/constants -Idriver/iau_multifile_io -Iinitialisation -Iorography -Iphysics -Iconstants -Ivector_space -DLEGACY_MPI -DLEGACY_TIMER -DTIMING_ON -DRDEF_PRECISION=32 -DR_SOLVER_PRECISION=32 -DR_TRAN_PRECISION=32 -DR_BL_PRECISION=32 -DUSE_XIOS -c -o kernel/transport/mol/horizontal_mass_flux_kernel_mod.o kernel/transport/mol/horizontal_mass_flux_kernel_mod.F90 -I/opt/cray/pe/mpich/8.1.32/ofi/gnu/11.2/include -I/opt/cray/pe/mpich/8.1.32/ofi/gnu/11.2/include
[cc] ftn -I/mnt/lustre/e1000/home/z19/z19/lparisi/nfs-testing/environments/benchmarks/opt/linux-rhel9-zen5/gcc-14.2/pfunit-4.12.0-mmtcyvubeu4pxjj5wnfcyz4lbatpghmw/PFUNIT-4.12/include -I/mnt/lustre/e1000/home/z19/z19/lparisi/nfs-testing/environments/benchmarks/opt/linux-rhel9-zen5/gcc-14.2/shumlib-13.0-s2o3dzmwn456wxjsj6jztzd4c5pdctms/include -I/mnt/lustre/e1000/home/z19/z19/lparisi/nfs-testing/environments/benchmarks/opt/linux-rhel9-zen5/gcc-14.2/yaxt-0.11.3-algx2ie6ibanzuhi6k7szojlr2bcetau/include -I/mnt/lustre/e1000/home/z19/z19/lparisi/nfs-testing/environments/benchmarks/opt/linux-rhel9-zen5/gcc-14.2/fargparse-1.9.0-pxhk5m5qndtahdqscaiz2t2s7bnlajcm/FARGPARSE-1.9/include -I/mnt/lustre/e1000/home/z19/z19/lparisi/nfs-testing/environments/benchmarks/opt/linux-rhel9-zen5/gcc-14.2/gftl-shared-1.10.0-xl3tnp2so4qxp5ranh4shjrz7rch22ro/GFTL_SHARED-1.10/include -ffree-line-length-none -fallow-argument-mismatch -fopenmp -g -Wall -Werror=conversion -Werror=unused-variable -Werror=character-truncation -Werror=unused-value -Werror=tabs -Og -std=f2008 -Jmod -Imod -Ifield -Ioperator -Iscalar -IPSYKE -Iconfiguration -Ifunction_space -Ifunction_space/dofmap -Iio -Ikernel_metadata -Ikey_value -Imesh -Iquadrature -Itime -Iutilities -Ialgorithm -Ialgorithm/solver -Ialgorithm/runtime_constants -Ialgorithm/timestepping -Ialgorithm/transport -Ialgorithm/transport/common -Ialgorithm/transport/control -Ialgorithm/transport/ffsl -Ialgorithm/transport/mol -Ialgorithm/transport/sl -Ialgorithm/initialisation -Ialgorithm/physics -Ialgorithm/core_dynamics -Ialgorithm/diagnostics -Ialgorithm/diffusion -Ialgorithm/interpolation -Ialgorithm/limited_area -Ikernel -Ikernel/algebra -Ikernel/columnwise_operators -Ikernel/fem -Ikernel/geometry -Ikernel/inter_element_order -Ikernel/inter_function_space -Ikernel/inter_mesh -Ikernel/solver -Ikernel/core_dynamics -Ikernel/diagnostics -Ikernel/diffusion -Ikernel/external_forcing -Ikernel/initialisation -Ikernel/limited_area -Ikernel/transport -Ikernel/transport/common -Ikernel/transport/fem -Ikernel/transport/ffsl -Ikernel/transport/mol -Ikernel/transport/sl -Ipsy -Isolver -Iinventory -Idiagnostics -Idriver -Idriver/constants -Idriver/iau_multifile_io -Iinitialisation -Iorography -Iphysics -Iconstants -Ivector_space -DLEGACY_MPI -DLEGACY_TIMER -DTIMING_ON -DRDEF_PRECISION=32 -DR_SOLVER_PRECISION=32 -DR_TRAN_PRECISION=32 -DR_BL_PRECISION=32 -DUSE_XIOS -c -o kernel/transport/mol/vertical_mass_flux_kernel_mod.o kernel/transport/mol/vertical_mass_flux_kernel_mod.F90 -I/opt/cray/pe/mpich/8.1.32/ofi/gnu/11.2/include -I/opt/cray/pe/mpich/8.1.32/ofi/gnu/11.2/include
[cc] ftn -I/mnt/lustre/e1000/home/z19/z19/lparisi/nfs-testing/environments/benchmarks/opt/linux-rhel9-zen5/gcc-14.2/pfunit-4.12.0-mmtcyvubeu4pxjj5wnfcyz4lbatpghmw/PFUNIT-4.12/include -I/mnt/lustre/e1000/home/z19/z19/lparisi/nfs-testing/environments/benchmarks/opt/linux-rhel9-zen5/gcc-14.2/shumlib-13.0-s2o3dzmwn456wxjsj6jztzd4c5pdctms/include -I/mnt/lustre/e1000/home/z19/z19/lparisi/nfs-testing/environments/benchmarks/opt/linux-rhel9-zen5/gcc-14.2/yaxt-0.11.3-algx2ie6ibanzuhi6k7szojlr2bcetau/include -I/mnt/lustre/e1000/home/z19/z19/lparisi/nfs-testing/environments/benchmarks/opt/linux-rhel9-zen5/gcc-14.2/fargparse-1.9.0-pxhk5m5qndtahdqscaiz2t2s7bnlajcm/FARGPARSE-1.9/include -I/mnt/lustre/e1000/home/z19/z19/lparisi/nfs-testing/environments/benchmarks/opt/linux-rhel9-zen5/gcc-14.2/gftl-shared-1.10.0-xl3tnp2so4qxp5ranh4shjrz7rch22ro/GFTL_SHARED-1.10/include -ffree-line-length-none -fallow-argument-mismatch -fopenmp -g -Wall -Werror=conversion -Werror=unused-variable -Werror=character-truncation -Werror=unused-value -Werror=tabs -Og -std=f2008 -Jmod -Imod -Ifield -Ioperator -Iscalar -IPSYKE -Iconfiguration -Ifunction_space -Ifunction_space/dofmap -Iio -Ikernel_metadata -Ikey_value -Imesh -Iquadrature -Itime -Iutilities -Ialgorithm -Ialgorithm/solver -Ialgorithm/runtime_constants -Ialgorithm/timestepping -Ialgorithm/transport -Ialgorithm/transport/common -Ialgorithm/transport/control -Ialgorithm/transport/ffsl -Ialgorithm/transport/mol -Ialgorithm/transport/sl -Ialgorithm/initialisation -Ialgorithm/physics -Ialgorithm/core_dynamics -Ialgorithm/diagnostics -Ialgorithm/diffusion -Ialgorithm/interpolation -Ialgorithm/limited_area -Ikernel -Ikernel/algebra -Ikernel/columnwise_operators -Ikernel/fem -Ikernel/geometry -Ikernel/inter_element_order -Ikernel/inter_function_space -Ikernel/inter_mesh -Ikernel/solver -Ikernel/core_dynamics -Ikernel/diagnostics -Ikernel/diffusion -Ikernel/external_forcing -Ikernel/initialisation -Ikernel/limited_area -Ikernel/transport -Ikernel/transport/common -Ikernel/transport/fem -Ikernel/transport/ffsl -Ikernel/transport/mol -Ikernel/transport/sl -Ipsy -Isolver -Iinventory -Idiagnostics -Idriver -Idriver/constants -Idriver/iau_multifile_io -Iinitialisation -Iorography -Iphysics -Iconstants -Ivector_space -DLEGACY_MPI -DLEGACY_TIMER -DTIMING_ON -DRDEF_PRECISION=32 -DR_SOLVER_PRECISION=32 -DR_TRAN_PRECISION=32 -DR_BL_PRECISION=32 -DUSE_XIOS -c -o kernel/algebra/sci_compound_operator_kernel_mod.o kernel/algebra/sci_compound_operator_kernel_mod.F90 -I/opt/cray/pe/mpich/8.1.32/ofi/gnu/11.2/include -I/opt/cray/pe/mpich/8.1.32/ofi/gnu/11.2/include
[cc] ftn -I/mnt/lustre/e1000/home/z19/z19/lparisi/nfs-testing/environments/benchmarks/opt/linux-rhel9-zen5/gcc-14.2/pfunit-4.12.0-mmtcyvubeu4pxjj5wnfcyz4lbatpghmw/PFUNIT-4.12/include -I/mnt/lustre/e1000/home/z19/z19/lparisi/nfs-testing/environments/benchmarks/opt/linux-rhel9-zen5/gcc-14.2/shumlib-13.0-s2o3dzmwn456wxjsj6jztzd4c5pdctms/include -I/mnt/lustre/e1000/home/z19/z19/lparisi/nfs-testing/environments/benchmarks/opt/linux-rhel9-zen5/gcc-14.2/yaxt-0.11.3-algx2ie6ibanzuhi6k7szojlr2bcetau/include -I/mnt/lustre/e1000/home/z19/z19/lparisi/nfs-testing/environments/benchmarks/opt/linux-rhel9-zen5/gcc-14.2/fargparse-1.9.0-pxhk5m5qndtahdqscaiz2t2s7bnlajcm/FARGPARSE-1.9/include -I/mnt/lustre/e1000/home/z19/z19/lparisi/nfs-testing/environments/benchmarks/opt/linux-rhel9-zen5/gcc-14.2/gftl-shared-1.10.0-xl3tnp2so4qxp5ranh4shjrz7rch22ro/GFTL_SHARED-1.10/include -ffree-line-length-none -fallow-argument-mismatch -fopenmp -g -Wall -Werror=conversion -Werror=unused-variable -Werror=character-truncation -Werror=unused-value -Werror=tabs -Og -std=f2008 -Jmod -Imod -Ifield -Ioperator -Iscalar -IPSYKE -Iconfiguration -Ifunction_space -Ifunction_space/dofmap -Iio -Ikernel_metadata -Ikey_value -Imesh -Iquadrature -Itime -Iutilities -Ialgorithm -Ialgorithm/solver -Ialgorithm/runtime_constants -Ialgorithm/timestepping -Ialgorithm/transport -Ialgorithm/transport/common -Ialgorithm/transport/control -Ialgorithm/transport/ffsl -Ialgorithm/transport/mol -Ialgorithm/transport/sl -Ialgorithm/initialisation -Ialgorithm/physics -Ialgorithm/core_dynamics -Ialgorithm/diagnostics -Ialgorithm/diffusion -Ialgorithm/interpolation -Ialgorithm/limited_area -Ikernel -Ikernel/algebra -Ikernel/columnwise_operators -Ikernel/fem -Ikernel/geometry -Ikernel/inter_element_order -Ikernel/inter_function_space -Ikernel/inter_mesh -Ikernel/solver -Ikernel/core_dynamics -Ikernel/diagnostics -Ikernel/diffusion -Ikernel/external_forcing -Ikernel/initialisation -Ikernel/limited_area -Ikernel/transport -Ikernel/transport/common -Ikernel/transport/fem -Ikernel/transport/ffsl -Ikernel/transport/mol -Ikernel/transport/sl -Ipsy -Isolver -Iinventory -Idiagnostics -Idriver -Idriver/constants -Idriver/iau_multifile_io -Iinitialisation -Iorography -Iphysics -Iconstants -Ivector_space -DLEGACY_MPI -DLEGACY_TIMER -DTIMING_ON -DRDEF_PRECISION=32 -DR_SOLVER_PRECISION=32 -DR_TRAN_PRECISION=32 -DR_BL_PRECISION=32 -DUSE_XIOS -c -o kernel/external_forcing/extract_2d_field_kernel_mod.o kernel/external_forcing/extract_2d_field_kernel_mod.F90 -I/opt/cray/pe/mpich/8.1.32/ofi/gnu/11.2/include -I/opt/cray/pe/mpich/8.1.32/ofi/gnu/11.2/include
[cc] ftn -I/mnt/lustre/e1000/home/z19/z19/lparisi/nfs-testing/environments/benchmarks/opt/linux-rhel9-zen5/gcc-14.2/pfunit-4.12.0-mmtcyvubeu4pxjj5wnfcyz4lbatpghmw/PFUNIT-4.12/include -I/mnt/lustre/e1000/home/z19/z19/lparisi/nfs-testing/environments/benchmarks/opt/linux-rhel9-zen5/gcc-14.2/shumlib-13.0-s2o3dzmwn456wxjsj6jztzd4c5pdctms/include -I/mnt/lustre/e1000/home/z19/z19/lparisi/nfs-testing/environments/benchmarks/opt/linux-rhel9-zen5/gcc-14.2/yaxt-0.11.3-algx2ie6ibanzuhi6k7szojlr2bcetau/include -I/mnt/lustre/e1000/home/z19/z19/lparisi/nfs-testing/environments/benchmarks/opt/linux-rhel9-zen5/gcc-14.2/fargparse-1.9.0-pxhk5m5qndtahdqscaiz2t2s7bnlajcm/FARGPARSE-1.9/include -I/mnt/lustre/e1000/home/z19/z19/lparisi/nfs-testing/environments/benchmarks/opt/linux-rhel9-zen5/gcc-14.2/gftl-shared-1.10.0-xl3tnp2so4qxp5ranh4shjrz7rch22ro/GFTL_SHARED-1.10/include -ffree-line-length-none -fallow-argument-mismatch -fopenmp -g -Wall -Werror=conversion -Werror=unused-variable -Werror=character-truncation -Werror=unused-value -Werror=tabs -Og -std=f2008 -Jmod -Imod -Ifield -Ioperator -Iscalar -IPSYKE -Iconfiguration -Ifunction_space -Ifunction_space/dofmap -Iio -Ikernel_metadata -Ikey_value -Imesh -Iquadrature -Itime -Iutilities -Ialgorithm -Ialgorithm/solver -Ialgorithm/runtime_constants -Ialgorithm/timestepping -Ialgorithm/transport -Ialgorithm/transport/common -Ialgorithm/transport/control -Ialgorithm/transport/ffsl -Ialgorithm/transport/mol -Ialgorithm/transport/sl -Ialgorithm/initialisation -Ialgorithm/physics -Ialgorithm/core_dynamics -Ialgorithm/diagnostics -Ialgorithm/diffusion -Ialgorithm/interpolation -Ialgorithm/limited_area -Ikernel -Ikernel/algebra -Ikernel/columnwise_operators -Ikernel/fem -Ikernel/geometry -Ikernel/inter_element_order -Ikernel/inter_function_space -Ikernel/inter_mesh -Ikernel/solver -Ikernel/core_dynamics -Ikernel/diagnostics -Ikernel/diffusion -Ikernel/external_forcing -Ikernel/initialisation -Ikernel/limited_area -Ikernel/transport -Ikernel/transport/common -Ikernel/transport/fem -Ikernel/transport/ffsl -Ikernel/transport/mol -Ikernel/transport/sl -Ipsy -Isolver -Iinventory -Idiagnostics -Idriver -Idriver/constants -Idriver/iau_multifile_io -Iinitialisation -Iorography -Iphysics -Iconstants -Ivector_space -DLEGACY_MPI -DLEGACY_TIMER -DTIMING_ON -DRDEF_PRECISION=32 -DR_SOLVER_PRECISION=32 -DR_TRAN_PRECISION=32 -DR_BL_PRECISION=32 -DUSE_XIOS -c -o kernel/external_forcing/set_field_to_profile_kernel_mod.o kernel/external_forcing/set_field_to_profile_kernel_mod.F90 -I/opt/cray/pe/mpich/8.1.32/ofi/gnu/11.2/include -I/opt/cray/pe/mpich/8.1.32/ofi/gnu/11.2/include
[cc] ftn -I/mnt/lustre/e1000/home/z19/z19/lparisi/nfs-testing/environments/benchmarks/opt/linux-rhel9-zen5/gcc-14.2/pfunit-4.12.0-mmtcyvubeu4pxjj5wnfcyz4lbatpghmw/PFUNIT-4.12/include -I/mnt/lustre/e1000/home/z19/z19/lparisi/nfs-testing/environments/benchmarks/opt/linux-rhel9-zen5/gcc-14.2/shumlib-13.0-s2o3dzmwn456wxjsj6jztzd4c5pdctms/include -I/mnt/lustre/e1000/home/z19/z19/lparisi/nfs-testing/environments/benchmarks/opt/linux-rhel9-zen5/gcc-14.2/yaxt-0.11.3-algx2ie6ibanzuhi6k7szojlr2bcetau/include -I/mnt/lustre/e1000/home/z19/z19/lparisi/nfs-testing/environments/benchmarks/opt/linux-rhel9-zen5/gcc-14.2/fargparse-1.9.0-pxhk5m5qndtahdqscaiz2t2s7bnlajcm/FARGPARSE-1.9/include -I/mnt/lustre/e1000/home/z19/z19/lparisi/nfs-testing/environments/benchmarks/opt/linux-rhel9-zen5/gcc-14.2/gftl-shared-1.10.0-xl3tnp2so4qxp5ranh4shjrz7rch22ro/GFTL_SHARED-1.10/include -ffree-line-length-none -fallow-argument-mismatch -fopenmp -g -Wall -Werror=conversion -Werror=unused-variable -Werror=character-truncation -Werror=unused-value -Werror=tabs -Og -std=f2008 -Jmod -Imod -Ifield -Ioperator -Iscalar -IPSYKE -Iconfiguration -Ifunction_space -Ifunction_space/dofmap -Iio -Ikernel_metadata -Ikey_value -Imesh -Iquadrature -Itime -Iutilities -Ialgorithm -Ialgorithm/solver -Ialgorithm/runtime_constants -Ialgorithm/timestepping -Ialgorithm/transport -Ialgorithm/transport/common -Ialgorithm/transport/control -Ialgorithm/transport/ffsl -Ialgorithm/transport/mol -Ialgorithm/transport/sl -Ialgorithm/initialisation -Ialgorithm/physics -Ialgorithm/core_dynamics -Ialgorithm/diagnostics -Ialgorithm/diffusion -Ialgorithm/interpolation -Ialgorithm/limited_area -Ikernel -Ikernel/algebra -Ikernel/columnwise_operators -Ikernel/fem -Ikernel/geometry -Ikernel/inter_element_order -Ikernel/inter_function_space -Ikernel/inter_mesh -Ikernel/solver -Ikernel/core_dynamics -Ikernel/diagnostics -Ikernel/diffusion -Ikernel/external_forcing -Ikernel/initialisation -Ikernel/limited_area -Ikernel/transport -Ikernel/transport/common -Ikernel/transport/fem -Ikernel/transport/ffsl -Ikernel/transport/mol -Ikernel/transport/sl -Ipsy -Isolver -Iinventory -Idiagnostics -Idriver -Idriver/constants -Idriver/iau_multifile_io -Iinitialisation -Iorography -Iphysics -Iconstants -Ivector_space -DLEGACY_MPI -DLEGACY_TIMER -DTIMING_ON -DRDEF_PRECISION=32 -DR_SOLVER_PRECISION=32 -DR_TRAN_PRECISION=32 -DR_BL_PRECISION=32 -DUSE_XIOS -c -o kernel/inter_mesh/sci_prolong_scalar_masked_kernel_mod.o kernel/inter_mesh/sci_prolong_scalar_masked_kernel_mod.F90 -I/opt/cray/pe/mpich/8.1.32/ofi/gnu/11.2/include -I/opt/cray/pe/mpich/8.1.32/ofi/gnu/11.2/include
[cc] ftn -I/mnt/lustre/e1000/home/z19/z19/lparisi/nfs-testing/environments/benchmarks/opt/linux-rhel9-zen5/gcc-14.2/pfunit-4.12.0-mmtcyvubeu4pxjj5wnfcyz4lbatpghmw/PFUNIT-4.12/include -I/mnt/lustre/e1000/home/z19/z19/lparisi/nfs-testing/environments/benchmarks/opt/linux-rhel9-zen5/gcc-14.2/shumlib-13.0-s2o3dzmwn456wxjsj6jztzd4c5pdctms/include -I/mnt/lustre/e1000/home/z19/z19/lparisi/nfs-testing/environments/benchmarks/opt/linux-rhel9-zen5/gcc-14.2/yaxt-0.11.3-algx2ie6ibanzuhi6k7szojlr2bcetau/include -I/mnt/lustre/e1000/home/z19/z19/lparisi/nfs-testing/environments/benchmarks/opt/linux-rhel9-zen5/gcc-14.2/fargparse-1.9.0-pxhk5m5qndtahdqscaiz2t2s7bnlajcm/FARGPARSE-1.9/include -I/mnt/lustre/e1000/home/z19/z19/lparisi/nfs-testing/environments/benchmarks/opt/linux-rhel9-zen5/gcc-14.2/gftl-shared-1.10.0-xl3tnp2so4qxp5ranh4shjrz7rch22ro/GFTL_SHARED-1.10/include -ffree-line-length-none -fallow-argument-mismatch -fopenmp -g -Wall -Werror=conversion -Werror=unused-variable -Werror=character-truncation -Werror=unused-value -Werror=tabs -Og -std=f2008 -Jmod -Imod -Ifield -Ioperator -Iscalar -IPSYKE -Iconfiguration -Ifunction_space -Ifunction_space/dofmap -Iio -Ikernel_metadata -Ikey_value -Imesh -Iquadrature -Itime -Iutilities -Ialgorithm -Ialgorithm/solver -Ialgorithm/runtime_constants -Ialgorithm/timestepping -Ialgorithm/transport -Ialgorithm/transport/common -Ialgorithm/transport/control -Ialgorithm/transport/ffsl -Ialgorithm/transport/mol -Ialgorithm/transport/sl -Ialgorithm/initialisation -Ialgorithm/physics -Ialgorithm/core_dynamics -Ialgorithm/diagnostics -Ialgorithm/diffusion -Ialgorithm/interpolation -Ialgorithm/limited_area -Ikernel -Ikernel/algebra -Ikernel/columnwise_operators -Ikernel/fem -Ikernel/geometry -Ikernel/inter_element_order -Ikernel/inter_function_space -Ikernel/inter_mesh -Ikernel/solver -Ikernel/core_dynamics -Ikernel/diagnostics -Ikernel/diffusion -Ikernel/external_forcing -Ikernel/initialisation -Ikernel/limited_area -Ikernel/transport -Ikernel/transport/common -Ikernel/transport/fem -Ikernel/transport/ffsl -Ikernel/transport/mol -Ikernel/transport/sl -Ipsy -Isolver -Iinventory -Idiagnostics -Idriver -Idriver/constants -Idriver/iau_multifile_io -Iinitialisation -Iorography -Iphysics -Iconstants -Ivector_space -DLEGACY_MPI -DLEGACY_TIMER -DTIMING_ON -DRDEF_PRECISION=32 -DR_SOLVER_PRECISION=32 -DR_TRAN_PRECISION=32 -DR_BL_PRECISION=32 -DUSE_XIOS -c -o kernel/inter_function_space/sci_multi_extract_kernel_mod.o kernel/inter_function_space/sci_multi_extract_kernel_mod.F90 -I/opt/cray/pe/mpich/8.1.32/ofi/gnu/11.2/include -I/opt/cray/pe/mpich/8.1.32/ofi/gnu/11.2/include
[cc] ftn -I/mnt/lustre/e1000/home/z19/z19/lparisi/nfs-testing/environments/benchmarks/opt/linux-rhel9-zen5/gcc-14.2/pfunit-4.12.0-mmtcyvubeu4pxjj5wnfcyz4lbatpghmw/PFUNIT-4.12/include -I/mnt/lustre/e1000/home/z19/z19/lparisi/nfs-testing/environments/benchmarks/opt/linux-rhel9-zen5/gcc-14.2/shumlib-13.0-s2o3dzmwn456wxjsj6jztzd4c5pdctms/include -I/mnt/lustre/e1000/home/z19/z19/lparisi/nfs-testing/environments/benchmarks/opt/linux-rhel9-zen5/gcc-14.2/yaxt-0.11.3-algx2ie6ibanzuhi6k7szojlr2bcetau/include -I/mnt/lustre/e1000/home/z19/z19/lparisi/nfs-testing/environments/benchmarks/opt/linux-rhel9-zen5/gcc-14.2/fargparse-1.9.0-pxhk5m5qndtahdqscaiz2t2s7bnlajcm/FARGPARSE-1.9/include -I/mnt/lustre/e1000/home/z19/z19/lparisi/nfs-testing/environments/benchmarks/opt/linux-rhel9-zen5/gcc-14.2/gftl-shared-1.10.0-xl3tnp2so4qxp5ranh4shjrz7rch22ro/GFTL_SHARED-1.10/include -ffree-line-length-none -fallow-argument-mismatch -fopenmp -g -Wall -Werror=conversion -Werror=unused-variable -Werror=character-truncation -Werror=unused-value -Werror=tabs -Og -std=f2008 -Jmod -Imod -Ifield -Ioperator -Iscalar -IPSYKE -Iconfiguration -Ifunction_space -Ifunction_space/dofmap -Iio -Ikernel_metadata -Ikey_value -Imesh -Iquadrature -Itime -Iutilities -Ialgorithm -Ialgorithm/solver -Ialgorithm/runtime_constants -Ialgorithm/timestepping -Ialgorithm/transport -Ialgorithm/transport/common -Ialgorithm/transport/control -Ialgorithm/transport/ffsl -Ialgorithm/transport/mol -Ialgorithm/transport/sl -Ialgorithm/initialisation -Ialgorithm/physics -Ialgorithm/core_dynamics -Ialgorithm/diagnostics -Ialgorithm/diffusion -Ialgorithm/interpolation -Ialgorithm/limited_area -Ikernel -Ikernel/algebra -Ikernel/columnwise_operators -Ikernel/fem -Ikernel/geometry -Ikernel/inter_element_order -Ikernel/inter_function_space -Ikernel/inter_mesh -Ikernel/solver -Ikernel/core_dynamics -Ikernel/diagnostics -Ikernel/diffusion -Ikernel/external_forcing -Ikernel/initialisation -Ikernel/limited_area -Ikernel/transport -Ikernel/transport/common -Ikernel/transport/fem -Ikernel/transport/ffsl -Ikernel/transport/mol -Ikernel/transport/sl -Ipsy -Isolver -Iinventory -Idiagnostics -Idriver -Idriver/constants -Idriver/iau_multifile_io -Iinitialisation -Iorography -Iphysics -Iconstants -Ivector_space -c -o mesh/local_mesh_map_mod.o mesh/local_mesh_map_mod.f90 -I/opt/cray/pe/mpich/8.1.32/ofi/gnu/11.2/include -I/opt/cray/pe/mpich/8.1.32/ofi/gnu/11.2/include
[cc] ftn -I/mnt/lustre/e1000/home/z19/z19/lparisi/nfs-testing/environments/benchmarks/opt/linux-rhel9-zen5/gcc-14.2/pfunit-4.12.0-mmtcyvubeu4pxjj5wnfcyz4lbatpghmw/PFUNIT-4.12/include -I/mnt/lustre/e1000/home/z19/z19/lparisi/nfs-testing/environments/benchmarks/opt/linux-rhel9-zen5/gcc-14.2/shumlib-13.0-s2o3dzmwn456wxjsj6jztzd4c5pdctms/include -I/mnt/lustre/e1000/home/z19/z19/lparisi/nfs-testing/environments/benchmarks/opt/linux-rhel9-zen5/gcc-14.2/yaxt-0.11.3-algx2ie6ibanzuhi6k7szojlr2bcetau/include -I/mnt/lustre/e1000/home/z19/z19/lparisi/nfs-testing/environments/benchmarks/opt/linux-rhel9-zen5/gcc-14.2/fargparse-1.9.0-pxhk5m5qndtahdqscaiz2t2s7bnlajcm/FARGPARSE-1.9/include -I/mnt/lustre/e1000/home/z19/z19/lparisi/nfs-testing/environments/benchmarks/opt/linux-rhel9-zen5/gcc-14.2/gftl-shared-1.10.0-xl3tnp2so4qxp5ranh4shjrz7rch22ro/GFTL_SHARED-1.10/include -ffree-line-length-none -fallow-argument-mismatch -fopenmp -g -Wall -Werror=conversion -Werror=unused-variable -Werror=character-truncation -Werror=unused-value -Werror=tabs -Og -std=f2008 -Jmod -Imod -Ifield -Ioperator -Iscalar -IPSYKE -Iconfiguration -Ifunction_space -Ifunction_space/dofmap -Iio -Ikernel_metadata -Ikey_value -Imesh -Iquadrature -Itime -Iutilities -Ialgorithm -Ialgorithm/solver -Ialgorithm/runtime_constants -Ialgorithm/timestepping -Ialgorithm/transport -Ialgorithm/transport/common -Ialgorithm/transport/control -Ialgorithm/transport/ffsl -Ialgorithm/transport/mol -Ialgorithm/transport/sl -Ialgorithm/initialisation -Ialgorithm/physics -Ialgorithm/core_dynamics -Ialgorithm/diagnostics -Ialgorithm/diffusion -Ialgorithm/interpolation -Ialgorithm/limited_area -Ikernel -Ikernel/algebra -Ikernel/columnwise_operators -Ikernel/fem -Ikernel/geometry -Ikernel/inter_element_order -Ikernel/inter_function_space -Ikernel/inter_mesh -Ikernel/solver -Ikernel/core_dynamics -Ikernel/diagnostics -Ikernel/diffusion -Ikernel/external_forcing -Ikernel/initialisation -Ikernel/limited_area -Ikernel/transport -Ikernel/transport/common -Ikernel/transport/fem -Ikernel/transport/ffsl -Ikernel/transport/mol -Ikernel/transport/sl -Ipsy -Isolver -Iinventory -Idiagnostics -Idriver -Idriver/constants -Idriver/iau_multifile_io -Iinitialisation -Iorography -Iphysics -Iconstants -Ivector_space -DLEGACY_MPI -DLEGACY_TIMER -DTIMING_ON -DRDEF_PRECISION=32 -DR_SOLVER_PRECISION=32 -DR_TRAN_PRECISION=32 -DR_BL_PRECISION=32 -DUSE_XIOS -c -o mesh/domain_mod.o mesh/domain_mod.F90 -I/opt/cray/pe/mpich/8.1.32/ofi/gnu/11.2/include -I/opt/cray/pe/mpich/8.1.32/ofi/gnu/11.2/include
[cc] ftn -I/mnt/lustre/e1000/home/z19/z19/lparisi/nfs-testing/environments/benchmarks/opt/linux-rhel9-zen5/gcc-14.2/pfunit-4.12.0-mmtcyvubeu4pxjj5wnfcyz4lbatpghmw/PFUNIT-4.12/include -I/mnt/lustre/e1000/home/z19/z19/lparisi/nfs-testing/environments/benchmarks/opt/linux-rhel9-zen5/gcc-14.2/shumlib-13.0-s2o3dzmwn456wxjsj6jztzd4c5pdctms/include -I/mnt/lustre/e1000/home/z19/z19/lparisi/nfs-testing/environments/benchmarks/opt/linux-rhel9-zen5/gcc-14.2/yaxt-0.11.3-algx2ie6ibanzuhi6k7szojlr2bcetau/include -I/mnt/lustre/e1000/home/z19/z19/lparisi/nfs-testing/environments/benchmarks/opt/linux-rhel9-zen5/gcc-14.2/fargparse-1.9.0-pxhk5m5qndtahdqscaiz2t2s7bnlajcm/FARGPARSE-1.9/include -I/mnt/lustre/e1000/home/z19/z19/lparisi/nfs-testing/environments/benchmarks/opt/linux-rhel9-zen5/gcc-14.2/gftl-shared-1.10.0-xl3tnp2so4qxp5ranh4shjrz7rch22ro/GFTL_SHARED-1.10/include -ffree-line-length-none -fallow-argument-mismatch -fopenmp -g -Wall -Werror=conversion -Werror=unused-variable -Werror=character-truncation -Werror=unused-value -Werror=tabs -Og -std=f2008 -Jmod -Imod -Ifield -Ioperator -Iscalar -IPSYKE -Iconfiguration -Ifunction_space -Ifunction_space/dofmap -Iio -Ikernel_metadata -Ikey_value -Imesh -Iquadrature -Itime -Iutilities -Ialgorithm -Ialgorithm/solver -Ialgorithm/runtime_constants -Ialgorithm/timestepping -Ialgorithm/transport -Ialgorithm/transport/common -Ialgorithm/transport/control -Ialgorithm/transport/ffsl -Ialgorithm/transport/mol -Ialgorithm/transport/sl -Ialgorithm/initialisation -Ialgorithm/physics -Ialgorithm/core_dynamics -Ialgorithm/diagnostics -Ialgorithm/diffusion -Ialgorithm/interpolation -Ialgorithm/limited_area -Ikernel -Ikernel/algebra -Ikernel/columnwise_operators -Ikernel/fem -Ikernel/geometry -Ikernel/inter_element_order -Ikernel/inter_function_space -Ikernel/inter_mesh -Ikernel/solver -Ikernel/core_dynamics -Ikernel/diagnostics -Ikernel/diffusion -Ikernel/external_forcing -Ikernel/initialisation -Ikernel/limited_area -Ikernel/transport -Ikernel/transport/common -Ikernel/transport/fem -Ikernel/transport/ffsl -Ikernel/transport/mol -Ikernel/transport/sl -Ipsy -Isolver -Iinventory -Idiagnostics -Idriver -Idriver/constants -Idriver/iau_multifile_io -Iinitialisation -Iorography -Iphysics -Iconstants -Ivector_space -DLEGACY_MPI -DLEGACY_TIMER -DTIMING_ON -DRDEF_PRECISION=32 -DR_SOLVER_PRECISION=32 -DR_TRAN_PRECISION=32 -DR_BL_PRECISION=32 -DUSE_XIOS -c -o mesh/global_mesh_map_mod.o mesh/global_mesh_map_mod.F90 -I/opt/cray/pe/mpich/8.1.32/ofi/gnu/11.2/include -I/opt/cray/pe/mpich/8.1.32/ofi/gnu/11.2/include
[cc] ftn -I/mnt/lustre/e1000/home/z19/z19/lparisi/nfs-testing/environments/benchmarks/opt/linux-rhel9-zen5/gcc-14.2/pfunit-4.12.0-mmtcyvubeu4pxjj5wnfcyz4lbatpghmw/PFUNIT-4.12/include -I/mnt/lustre/e1000/home/z19/z19/lparisi/nfs-testing/environments/benchmarks/opt/linux-rhel9-zen5/gcc-14.2/shumlib-13.0-s2o3dzmwn456wxjsj6jztzd4c5pdctms/include -I/mnt/lustre/e1000/home/z19/z19/lparisi/nfs-testing/environments/benchmarks/opt/linux-rhel9-zen5/gcc-14.2/yaxt-0.11.3-algx2ie6ibanzuhi6k7szojlr2bcetau/include -I/mnt/lustre/e1000/home/z19/z19/lparisi/nfs-testing/environments/benchmarks/opt/linux-rhel9-zen5/gcc-14.2/fargparse-1.9.0-pxhk5m5qndtahdqscaiz2t2s7bnlajcm/FARGPARSE-1.9/include -I/mnt/lustre/e1000/home/z19/z19/lparisi/nfs-testing/environments/benchmarks/opt/linux-rhel9-zen5/gcc-14.2/gftl-shared-1.10.0-xl3tnp2so4qxp5ranh4shjrz7rch22ro/GFTL_SHARED-1.10/include -ffree-line-length-none -fallow-argument-mismatch -fopenmp -g -Wall -Werror=conversion -Werror=unused-variable -Werror=character-truncation -Werror=unused-value -Werror=tabs -Og -std=f2008 -Jmod -Imod -Ifield -Ioperator -Iscalar -IPSYKE -Iconfiguration -Ifunction_space -Ifunction_space/dofmap -Iio -Ikernel_metadata -Ikey_value -Imesh -Iquadrature -Itime -Iutilities -Ialgorithm -Ialgorithm/solver -Ialgorithm/runtime_constants -Ialgorithm/timestepping -Ialgorithm/transport -Ialgorithm/transport/common -Ialgorithm/transport/control -Ialgorithm/transport/ffsl -Ialgorithm/transport/mol -Ialgorithm/transport/sl -Ialgorithm/initialisation -Ialgorithm/physics -Ialgorithm/core_dynamics -Ialgorithm/diagnostics -Ialgorithm/diffusion -Ialgorithm/interpolation -Ialgorithm/limited_area -Ikernel -Ikernel/algebra -Ikernel/columnwise_operators -Ikernel/fem -Ikernel/geometry -Ikernel/inter_element_order -Ikernel/inter_function_space -Ikernel/inter_mesh -Ikernel/solver -Ikernel/core_dynamics -Ikernel/diagnostics -Ikernel/diffusion -Ikernel/external_forcing -Ikernel/initialisation -Ikernel/limited_area -Ikernel/transport -Ikernel/transport/common -Ikernel/transport/fem -Ikernel/transport/ffsl -Ikernel/transport/mol -Ikernel/transport/sl -Ipsy -Isolver -Iinventory -Idiagnostics -Idriver -Idriver/constants -Idriver/iau_multifile_io -Iinitialisation -Iorography -Iphysics -Iconstants -Ivector_space -DLEGACY_MPI -DLEGACY_TIMER -DTIMING_ON -DRDEF_PRECISION=32 -DR_SOLVER_PRECISION=32 -DR_TRAN_PRECISION=32 -DR_BL_PRECISION=32 -DUSE_XIOS -c -o utilities/lfric_mpi_mod.o utilities/lfric_mpi_mod.F90 -I/opt/cray/pe/mpich/8.1.32/ofi/gnu/11.2/include -I/opt/cray/pe/mpich/8.1.32/ofi/gnu/11.2/include
[cc] ftn -I/mnt/lustre/e1000/home/z19/z19/lparisi/nfs-testing/environments/benchmarks/opt/linux-rhel9-zen5/gcc-14.2/pfunit-4.12.0-mmtcyvubeu4pxjj5wnfcyz4lbatpghmw/PFUNIT-4.12/include -I/mnt/lustre/e1000/home/z19/z19/lparisi/nfs-testing/environments/benchmarks/opt/linux-rhel9-zen5/gcc-14.2/shumlib-13.0-s2o3dzmwn456wxjsj6jztzd4c5pdctms/include -I/mnt/lustre/e1000/home/z19/z19/lparisi/nfs-testing/environments/benchmarks/opt/linux-rhel9-zen5/gcc-14.2/yaxt-0.11.3-algx2ie6ibanzuhi6k7szojlr2bcetau/include -I/mnt/lustre/e1000/home/z19/z19/lparisi/nfs-testing/environments/benchmarks/opt/linux-rhel9-zen5/gcc-14.2/fargparse-1.9.0-pxhk5m5qndtahdqscaiz2t2s7bnlajcm/FARGPARSE-1.9/include -I/mnt/lustre/e1000/home/z19/z19/lparisi/nfs-testing/environments/benchmarks/opt/linux-rhel9-zen5/gcc-14.2/gftl-shared-1.10.0-xl3tnp2so4qxp5ranh4shjrz7rch22ro/GFTL_SHARED-1.10/include -ffree-line-length-none -fallow-argument-mismatch -fopenmp -g -Wall -Werror=conversion -Werror=unused-variable -Werror=character-truncation -Werror=unused-value -Werror=tabs -Og -std=f2008 -Jmod -Imod -Ifield -Ioperator -Iscalar -IPSYKE -Iconfiguration -Ifunction_space -Ifunction_space/dofmap -Iio -Ikernel_metadata -Ikey_value -Imesh -Iquadrature -Itime -Iutilities -Ialgorithm -Ialgorithm/solver -Ialgorithm/runtime_constants -Ialgorithm/timestepping -Ialgorithm/transport -Ialgorithm/transport/common -Ialgorithm/transport/control -Ialgorithm/transport/ffsl -Ialgorithm/transport/mol -Ialgorithm/transport/sl -Ialgorithm/initialisation -Ialgorithm/physics -Ialgorithm/core_dynamics -Ialgorithm/diagnostics -Ialgorithm/diffusion -Ialgorithm/interpolation -Ialgorithm/limited_area -Ikernel -Ikernel/algebra -Ikernel/columnwise_operators -Ikernel/fem -Ikernel/geometry -Ikernel/inter_element_order -Ikernel/inter_function_space -Ikernel/inter_mesh -Ikernel/solver -Ikernel/core_dynamics -Ikernel/diagnostics -Ikernel/diffusion -Ikernel/external_forcing -Ikernel/initialisation -Ikernel/limited_area -Ikernel/transport -Ikernel/transport/common -Ikernel/transport/fem -Ikernel/transport/ffsl -Ikernel/transport/mol -Ikernel/transport/sl -Ipsy -Isolver -Iinventory -Idiagnostics -Idriver -Idriver/constants -Idriver/iau_multifile_io -Iinitialisation -Iorography -Iphysics -Iconstants -Ivector_space -DLEGACY_MPI -DLEGACY_TIMER -DTIMING_ON -DRDEF_PRECISION=32 -DR_SOLVER_PRECISION=32 -DR_TRAN_PRECISION=32 -DR_BL_PRECISION=32 -DUSE_XIOS -c -o utilities/coord_transform_mod.o utilities/coord_transform_mod.F90 -I/opt/cray/pe/mpich/8.1.32/ofi/gnu/11.2/include -I/opt/cray/pe/mpich/8.1.32/ofi/gnu/11.2/include
[cc] ftn -I/mnt/lustre/e1000/home/z19/z19/lparisi/nfs-testing/environments/benchmarks/opt/linux-rhel9-zen5/gcc-14.2/pfunit-4.12.0-mmtcyvubeu4pxjj5wnfcyz4lbatpghmw/PFUNIT-4.12/include -I/mnt/lustre/e1000/home/z19/z19/lparisi/nfs-testing/environments/benchmarks/opt/linux-rhel9-zen5/gcc-14.2/shumlib-13.0-s2o3dzmwn456wxjsj6jztzd4c5pdctms/include -I/mnt/lustre/e1000/home/z19/z19/lparisi/nfs-testing/environments/benchmarks/opt/linux-rhel9-zen5/gcc-14.2/yaxt-0.11.3-algx2ie6ibanzuhi6k7szojlr2bcetau/include -I/mnt/lustre/e1000/home/z19/z19/lparisi/nfs-testing/environments/benchmarks/opt/linux-rhel9-zen5/gcc-14.2/fargparse-1.9.0-pxhk5m5qndtahdqscaiz2t2s7bnlajcm/FARGPARSE-1.9/include -I/mnt/lustre/e1000/home/z19/z19/lparisi/nfs-testing/environments/benchmarks/opt/linux-rhel9-zen5/gcc-14.2/gftl-shared-1.10.0-xl3tnp2so4qxp5ranh4shjrz7rch22ro/GFTL_SHARED-1.10/include -ffree-line-length-none -fallow-argument-mismatch -fopenmp -g -Wall -Werror=conversion -Werror=unused-variable -Werror=character-truncation -Werror=unused-value -Werror=tabs -Og -std=f2008 -Jmod -Imod -Ifield -Ioperator -Iscalar -IPSYKE -Iconfiguration -Ifunction_space -Ifunction_space/dofmap -Iio -Ikernel_metadata -Ikey_value -Imesh -Iquadrature -Itime -Iutilities -Ialgorithm -Ialgorithm/solver -Ialgorithm/runtime_constants -Ialgorithm/timestepping -Ialgorithm/transport -Ialgorithm/transport/common -Ialgorithm/transport/control -Ialgorithm/transport/ffsl -Ialgorithm/transport/mol -Ialgorithm/transport/sl -Ialgorithm/initialisation -Ialgorithm/physics -Ialgorithm/core_dynamics -Ialgorithm/diagnostics -Ialgorithm/diffusion -Ialgorithm/interpolation -Ialgorithm/limited_area -Ikernel -Ikernel/algebra -Ikernel/columnwise_operators -Ikernel/fem -Ikernel/geometry -Ikernel/inter_element_order -Ikernel/inter_function_space -Ikernel/inter_mesh -Ikernel/solver -Ikernel/core_dynamics -Ikernel/diagnostics -Ikernel/diffusion -Ikernel/external_forcing -Ikernel/initialisation -Ikernel/limited_area -Ikernel/transport -Ikernel/transport/common -Ikernel/transport/fem -Ikernel/transport/ffsl -Ikernel/transport/mol -Ikernel/transport/sl -Ipsy -Isolver -Iinventory -Idiagnostics -Idriver -Idriver/constants -Idriver/iau_multifile_io -Iinitialisation -Iorography -Iphysics -Iconstants -Ivector_space -DLEGACY_MPI -DLEGACY_TIMER -DTIMING_ON -DRDEF_PRECISION=32 -DR_SOLVER_PRECISION=32 -DR_TRAN_PRECISION=32 -DR_BL_PRECISION=32 -DUSE_XIOS -c -o function_space/fs_continuity_mod.o function_space/fs_continuity_mod.F90 -I/opt/cray/pe/mpich/8.1.32/ofi/gnu/11.2/include -I/opt/cray/pe/mpich/8.1.32/ofi/gnu/11.2/include
[cc] ftn -I/mnt/lustre/e1000/home/z19/z19/lparisi/nfs-testing/environments/benchmarks/opt/linux-rhel9-zen5/gcc-14.2/pfunit-4.12.0-mmtcyvubeu4pxjj5wnfcyz4lbatpghmw/PFUNIT-4.12/include -I/mnt/lustre/e1000/home/z19/z19/lparisi/nfs-testing/environments/benchmarks/opt/linux-rhel9-zen5/gcc-14.2/shumlib-13.0-s2o3dzmwn456wxjsj6jztzd4c5pdctms/include -I/mnt/lustre/e1000/home/z19/z19/lparisi/nfs-testing/environments/benchmarks/opt/linux-rhel9-zen5/gcc-14.2/yaxt-0.11.3-algx2ie6ibanzuhi6k7szojlr2bcetau/include -I/mnt/lustre/e1000/home/z19/z19/lparisi/nfs-testing/environments/benchmarks/opt/linux-rhel9-zen5/gcc-14.2/fargparse-1.9.0-pxhk5m5qndtahdqscaiz2t2s7bnlajcm/FARGPARSE-1.9/include -I/mnt/lustre/e1000/home/z19/z19/lparisi/nfs-testing/environments/benchmarks/opt/linux-rhel9-zen5/gcc-14.2/gftl-shared-1.10.0-xl3tnp2so4qxp5ranh4shjrz7rch22ro/GFTL_SHARED-1.10/include -ffree-line-length-none -fallow-argument-mismatch -fopenmp -g -Wall -Werror=conversion -Werror=unused-variable -Werror=character-truncation -Werror=unused-value -Werror=tabs -Og -std=f2008 -Jmod -Imod -Ifield -Ioperator -Iscalar -IPSYKE -Iconfiguration -Ifunction_space -Ifunction_space/dofmap -Iio -Ikernel_metadata -Ikey_value -Imesh -Iquadrature -Itime -Iutilities -Ialgorithm -Ialgorithm/solver -Ialgorithm/runtime_constants -Ialgorithm/timestepping -Ialgorithm/transport -Ialgorithm/transport/common -Ialgorithm/transport/control -Ialgorithm/transport/ffsl -Ialgorithm/transport/mol -Ialgorithm/transport/sl -Ialgorithm/initialisation -Ialgorithm/physics -Ialgorithm/core_dynamics -Ialgorithm/diagnostics -Ialgorithm/diffusion -Ialgorithm/interpolation -Ialgorithm/limited_area -Ikernel -Ikernel/algebra -Ikernel/columnwise_operators -Ikernel/fem -Ikernel/geometry -Ikernel/inter_element_order -Ikernel/inter_function_space -Ikernel/inter_mesh -Ikernel/solver -Ikernel/core_dynamics -Ikernel/diagnostics -Ikernel/diffusion -Ikernel/external_forcing -Ikernel/initialisation -Ikernel/limited_area -Ikernel/transport -Ikernel/transport/common -Ikernel/transport/fem -Ikernel/transport/ffsl -Ikernel/transport/mol -Ikernel/transport/sl -Ipsy -Isolver -Iinventory -Idiagnostics -Idriver -Idriver/constants -Idriver/iau_multifile_io -Iinitialisation -Iorography -Iphysics -Iconstants -Ivector_space -c -o io/io_utility_mod.o io/io_utility_mod.f90 -I/opt/cray/pe/mpich/8.1.32/ofi/gnu/11.2/include -I/opt/cray/pe/mpich/8.1.32/ofi/gnu/11.2/include
[cc] ftn -I/mnt/lustre/e1000/home/z19/z19/lparisi/nfs-testing/environments/benchmarks/opt/linux-rhel9-zen5/gcc-14.2/pfunit-4.12.0-mmtcyvubeu4pxjj5wnfcyz4lbatpghmw/PFUNIT-4.12/include -I/mnt/lustre/e1000/home/z19/z19/lparisi/nfs-testing/environments/benchmarks/opt/linux-rhel9-zen5/gcc-14.2/shumlib-13.0-s2o3dzmwn456wxjsj6jztzd4c5pdctms/include -I/mnt/lustre/e1000/home/z19/z19/lparisi/nfs-testing/environments/benchmarks/opt/linux-rhel9-zen5/gcc-14.2/yaxt-0.11.3-algx2ie6ibanzuhi6k7szojlr2bcetau/include -I/mnt/lustre/e1000/home/z19/z19/lparisi/nfs-testing/environments/benchmarks/opt/linux-rhel9-zen5/gcc-14.2/fargparse-1.9.0-pxhk5m5qndtahdqscaiz2t2s7bnlajcm/FARGPARSE-1.9/include -I/mnt/lustre/e1000/home/z19/z19/lparisi/nfs-testing/environments/benchmarks/opt/linux-rhel9-zen5/gcc-14.2/gftl-shared-1.10.0-xl3tnp2so4qxp5ranh4shjrz7rch22ro/GFTL_SHARED-1.10/include -ffree-line-length-none -fallow-argument-mismatch -fopenmp -g -Wall -Werror=conversion -Werror=unused-variable -Werror=character-truncation -Werror=unused-value -Werror=tabs -Og -std=f2008 -Jmod -Imod -Ifield -Ioperator -Iscalar -IPSYKE -Iconfiguration -Ifunction_space -Ifunction_space/dofmap -Iio -Ikernel_metadata -Ikey_value -Imesh -Iquadrature -Itime -Iutilities -Ialgorithm -Ialgorithm/solver -Ialgorithm/runtime_constants -Ialgorithm/timestepping -Ialgorithm/transport -Ialgorithm/transport/common -Ialgorithm/transport/control -Ialgorithm/transport/ffsl -Ialgorithm/transport/mol -Ialgorithm/transport/sl -Ialgorithm/initialisation -Ialgorithm/physics -Ialgorithm/core_dynamics -Ialgorithm/diagnostics -Ialgorithm/diffusion -Ialgorithm/interpolation -Ialgorithm/limited_area -Ikernel -Ikernel/algebra -Ikernel/columnwise_operators -Ikernel/fem -Ikernel/geometry -Ikernel/inter_element_order -Ikernel/inter_function_space -Ikernel/inter_mesh -Ikernel/solver -Ikernel/core_dynamics -Ikernel/diagnostics -Ikernel/diffusion -Ikernel/external_forcing -Ikernel/initialisation -Ikernel/limited_area -Ikernel/transport -Ikernel/transport/common -Ikernel/transport/fem -Ikernel/transport/ffsl -Ikernel/transport/mol -Ikernel/transport/sl -Ipsy -Isolver -Iinventory -Idiagnostics -Idriver -Idriver/constants -Idriver/iau_multifile_io -Iinitialisation -Iorography -Iphysics -Iconstants -Ivector_space -c -o key_value/key_value_mod.o key_value/key_value_mod.f90 -I/opt/cray/pe/mpich/8.1.32/ofi/gnu/11.2/include -I/opt/cray/pe/mpich/8.1.32/ofi/gnu/11.2/include
[cc] ftn -I/mnt/lustre/e1000/home/z19/z19/lparisi/nfs-testing/environments/benchmarks/opt/linux-rhel9-zen5/gcc-14.2/pfunit-4.12.0-mmtcyvubeu4pxjj5wnfcyz4lbatpghmw/PFUNIT-4.12/include -I/mnt/lustre/e1000/home/z19/z19/lparisi/nfs-testing/environments/benchmarks/opt/linux-rhel9-zen5/gcc-14.2/shumlib-13.0-s2o3dzmwn456wxjsj6jztzd4c5pdctms/include -I/mnt/lustre/e1000/home/z19/z19/lparisi/nfs-testing/environments/benchmarks/opt/linux-rhel9-zen5/gcc-14.2/yaxt-0.11.3-algx2ie6ibanzuhi6k7szojlr2bcetau/include -I/mnt/lustre/e1000/home/z19/z19/lparisi/nfs-testing/environments/benchmarks/opt/linux-rhel9-zen5/gcc-14.2/fargparse-1.9.0-pxhk5m5qndtahdqscaiz2t2s7bnlajcm/FARGPARSE-1.9/include -I/mnt/lustre/e1000/home/z19/z19/lparisi/nfs-testing/environments/benchmarks/opt/linux-rhel9-zen5/gcc-14.2/gftl-shared-1.10.0-xl3tnp2so4qxp5ranh4shjrz7rch22ro/GFTL_SHARED-1.10/include -ffree-line-length-none -fallow-argument-mismatch -fopenmp -g -Wall -Werror=conversion -Werror=unused-variable -Werror=character-truncation -Werror=unused-value -Werror=tabs -Og -std=f2008 -Jmod -Imod -Ifield -Ioperator -Iscalar -IPSYKE -Iconfiguration -Ifunction_space -Ifunction_space/dofmap -Iio -Ikernel_metadata -Ikey_value -Imesh -Iquadrature -Itime -Iutilities -Ialgorithm -Ialgorithm/solver -Ialgorithm/runtime_constants -Ialgorithm/timestepping -Ialgorithm/transport -Ialgorithm/transport/common -Ialgorithm/transport/control -Ialgorithm/transport/ffsl -Ialgorithm/transport/mol -Ialgorithm/transport/sl -Ialgorithm/initialisation -Ialgorithm/physics -Ialgorithm/core_dynamics -Ialgorithm/diagnostics -Ialgorithm/diffusion -Ialgorithm/interpolation -Ialgorithm/limited_area -Ikernel -Ikernel/algebra -Ikernel/columnwise_operators -Ikernel/fem -Ikernel/geometry -Ikernel/inter_element_order -Ikernel/inter_function_space -Ikernel/inter_mesh -Ikernel/solver -Ikernel/core_dynamics -Ikernel/diagnostics -Ikernel/diffusion -Ikernel/external_forcing -Ikernel/initialisation -Ikernel/limited_area -Ikernel/transport -Ikernel/transport/common -Ikernel/transport/fem -Ikernel/transport/ffsl -Ikernel/transport/mol -Ikernel/transport/sl -Ipsy -Isolver -Iinventory -Idiagnostics -Idriver -Idriver/constants -Idriver/iau_multifile_io -Iinitialisation -Iorography -Iphysics -Iconstants -Ivector_space -DLEGACY_MPI -DLEGACY_TIMER -DTIMING_ON -DRDEF_PRECISION=32 -DR_SOLVER_PRECISION=32 -DR_TRAN_PRECISION=32 -DR_BL_PRECISION=32 -DUSE_XIOS -c -o mesh/mesh_map_mod.o mesh/mesh_map_mod.F90 -I/opt/cray/pe/mpich/8.1.32/ofi/gnu/11.2/include -I/opt/cray/pe/mpich/8.1.32/ofi/gnu/11.2/include
[cc] ftn -I/mnt/lustre/e1000/home/z19/z19/lparisi/nfs-testing/environments/benchmarks/opt/linux-rhel9-zen5/gcc-14.2/pfunit-4.12.0-mmtcyvubeu4pxjj5wnfcyz4lbatpghmw/PFUNIT-4.12/include -I/mnt/lustre/e1000/home/z19/z19/lparisi/nfs-testing/environments/benchmarks/opt/linux-rhel9-zen5/gcc-14.2/shumlib-13.0-s2o3dzmwn456wxjsj6jztzd4c5pdctms/include -I/mnt/lustre/e1000/home/z19/z19/lparisi/nfs-testing/environments/benchmarks/opt/linux-rhel9-zen5/gcc-14.2/yaxt-0.11.3-algx2ie6ibanzuhi6k7szojlr2bcetau/include -I/mnt/lustre/e1000/home/z19/z19/lparisi/nfs-testing/environments/benchmarks/opt/linux-rhel9-zen5/gcc-14.2/fargparse-1.9.0-pxhk5m5qndtahdqscaiz2t2s7bnlajcm/FARGPARSE-1.9/include -I/mnt/lustre/e1000/home/z19/z19/lparisi/nfs-testing/environments/benchmarks/opt/linux-rhel9-zen5/gcc-14.2/gftl-shared-1.10.0-xl3tnp2so4qxp5ranh4shjrz7rch22ro/GFTL_SHARED-1.10/include -ffree-line-length-none -fallow-argument-mismatch -fopenmp -g -Wall -Werror=conversion -Werror=unused-variable -Werror=character-truncation -Werror=unused-value -Werror=tabs -Og -std=f2008 -Jmod -Imod -Ifield -Ioperator -Iscalar -IPSYKE -Iconfiguration -Ifunction_space -Ifunction_space/dofmap -Iio -Ikernel_metadata -Ikey_value -Imesh -Iquadrature -Itime -Iutilities -Ialgorithm -Ialgorithm/solver -Ialgorithm/runtime_constants -Ialgorithm/timestepping -Ialgorithm/transport -Ialgorithm/transport/common -Ialgorithm/transport/control -Ialgorithm/transport/ffsl -Ialgorithm/transport/mol -Ialgorithm/transport/sl -Ialgorithm/initialisation -Ialgorithm/physics -Ialgorithm/core_dynamics -Ialgorithm/diagnostics -Ialgorithm/diffusion -Ialgorithm/interpolation -Ialgorithm/limited_area -Ikernel -Ikernel/algebra -Ikernel/columnwise_operators -Ikernel/fem -Ikernel/geometry -Ikernel/inter_element_order -Ikernel/inter_function_space -Ikernel/inter_mesh -Ikernel/solver -Ikernel/core_dynamics -Ikernel/diagnostics -Ikernel/diffusion -Ikernel/external_forcing -Ikernel/initialisation -Ikernel/limited_area -Ikernel/transport -Ikernel/transport/common -Ikernel/transport/fem -Ikernel/transport/ffsl -Ikernel/transport/mol -Ikernel/transport/sl -Ipsy -Isolver -Iinventory -Idiagnostics -Idriver -Idriver/constants -Idriver/iau_multifile_io -Iinitialisation -Iorography -Iphysics -Iconstants -Ivector_space -c -o time/event_actor_mod.o time/event_actor_mod.f90 -I/opt/cray/pe/mpich/8.1.32/ofi/gnu/11.2/include -I/opt/cray/pe/mpich/8.1.32/ofi/gnu/11.2/include
[cc] ftn -I/mnt/lustre/e1000/home/z19/z19/lparisi/nfs-testing/environments/benchmarks/opt/linux-rhel9-zen5/gcc-14.2/pfunit-4.12.0-mmtcyvubeu4pxjj5wnfcyz4lbatpghmw/PFUNIT-4.12/include -I/mnt/lustre/e1000/home/z19/z19/lparisi/nfs-testing/environments/benchmarks/opt/linux-rhel9-zen5/gcc-14.2/shumlib-13.0-s2o3dzmwn456wxjsj6jztzd4c5pdctms/include -I/mnt/lustre/e1000/home/z19/z19/lparisi/nfs-testing/environments/benchmarks/opt/linux-rhel9-zen5/gcc-14.2/yaxt-0.11.3-algx2ie6ibanzuhi6k7szojlr2bcetau/include -I/mnt/lustre/e1000/home/z19/z19/lparisi/nfs-testing/environments/benchmarks/opt/linux-rhel9-zen5/gcc-14.2/fargparse-1.9.0-pxhk5m5qndtahdqscaiz2t2s7bnlajcm/FARGPARSE-1.9/include -I/mnt/lustre/e1000/home/z19/z19/lparisi/nfs-testing/environments/benchmarks/opt/linux-rhel9-zen5/gcc-14.2/gftl-shared-1.10.0-xl3tnp2so4qxp5ranh4shjrz7rch22ro/GFTL_SHARED-1.10/include -ffree-line-length-none -fallow-argument-mismatch -fopenmp -g -Wall -Werror=conversion -Werror=unused-variable -Werror=character-truncation -Werror=unused-value -Werror=tabs -Og -std=f2008 -Jmod -Imod -Ifield -Ioperator -Iscalar -IPSYKE -Iconfiguration -Ifunction_space -Ifunction_space/dofmap -Iio -Ikernel_metadata -Ikey_value -Imesh -Iquadrature -Itime -Iutilities -Ialgorithm -Ialgorithm/solver -Ialgorithm/runtime_constants -Ialgorithm/timestepping -Ialgorithm/transport -Ialgorithm/transport/common -Ialgorithm/transport/control -Ialgorithm/transport/ffsl -Ialgorithm/transport/mol -Ialgorithm/transport/sl -Ialgorithm/initialisation -Ialgorithm/physics -Ialgorithm/core_dynamics -Ialgorithm/diagnostics -Ialgorithm/diffusion -Ialgorithm/interpolation -Ialgorithm/limited_area -Ikernel -Ikernel/algebra -Ikernel/columnwise_operators -Ikernel/fem -Ikernel/geometry -Ikernel/inter_element_order -Ikernel/inter_function_space -Ikernel/inter_mesh -Ikernel/solver -Ikernel/core_dynamics -Ikernel/diagnostics -Ikernel/diffusion -Ikernel/external_forcing -Ikernel/initialisation -Ikernel/limited_area -Ikernel/transport -Ikernel/transport/common -Ikernel/transport/fem -Ikernel/transport/ffsl -Ikernel/transport/mol -Ikernel/transport/sl -Ipsy -Isolver -Iinventory -Idiagnostics -Idriver -Idriver/constants -Idriver/iau_multifile_io -Iinitialisation -Iorography -Iphysics -Iconstants -Ivector_space -DLEGACY_MPI -DLEGACY_TIMER -DTIMING_ON -DRDEF_PRECISION=32 -DR_SOLVER_PRECISION=32 -DR_TRAN_PRECISION=32 -DR_BL_PRECISION=32 -DUSE_XIOS -c -o io/lfric_ncdf_file_mod.o io/lfric_ncdf_file_mod.F90 -I/opt/cray/pe/mpich/8.1.32/ofi/gnu/11.2/include -I/opt/cray/pe/mpich/8.1.32/ofi/gnu/11.2/include
[cc] ftn -I/mnt/lustre/e1000/home/z19/z19/lparisi/nfs-testing/environments/benchmarks/opt/linux-rhel9-zen5/gcc-14.2/pfunit-4.12.0-mmtcyvubeu4pxjj5wnfcyz4lbatpghmw/PFUNIT-4.12/include -I/mnt/lustre/e1000/home/z19/z19/lparisi/nfs-testing/environments/benchmarks/opt/linux-rhel9-zen5/gcc-14.2/shumlib-13.0-s2o3dzmwn456wxjsj6jztzd4c5pdctms/include -I/mnt/lustre/e1000/home/z19/z19/lparisi/nfs-testing/environments/benchmarks/opt/linux-rhel9-zen5/gcc-14.2/yaxt-0.11.3-algx2ie6ibanzuhi6k7szojlr2bcetau/include -I/mnt/lustre/e1000/home/z19/z19/lparisi/nfs-testing/environments/benchmarks/opt/linux-rhel9-zen5/gcc-14.2/fargparse-1.9.0-pxhk5m5qndtahdqscaiz2t2s7bnlajcm/FARGPARSE-1.9/include -I/mnt/lustre/e1000/home/z19/z19/lparisi/nfs-testing/environments/benchmarks/opt/linux-rhel9-zen5/gcc-14.2/gftl-shared-1.10.0-xl3tnp2so4qxp5ranh4shjrz7rch22ro/GFTL_SHARED-1.10/include -ffree-line-length-none -fallow-argument-mismatch -fopenmp -g -Wall -Werror=conversion -Werror=unused-variable -Werror=character-truncation -Werror=unused-value -Werror=tabs -Og -std=f2008 -Jmod -Imod -Ifield -Ioperator -Iscalar -IPSYKE -Iconfiguration -Ifunction_space -Ifunction_space/dofmap -Iio -Ikernel_metadata -Ikey_value -Imesh -Iquadrature -Itime -Iutilities -Ialgorithm -Ialgorithm/solver -Ialgorithm/runtime_constants -Ialgorithm/timestepping -Ialgorithm/transport -Ialgorithm/transport/common -Ialgorithm/transport/control -Ialgorithm/transport/ffsl -Ialgorithm/transport/mol -Ialgorithm/transport/sl -Ialgorithm/initialisation -Ialgorithm/physics -Ialgorithm/core_dynamics -Ialgorithm/diagnostics -Ialgorithm/diffusion -Ialgorithm/interpolation -Ialgorithm/limited_area -Ikernel -Ikernel/algebra -Ikernel/columnwise_operators -Ikernel/fem -Ikernel/geometry -Ikernel/inter_element_order -Ikernel/inter_function_space -Ikernel/inter_mesh -Ikernel/solver -Ikernel/core_dynamics -Ikernel/diagnostics -Ikernel/diffusion -Ikernel/external_forcing -Ikernel/initialisation -Ikernel/limited_area -Ikernel/transport -Ikernel/transport/common -Ikernel/transport/fem -Ikernel/transport/ffsl -Ikernel/transport/mol -Ikernel/transport/sl -Ipsy -Isolver -Iinventory -Idiagnostics -Idriver -Idriver/constants -Idriver/iau_multifile_io -Iinitialisation -Iorography -Iphysics -Iconstants -Ivector_space -c -o time/step_calendar_mod.o time/step_calendar_mod.f90 -I/opt/cray/pe/mpich/8.1.32/ofi/gnu/11.2/include -I/opt/cray/pe/mpich/8.1.32/ofi/gnu/11.2/include
[cc] ftn -I/mnt/lustre/e1000/home/z19/z19/lparisi/nfs-testing/environments/benchmarks/opt/linux-rhel9-zen5/gcc-14.2/pfunit-4.12.0-mmtcyvubeu4pxjj5wnfcyz4lbatpghmw/PFUNIT-4.12/include -I/mnt/lustre/e1000/home/z19/z19/lparisi/nfs-testing/environments/benchmarks/opt/linux-rhel9-zen5/gcc-14.2/shumlib-13.0-s2o3dzmwn456wxjsj6jztzd4c5pdctms/include -I/mnt/lustre/e1000/home/z19/z19/lparisi/nfs-testing/environments/benchmarks/opt/linux-rhel9-zen5/gcc-14.2/yaxt-0.11.3-algx2ie6ibanzuhi6k7szojlr2bcetau/include -I/mnt/lustre/e1000/home/z19/z19/lparisi/nfs-testing/environments/benchmarks/opt/linux-rhel9-zen5/gcc-14.2/fargparse-1.9.0-pxhk5m5qndtahdqscaiz2t2s7bnlajcm/FARGPARSE-1.9/include -I/mnt/lustre/e1000/home/z19/z19/lparisi/nfs-testing/environments/benchmarks/opt/linux-rhel9-zen5/gcc-14.2/gftl-shared-1.10.0-xl3tnp2so4qxp5ranh4shjrz7rch22ro/GFTL_SHARED-1.10/include -ffree-line-length-none -fallow-argument-mismatch -fopenmp -g -Wall -Werror=conversion -Werror=unused-variable -Werror=character-truncation -Werror=unused-value -Werror=tabs -Og -std=f2008 -Jmod -Imod -Ifield -Ioperator -Iscalar -IPSYKE -Iconfiguration -Ifunction_space -Ifunction_space/dofmap -Iio -Ikernel_metadata -Ikey_value -Imesh -Iquadrature -Itime -Iutilities -Ialgorithm -Ialgorithm/solver -Ialgorithm/runtime_constants -Ialgorithm/timestepping -Ialgorithm/transport -Ialgorithm/transport/common -Ialgorithm/transport/control -Ialgorithm/transport/ffsl -Ialgorithm/transport/mol -Ialgorithm/transport/sl -Ialgorithm/initialisation -Ialgorithm/physics -Ialgorithm/core_dynamics -Ialgorithm/diagnostics -Ialgorithm/diffusion -Ialgorithm/interpolation -Ialgorithm/limited_area -Ikernel -Ikernel/algebra -Ikernel/columnwise_operators -Ikernel/fem -Ikernel/geometry -Ikernel/inter_element_order -Ikernel/inter_function_space -Ikernel/inter_mesh -Ikernel/solver -Ikernel/core_dynamics -Ikernel/diagnostics -Ikernel/diffusion -Ikernel/external_forcing -Ikernel/initialisation -Ikernel/limited_area -Ikernel/transport -Ikernel/transport/common -Ikernel/transport/fem -Ikernel/transport/ffsl -Ikernel/transport/mol -Ikernel/transport/sl -Ipsy -Isolver -Iinventory -Idiagnostics -Idriver -Idriver/constants -Idriver/iau_multifile_io -Iinitialisation -Iorography -Iphysics -Iconstants -Ivector_space -c -o lfric_xios_mock_mod.o lfric_xios_mock_mod.f90 -I/opt/cray/pe/mpich/8.1.32/ofi/gnu/11.2/include -I/opt/cray/pe/mpich/8.1.32/ofi/gnu/11.2/include
[cc] ftn -I/mnt/lustre/e1000/home/z19/z19/lparisi/nfs-testing/environments/benchmarks/opt/linux-rhel9-zen5/gcc-14.2/pfunit-4.12.0-mmtcyvubeu4pxjj5wnfcyz4lbatpghmw/PFUNIT-4.12/include -I/mnt/lustre/e1000/home/z19/z19/lparisi/nfs-testing/environments/benchmarks/opt/linux-rhel9-zen5/gcc-14.2/shumlib-13.0-s2o3dzmwn456wxjsj6jztzd4c5pdctms/include -I/mnt/lustre/e1000/home/z19/z19/lparisi/nfs-testing/environments/benchmarks/opt/linux-rhel9-zen5/gcc-14.2/yaxt-0.11.3-algx2ie6ibanzuhi6k7szojlr2bcetau/include -I/mnt/lustre/e1000/home/z19/z19/lparisi/nfs-testing/environments/benchmarks/opt/linux-rhel9-zen5/gcc-14.2/fargparse-1.9.0-pxhk5m5qndtahdqscaiz2t2s7bnlajcm/FARGPARSE-1.9/include -I/mnt/lustre/e1000/home/z19/z19/lparisi/nfs-testing/environments/benchmarks/opt/linux-rhel9-zen5/gcc-14.2/gftl-shared-1.10.0-xl3tnp2so4qxp5ranh4shjrz7rch22ro/GFTL_SHARED-1.10/include -ffree-line-length-none -fallow-argument-mismatch -fopenmp -g -Wall -Werror=conversion -Werror=unused-variable -Werror=character-truncation -Werror=unused-value -Werror=tabs -Og -std=f2008 -Jmod -Imod -Ifield -Ioperator -Iscalar -IPSYKE -Iconfiguration -Ifunction_space -Ifunction_space/dofmap -Iio -Ikernel_metadata -Ikey_value -Imesh -Iquadrature -Itime -Iutilities -Ialgorithm -Ialgorithm/solver -Ialgorithm/runtime_constants -Ialgorithm/timestepping -Ialgorithm/transport -Ialgorithm/transport/common -Ialgorithm/transport/control -Ialgorithm/transport/ffsl -Ialgorithm/transport/mol -Ialgorithm/transport/sl -Ialgorithm/initialisation -Ialgorithm/physics -Ialgorithm/core_dynamics -Ialgorithm/diagnostics -Ialgorithm/diffusion -Ialgorithm/interpolation -Ialgorithm/limited_area -Ikernel -Ikernel/algebra -Ikernel/columnwise_operators -Ikernel/fem -Ikernel/geometry -Ikernel/inter_element_order -Ikernel/inter_function_space -Ikernel/inter_mesh -Ikernel/solver -Ikernel/core_dynamics -Ikernel/diagnostics -Ikernel/diffusion -Ikernel/external_forcing -Ikernel/initialisation -Ikernel/limited_area -Ikernel/transport -Ikernel/transport/common -Ikernel/transport/fem -Ikernel/transport/ffsl -Ikernel/transport/mol -Ikernel/transport/sl -Ipsy -Isolver -Iinventory -Idiagnostics -Idriver -Idriver/constants -Idriver/iau_multifile_io -Iinitialisation -Iorography -Iphysics -Iconstants -Ivector_space -DLEGACY_MPI -DLEGACY_TIMER -DTIMING_ON -DRDEF_PRECISION=32 -DR_SOLVER_PRECISION=32 -DR_TRAN_PRECISION=32 -DR_BL_PRECISION=32 -DUSE_XIOS -c -o inventory/id_integer_pair_mod.o inventory/id_integer_pair_mod.F90 -I/opt/cray/pe/mpich/8.1.32/ofi/gnu/11.2/include -I/opt/cray/pe/mpich/8.1.32/ofi/gnu/11.2/include
[cc] ftn -I/mnt/lustre/e1000/home/z19/z19/lparisi/nfs-testing/environments/benchmarks/opt/linux-rhel9-zen5/gcc-14.2/pfunit-4.12.0-mmtcyvubeu4pxjj5wnfcyz4lbatpghmw/PFUNIT-4.12/include -I/mnt/lustre/e1000/home/z19/z19/lparisi/nfs-testing/environments/benchmarks/opt/linux-rhel9-zen5/gcc-14.2/shumlib-13.0-s2o3dzmwn456wxjsj6jztzd4c5pdctms/include -I/mnt/lustre/e1000/home/z19/z19/lparisi/nfs-testing/environments/benchmarks/opt/linux-rhel9-zen5/gcc-14.2/yaxt-0.11.3-algx2ie6ibanzuhi6k7szojlr2bcetau/include -I/mnt/lustre/e1000/home/z19/z19/lparisi/nfs-testing/environments/benchmarks/opt/linux-rhel9-zen5/gcc-14.2/fargparse-1.9.0-pxhk5m5qndtahdqscaiz2t2s7bnlajcm/FARGPARSE-1.9/include -I/mnt/lustre/e1000/home/z19/z19/lparisi/nfs-testing/environments/benchmarks/opt/linux-rhel9-zen5/gcc-14.2/gftl-shared-1.10.0-xl3tnp2so4qxp5ranh4shjrz7rch22ro/GFTL_SHARED-1.10/include -ffree-line-length-none -fallow-argument-mismatch -fopenmp -g -Wall -Werror=conversion -Werror=unused-variable -Werror=character-truncation -Werror=unused-value -Werror=tabs -Og -std=f2008 -Jmod -Imod -Ifield -Ioperator -Iscalar -IPSYKE -Iconfiguration -Ifunction_space -Ifunction_space/dofmap -Iio -Ikernel_metadata -Ikey_value -Imesh -Iquadrature -Itime -Iutilities -Ialgorithm -Ialgorithm/solver -Ialgorithm/runtime_constants -Ialgorithm/timestepping -Ialgorithm/transport -Ialgorithm/transport/common -Ialgorithm/transport/control -Ialgorithm/transport/ffsl -Ialgorithm/transport/mol -Ialgorithm/transport/sl -Ialgorithm/initialisation -Ialgorithm/physics -Ialgorithm/core_dynamics -Ialgorithm/diagnostics -Ialgorithm/diffusion -Ialgorithm/interpolation -Ialgorithm/limited_area -Ikernel -Ikernel/algebra -Ikernel/columnwise_operators -Ikernel/fem -Ikernel/geometry -Ikernel/inter_element_order -Ikernel/inter_function_space -Ikernel/inter_mesh -Ikernel/solver -Ikernel/core_dynamics -Ikernel/diagnostics -Ikernel/diffusion -Ikernel/external_forcing -Ikernel/initialisation -Ikernel/limited_area -Ikernel/transport -Ikernel/transport/common -Ikernel/transport/fem -Ikernel/transport/ffsl -Ikernel/transport/mol -Ikernel/transport/sl -Ipsy -Isolver -Iinventory -Idiagnostics -Idriver -Idriver/constants -Idriver/iau_multifile_io -Iinitialisation -Iorography -Iphysics -Iconstants -Ivector_space -DLEGACY_MPI -DLEGACY_TIMER -DTIMING_ON -DRDEF_PRECISION=32 -DR_SOLVER_PRECISION=32 -DR_TRAN_PRECISION=32 -DR_BL_PRECISION=32 -DUSE_XIOS -c -o inventory/id_integer_array_pair_mod.o inventory/id_integer_array_pair_mod.F90 -I/opt/cray/pe/mpich/8.1.32/ofi/gnu/11.2/include -I/opt/cray/pe/mpich/8.1.32/ofi/gnu/11.2/include
[cc] ftn -I/mnt/lustre/e1000/home/z19/z19/lparisi/nfs-testing/environments/benchmarks/opt/linux-rhel9-zen5/gcc-14.2/pfunit-4.12.0-mmtcyvubeu4pxjj5wnfcyz4lbatpghmw/PFUNIT-4.12/include -I/mnt/lustre/e1000/home/z19/z19/lparisi/nfs-testing/environments/benchmarks/opt/linux-rhel9-zen5/gcc-14.2/shumlib-13.0-s2o3dzmwn456wxjsj6jztzd4c5pdctms/include -I/mnt/lustre/e1000/home/z19/z19/lparisi/nfs-testing/environments/benchmarks/opt/linux-rhel9-zen5/gcc-14.2/yaxt-0.11.3-algx2ie6ibanzuhi6k7szojlr2bcetau/include -I/mnt/lustre/e1000/home/z19/z19/lparisi/nfs-testing/environments/benchmarks/opt/linux-rhel9-zen5/gcc-14.2/fargparse-1.9.0-pxhk5m5qndtahdqscaiz2t2s7bnlajcm/FARGPARSE-1.9/include -I/mnt/lustre/e1000/home/z19/z19/lparisi/nfs-testing/environments/benchmarks/opt/linux-rhel9-zen5/gcc-14.2/gftl-shared-1.10.0-xl3tnp2so4qxp5ranh4shjrz7rch22ro/GFTL_SHARED-1.10/include -ffree-line-length-none -fallow-argument-mismatch -fopenmp -g -Wall -Werror=conversion -Werror=unused-variable -Werror=character-truncation -Werror=unused-value -Werror=tabs -Og -std=f2008 -Jmod -Imod -Ifield -Ioperator -Iscalar -IPSYKE -Iconfiguration -Ifunction_space -Ifunction_space/dofmap -Iio -Ikernel_metadata -Ikey_value -Imesh -Iquadrature -Itime -Iutilities -Ialgorithm -Ialgorithm/solver -Ialgorithm/runtime_constants -Ialgorithm/timestepping -Ialgorithm/transport -Ialgorithm/transport/common -Ialgorithm/transport/control -Ialgorithm/transport/ffsl -Ialgorithm/transport/mol -Ialgorithm/transport/sl -Ialgorithm/initialisation -Ialgorithm/physics -Ialgorithm/core_dynamics -Ialgorithm/diagnostics -Ialgorithm/diffusion -Ialgorithm/interpolation -Ialgorithm/limited_area -Ikernel -Ikernel/algebra -Ikernel/columnwise_operators -Ikernel/fem -Ikernel/geometry -Ikernel/inter_element_order -Ikernel/inter_function_space -Ikernel/inter_mesh -Ikernel/solver -Ikernel/core_dynamics -Ikernel/diagnostics -Ikernel/diffusion -Ikernel/external_forcing -Ikernel/initialisation -Ikernel/limited_area -Ikernel/transport -Ikernel/transport/common -Ikernel/transport/fem -Ikernel/transport/ffsl -Ikernel/transport/mol -Ikernel/transport/sl -Ipsy -Isolver -Iinventory -Idiagnostics -Idriver -Idriver/constants -Idriver/iau_multifile_io -Iinitialisation -Iorography -Iphysics -Iconstants -Ivector_space -DLEGACY_MPI -DLEGACY_TIMER -DTIMING_ON -DRDEF_PRECISION=32 -DR_SOLVER_PRECISION=32 -DR_TRAN_PRECISION=32 -DR_BL_PRECISION=32 -DUSE_XIOS -c -o inventory/id_real32_pair_mod.o inventory/id_real32_pair_mod.F90 -I/opt/cray/pe/mpich/8.1.32/ofi/gnu/11.2/include -I/opt/cray/pe/mpich/8.1.32/ofi/gnu/11.2/include
[cc] ftn -I/mnt/lustre/e1000/home/z19/z19/lparisi/nfs-testing/environments/benchmarks/opt/linux-rhel9-zen5/gcc-14.2/pfunit-4.12.0-mmtcyvubeu4pxjj5wnfcyz4lbatpghmw/PFUNIT-4.12/include -I/mnt/lustre/e1000/home/z19/z19/lparisi/nfs-testing/environments/benchmarks/opt/linux-rhel9-zen5/gcc-14.2/shumlib-13.0-s2o3dzmwn456wxjsj6jztzd4c5pdctms/include -I/mnt/lustre/e1000/home/z19/z19/lparisi/nfs-testing/environments/benchmarks/opt/linux-rhel9-zen5/gcc-14.2/yaxt-0.11.3-algx2ie6ibanzuhi6k7szojlr2bcetau/include -I/mnt/lustre/e1000/home/z19/z19/lparisi/nfs-testing/environments/benchmarks/opt/linux-rhel9-zen5/gcc-14.2/fargparse-1.9.0-pxhk5m5qndtahdqscaiz2t2s7bnlajcm/FARGPARSE-1.9/include -I/mnt/lustre/e1000/home/z19/z19/lparisi/nfs-testing/environments/benchmarks/opt/linux-rhel9-zen5/gcc-14.2/gftl-shared-1.10.0-xl3tnp2so4qxp5ranh4shjrz7rch22ro/GFTL_SHARED-1.10/include -ffree-line-length-none -fallow-argument-mismatch -fopenmp -g -Wall -Werror=conversion -Werror=unused-variable -Werror=character-truncation -Werror=unused-value -Werror=tabs -Og -std=f2008 -Jmod -Imod -Ifield -Ioperator -Iscalar -IPSYKE -Iconfiguration -Ifunction_space -Ifunction_space/dofmap -Iio -Ikernel_metadata -Ikey_value -Imesh -Iquadrature -Itime -Iutilities -Ialgorithm -Ialgorithm/solver -Ialgorithm/runtime_constants -Ialgorithm/timestepping -Ialgorithm/transport -Ialgorithm/transport/common -Ialgorithm/transport/control -Ialgorithm/transport/ffsl -Ialgorithm/transport/mol -Ialgorithm/transport/sl -Ialgorithm/initialisation -Ialgorithm/physics -Ialgorithm/core_dynamics -Ialgorithm/diagnostics -Ialgorithm/diffusion -Ialgorithm/interpolation -Ialgorithm/limited_area -Ikernel -Ikernel/algebra -Ikernel/columnwise_operators -Ikernel/fem -Ikernel/geometry -Ikernel/inter_element_order -Ikernel/inter_function_space -Ikernel/inter_mesh -Ikernel/solver -Ikernel/core_dynamics -Ikernel/diagnostics -Ikernel/diffusion -Ikernel/external_forcing -Ikernel/initialisation -Ikernel/limited_area -Ikernel/transport -Ikernel/transport/common -Ikernel/transport/fem -Ikernel/transport/ffsl -Ikernel/transport/mol -Ikernel/transport/sl -Ipsy -Isolver -Iinventory -Idiagnostics -Idriver -Idriver/constants -Idriver/iau_multifile_io -Iinitialisation -Iorography -Iphysics -Iconstants -Ivector_space -DLEGACY_MPI -DLEGACY_TIMER -DTIMING_ON -DRDEF_PRECISION=32 -DR_SOLVER_PRECISION=32 -DR_TRAN_PRECISION=32 -DR_BL_PRECISION=32 -DUSE_XIOS -c -o inventory/id_real64_pair_mod.o inventory/id_real64_pair_mod.F90 -I/opt/cray/pe/mpich/8.1.32/ofi/gnu/11.2/include -I/opt/cray/pe/mpich/8.1.32/ofi/gnu/11.2/include
[cc] ftn -I/mnt/lustre/e1000/home/z19/z19/lparisi/nfs-testing/environments/benchmarks/opt/linux-rhel9-zen5/gcc-14.2/pfunit-4.12.0-mmtcyvubeu4pxjj5wnfcyz4lbatpghmw/PFUNIT-4.12/include -I/mnt/lustre/e1000/home/z19/z19/lparisi/nfs-testing/environments/benchmarks/opt/linux-rhel9-zen5/gcc-14.2/shumlib-13.0-s2o3dzmwn456wxjsj6jztzd4c5pdctms/include -I/mnt/lustre/e1000/home/z19/z19/lparisi/nfs-testing/environments/benchmarks/opt/linux-rhel9-zen5/gcc-14.2/yaxt-0.11.3-algx2ie6ibanzuhi6k7szojlr2bcetau/include -I/mnt/lustre/e1000/home/z19/z19/lparisi/nfs-testing/environments/benchmarks/opt/linux-rhel9-zen5/gcc-14.2/fargparse-1.9.0-pxhk5m5qndtahdqscaiz2t2s7bnlajcm/FARGPARSE-1.9/include -I/mnt/lustre/e1000/home/z19/z19/lparisi/nfs-testing/environments/benchmarks/opt/linux-rhel9-zen5/gcc-14.2/gftl-shared-1.10.0-xl3tnp2so4qxp5ranh4shjrz7rch22ro/GFTL_SHARED-1.10/include -ffree-line-length-none -fallow-argument-mismatch -fopenmp -g -Wall -Werror=conversion -Werror=unused-variable -Werror=character-truncation -Werror=unused-value -Werror=tabs -Og -std=f2008 -Jmod -Imod -Ifield -Ioperator -Iscalar -IPSYKE -Iconfiguration -Ifunction_space -Ifunction_space/dofmap -Iio -Ikernel_metadata -Ikey_value -Imesh -Iquadrature -Itime -Iutilities -Ialgorithm -Ialgorithm/solver -Ialgorithm/runtime_constants -Ialgorithm/timestepping -Ialgorithm/transport -Ialgorithm/transport/common -Ialgorithm/transport/control -Ialgorithm/transport/ffsl -Ialgorithm/transport/mol -Ialgorithm/transport/sl -Ialgorithm/initialisation -Ialgorithm/physics -Ialgorithm/core_dynamics -Ialgorithm/diagnostics -Ialgorithm/diffusion -Ialgorithm/interpolation -Ialgorithm/limited_area -Ikernel -Ikernel/algebra -Ikernel/columnwise_operators -Ikernel/fem -Ikernel/geometry -Ikernel/inter_element_order -Ikernel/inter_function_space -Ikernel/inter_mesh -Ikernel/solver -Ikernel/core_dynamics -Ikernel/diagnostics -Ikernel/diffusion -Ikernel/external_forcing -Ikernel/initialisation -Ikernel/limited_area -Ikernel/transport -Ikernel/transport/common -Ikernel/transport/fem -Ikernel/transport/ffsl -Ikernel/transport/mol -Ikernel/transport/sl -Ipsy -Isolver -Iinventory -Idiagnostics -Idriver -Idriver/constants -Idriver/iau_multifile_io -Iinitialisation -Iorography -Iphysics -Iconstants -Ivector_space -DLEGACY_MPI -DLEGACY_TIMER -DTIMING_ON -DRDEF_PRECISION=32 -DR_SOLVER_PRECISION=32 -DR_TRAN_PRECISION=32 -DR_BL_PRECISION=32 -DUSE_XIOS -c -o inventory/id_logical_pair_mod.o inventory/id_logical_pair_mod.F90 -I/opt/cray/pe/mpich/8.1.32/ofi/gnu/11.2/include -I/opt/cray/pe/mpich/8.1.32/ofi/gnu/11.2/include
[cc] ftn -I/mnt/lustre/e1000/home/z19/z19/lparisi/nfs-testing/environments/benchmarks/opt/linux-rhel9-zen5/gcc-14.2/pfunit-4.12.0-mmtcyvubeu4pxjj5wnfcyz4lbatpghmw/PFUNIT-4.12/include -I/mnt/lustre/e1000/home/z19/z19/lparisi/nfs-testing/environments/benchmarks/opt/linux-rhel9-zen5/gcc-14.2/shumlib-13.0-s2o3dzmwn456wxjsj6jztzd4c5pdctms/include -I/mnt/lustre/e1000/home/z19/z19/lparisi/nfs-testing/environments/benchmarks/opt/linux-rhel9-zen5/gcc-14.2/yaxt-0.11.3-algx2ie6ibanzuhi6k7szojlr2bcetau/include -I/mnt/lustre/e1000/home/z19/z19/lparisi/nfs-testing/environments/benchmarks/opt/linux-rhel9-zen5/gcc-14.2/fargparse-1.9.0-pxhk5m5qndtahdqscaiz2t2s7bnlajcm/FARGPARSE-1.9/include -I/mnt/lustre/e1000/home/z19/z19/lparisi/nfs-testing/environments/benchmarks/opt/linux-rhel9-zen5/gcc-14.2/gftl-shared-1.10.0-xl3tnp2so4qxp5ranh4shjrz7rch22ro/GFTL_SHARED-1.10/include -ffree-line-length-none -fallow-argument-mismatch -fopenmp -g -Wall -Werror=conversion -Werror=unused-variable -Werror=character-truncation -Werror=unused-value -Werror=tabs -Og -std=f2008 -Jmod -Imod -Ifield -Ioperator -Iscalar -IPSYKE -Iconfiguration -Ifunction_space -Ifunction_space/dofmap -Iio -Ikernel_metadata -Ikey_value -Imesh -Iquadrature -Itime -Iutilities -Ialgorithm -Ialgorithm/solver -Ialgorithm/runtime_constants -Ialgorithm/timestepping -Ialgorithm/transport -Ialgorithm/transport/common -Ialgorithm/transport/control -Ialgorithm/transport/ffsl -Ialgorithm/transport/mol -Ialgorithm/transport/sl -Ialgorithm/initialisation -Ialgorithm/physics -Ialgorithm/core_dynamics -Ialgorithm/diagnostics -Ialgorithm/diffusion -Ialgorithm/interpolation -Ialgorithm/limited_area -Ikernel -Ikernel/algebra -Ikernel/columnwise_operators -Ikernel/fem -Ikernel/geometry -Ikernel/inter_element_order -Ikernel/inter_function_space -Ikernel/inter_mesh -Ikernel/solver -Ikernel/core_dynamics -Ikernel/diagnostics -Ikernel/diffusion -Ikernel/external_forcing -Ikernel/initialisation -Ikernel/limited_area -Ikernel/transport -Ikernel/transport/common -Ikernel/transport/fem -Ikernel/transport/ffsl -Ikernel/transport/mol -Ikernel/transport/sl -Ipsy -Isolver -Iinventory -Idiagnostics -Idriver -Idriver/constants -Idriver/iau_multifile_io -Iinitialisation -Iorography -Iphysics -Iconstants -Ivector_space -DLEGACY_MPI -DLEGACY_TIMER -DTIMING_ON -DRDEF_PRECISION=32 -DR_SOLVER_PRECISION=32 -DR_TRAN_PRECISION=32 -DR_BL_PRECISION=32 -DUSE_XIOS -c -o kernel/inter_mesh/sci_weights_prolong_w2_kernel_mod.o kernel/inter_mesh/sci_weights_prolong_w2_kernel_mod.F90 -I/opt/cray/pe/mpich/8.1.32/ofi/gnu/11.2/include -I/opt/cray/pe/mpich/8.1.32/ofi/gnu/11.2/include
[cc] ftn -I/mnt/lustre/e1000/home/z19/z19/lparisi/nfs-testing/environments/benchmarks/opt/linux-rhel9-zen5/gcc-14.2/pfunit-4.12.0-mmtcyvubeu4pxjj5wnfcyz4lbatpghmw/PFUNIT-4.12/include -I/mnt/lustre/e1000/home/z19/z19/lparisi/nfs-testing/environments/benchmarks/opt/linux-rhel9-zen5/gcc-14.2/shumlib-13.0-s2o3dzmwn456wxjsj6jztzd4c5pdctms/include -I/mnt/lustre/e1000/home/z19/z19/lparisi/nfs-testing/environments/benchmarks/opt/linux-rhel9-zen5/gcc-14.2/yaxt-0.11.3-algx2ie6ibanzuhi6k7szojlr2bcetau/include -I/mnt/lustre/e1000/home/z19/z19/lparisi/nfs-testing/environments/benchmarks/opt/linux-rhel9-zen5/gcc-14.2/fargparse-1.9.0-pxhk5m5qndtahdqscaiz2t2s7bnlajcm/FARGPARSE-1.9/include -I/mnt/lustre/e1000/home/z19/z19/lparisi/nfs-testing/environments/benchmarks/opt/linux-rhel9-zen5/gcc-14.2/gftl-shared-1.10.0-xl3tnp2so4qxp5ranh4shjrz7rch22ro/GFTL_SHARED-1.10/include -ffree-line-length-none -fallow-argument-mismatch -fopenmp -g -Wall -Werror=conversion -Werror=unused-variable -Werror=character-truncation -Werror=unused-value -Werror=tabs -Og -std=f2008 -Jmod -Imod -Ifield -Ioperator -Iscalar -IPSYKE -Iconfiguration -Ifunction_space -Ifunction_space/dofmap -Iio -Ikernel_metadata -Ikey_value -Imesh -Iquadrature -Itime -Iutilities -Ialgorithm -Ialgorithm/solver -Ialgorithm/runtime_constants -Ialgorithm/timestepping -Ialgorithm/transport -Ialgorithm/transport/common -Ialgorithm/transport/control -Ialgorithm/transport/ffsl -Ialgorithm/transport/mol -Ialgorithm/transport/sl -Ialgorithm/initialisation -Ialgorithm/physics -Ialgorithm/core_dynamics -Ialgorithm/diagnostics -Ialgorithm/diffusion -Ialgorithm/interpolation -Ialgorithm/limited_area -Ikernel -Ikernel/algebra -Ikernel/columnwise_operators -Ikernel/fem -Ikernel/geometry -Ikernel/inter_element_order -Ikernel/inter_function_space -Ikernel/inter_mesh -Ikernel/solver -Ikernel/core_dynamics -Ikernel/diagnostics -Ikernel/diffusion -Ikernel/external_forcing -Ikernel/initialisation -Ikernel/limited_area -Ikernel/transport -Ikernel/transport/common -Ikernel/transport/fem -Ikernel/transport/ffsl -Ikernel/transport/mol -Ikernel/transport/sl -Ipsy -Isolver -Iinventory -Idiagnostics -Idriver -Idriver/constants -Idriver/iau_multifile_io -Iinitialisation -Iorography -Iphysics -Iconstants -Ivector_space -DLEGACY_MPI -DLEGACY_TIMER -DTIMING_ON -DRDEF_PRECISION=32 -DR_SOLVER_PRECISION=32 -DR_TRAN_PRECISION=32 -DR_BL_PRECISION=32 -DUSE_XIOS -c -o kernel/inter_element_order/sci_weights_scalar_inter_element_order_kernel_mod.o kernel/inter_element_order/sci_weights_scalar_inter_element_order_kernel_mod.F90 -I/opt/cray/pe/mpich/8.1.32/ofi/gnu/11.2/include -I/opt/cray/pe/mpich/8.1.32/ofi/gnu/11.2/include
[cc] ftn -I/mnt/lustre/e1000/home/z19/z19/lparisi/nfs-testing/environments/benchmarks/opt/linux-rhel9-zen5/gcc-14.2/pfunit-4.12.0-mmtcyvubeu4pxjj5wnfcyz4lbatpghmw/PFUNIT-4.12/include -I/mnt/lustre/e1000/home/z19/z19/lparisi/nfs-testing/environments/benchmarks/opt/linux-rhel9-zen5/gcc-14.2/shumlib-13.0-s2o3dzmwn456wxjsj6jztzd4c5pdctms/include -I/mnt/lustre/e1000/home/z19/z19/lparisi/nfs-testing/environments/benchmarks/opt/linux-rhel9-zen5/gcc-14.2/yaxt-0.11.3-algx2ie6ibanzuhi6k7szojlr2bcetau/include -I/mnt/lustre/e1000/home/z19/z19/lparisi/nfs-testing/environments/benchmarks/opt/linux-rhel9-zen5/gcc-14.2/fargparse-1.9.0-pxhk5m5qndtahdqscaiz2t2s7bnlajcm/FARGPARSE-1.9/include -I/mnt/lustre/e1000/home/z19/z19/lparisi/nfs-testing/environments/benchmarks/opt/linux-rhel9-zen5/gcc-14.2/gftl-shared-1.10.0-xl3tnp2so4qxp5ranh4shjrz7rch22ro/GFTL_SHARED-1.10/include -ffree-line-length-none -fallow-argument-mismatch -fopenmp -g -Wall -Werror=conversion -Werror=unused-variable -Werror=character-truncation -Werror=unused-value -Werror=tabs -Og -std=f2008 -Jmod -Imod -Ifield -Ioperator -Iscalar -IPSYKE -Iconfiguration -Ifunction_space -Ifunction_space/dofmap -Iio -Ikernel_metadata -Ikey_value -Imesh -Iquadrature -Itime -Iutilities -Ialgorithm -Ialgorithm/solver -Ialgorithm/runtime_constants -Ialgorithm/timestepping -Ialgorithm/transport -Ialgorithm/transport/common -Ialgorithm/transport/control -Ialgorithm/transport/ffsl -Ialgorithm/transport/mol -Ialgorithm/transport/sl -Ialgorithm/initialisation -Ialgorithm/physics -Ialgorithm/core_dynamics -Ialgorithm/diagnostics -Ialgorithm/diffusion -Ialgorithm/interpolation -Ialgorithm/limited_area -Ikernel -Ikernel/algebra -Ikernel/columnwise_operators -Ikernel/fem -Ikernel/geometry -Ikernel/inter_element_order -Ikernel/inter_function_space -Ikernel/inter_mesh -Ikernel/solver -Ikernel/core_dynamics -Ikernel/diagnostics -Ikernel/diffusion -Ikernel/external_forcing -Ikernel/initialisation -Ikernel/limited_area -Ikernel/transport -Ikernel/transport/common -Ikernel/transport/fem -Ikernel/transport/ffsl -Ikernel/transport/mol -Ikernel/transport/sl -Ipsy -Isolver -Iinventory -Idiagnostics -Idriver -Idriver/constants -Idriver/iau_multifile_io -Iinitialisation -Iorography -Iphysics -Iconstants -Ivector_space -DLEGACY_MPI -DLEGACY_TIMER -DTIMING_ON -DRDEF_PRECISION=32 -DR_SOLVER_PRECISION=32 -DR_TRAN_PRECISION=32 -DR_BL_PRECISION=32 -DUSE_XIOS -c -o kernel/inter_element_order/sci_weights_w2_inter_element_order_kernel_mod.o kernel/inter_element_order/sci_weights_w2_inter_element_order_kernel_mod.F90 -I/opt/cray/pe/mpich/8.1.32/ofi/gnu/11.2/include -I/opt/cray/pe/mpich/8.1.32/ofi/gnu/11.2/include
[cc] ftn -I/mnt/lustre/e1000/home/z19/z19/lparisi/nfs-testing/environments/benchmarks/opt/linux-rhel9-zen5/gcc-14.2/pfunit-4.12.0-mmtcyvubeu4pxjj5wnfcyz4lbatpghmw/PFUNIT-4.12/include -I/mnt/lustre/e1000/home/z19/z19/lparisi/nfs-testing/environments/benchmarks/opt/linux-rhel9-zen5/gcc-14.2/shumlib-13.0-s2o3dzmwn456wxjsj6jztzd4c5pdctms/include -I/mnt/lustre/e1000/home/z19/z19/lparisi/nfs-testing/environments/benchmarks/opt/linux-rhel9-zen5/gcc-14.2/yaxt-0.11.3-algx2ie6ibanzuhi6k7szojlr2bcetau/include -I/mnt/lustre/e1000/home/z19/z19/lparisi/nfs-testing/environments/benchmarks/opt/linux-rhel9-zen5/gcc-14.2/fargparse-1.9.0-pxhk5m5qndtahdqscaiz2t2s7bnlajcm/FARGPARSE-1.9/include -I/mnt/lustre/e1000/home/z19/z19/lparisi/nfs-testing/environments/benchmarks/opt/linux-rhel9-zen5/gcc-14.2/gftl-shared-1.10.0-xl3tnp2so4qxp5ranh4shjrz7rch22ro/GFTL_SHARED-1.10/include -ffree-line-length-none -fallow-argument-mismatch -fopenmp -g -Wall -Werror=conversion -Werror=unused-variable -Werror=character-truncation -Werror=unused-value -Werror=tabs -Og -std=f2008 -Jmod -Imod -Ifield -Ioperator -Iscalar -IPSYKE -Iconfiguration -Ifunction_space -Ifunction_space/dofmap -Iio -Ikernel_metadata -Ikey_value -Imesh -Iquadrature -Itime -Iutilities -Ialgorithm -Ialgorithm/solver -Ialgorithm/runtime_constants -Ialgorithm/timestepping -Ialgorithm/transport -Ialgorithm/transport/common -Ialgorithm/transport/control -Ialgorithm/transport/ffsl -Ialgorithm/transport/mol -Ialgorithm/transport/sl -Ialgorithm/initialisation -Ialgorithm/physics -Ialgorithm/core_dynamics -Ialgorithm/diagnostics -Ialgorithm/diffusion -Ialgorithm/interpolation -Ialgorithm/limited_area -Ikernel -Ikernel/algebra -Ikernel/columnwise_operators -Ikernel/fem -Ikernel/geometry -Ikernel/inter_element_order -Ikernel/inter_function_space -Ikernel/inter_mesh -Ikernel/solver -Ikernel/core_dynamics -Ikernel/diagnostics -Ikernel/diffusion -Ikernel/external_forcing -Ikernel/initialisation -Ikernel/limited_area -Ikernel/transport -Ikernel/transport/common -Ikernel/transport/fem -Ikernel/transport/ffsl -Ikernel/transport/mol -Ikernel/transport/sl -Ipsy -Isolver -Iinventory -Idiagnostics -Idriver -Idriver/constants -Idriver/iau_multifile_io -Iinitialisation -Iorography -Iphysics -Iconstants -Ivector_space -DLEGACY_MPI -DLEGACY_TIMER -DTIMING_ON -DRDEF_PRECISION=32 -DR_SOLVER_PRECISION=32 -DR_TRAN_PRECISION=32 -DR_BL_PRECISION=32 -DUSE_XIOS -c -o kernel/inter_element_order/sci_map_w2_fv_to_fe_kernel_mod.o kernel/inter_element_order/sci_map_w2_fv_to_fe_kernel_mod.F90 -I/opt/cray/pe/mpich/8.1.32/ofi/gnu/11.2/include -I/opt/cray/pe/mpich/8.1.32/ofi/gnu/11.2/include
[cc] ftn -I/mnt/lustre/e1000/home/z19/z19/lparisi/nfs-testing/environments/benchmarks/opt/linux-rhel9-zen5/gcc-14.2/pfunit-4.12.0-mmtcyvubeu4pxjj5wnfcyz4lbatpghmw/PFUNIT-4.12/include -I/mnt/lustre/e1000/home/z19/z19/lparisi/nfs-testing/environments/benchmarks/opt/linux-rhel9-zen5/gcc-14.2/shumlib-13.0-s2o3dzmwn456wxjsj6jztzd4c5pdctms/include -I/mnt/lustre/e1000/home/z19/z19/lparisi/nfs-testing/environments/benchmarks/opt/linux-rhel9-zen5/gcc-14.2/yaxt-0.11.3-algx2ie6ibanzuhi6k7szojlr2bcetau/include -I/mnt/lustre/e1000/home/z19/z19/lparisi/nfs-testing/environments/benchmarks/opt/linux-rhel9-zen5/gcc-14.2/fargparse-1.9.0-pxhk5m5qndtahdqscaiz2t2s7bnlajcm/FARGPARSE-1.9/include -I/mnt/lustre/e1000/home/z19/z19/lparisi/nfs-testing/environments/benchmarks/opt/linux-rhel9-zen5/gcc-14.2/gftl-shared-1.10.0-xl3tnp2so4qxp5ranh4shjrz7rch22ro/GFTL_SHARED-1.10/include -ffree-line-length-none -fallow-argument-mismatch -fopenmp -g -Wall -Werror=conversion -Werror=unused-variable -Werror=character-truncation -Werror=unused-value -Werror=tabs -Og -std=f2008 -Jmod -Imod -Ifield -Ioperator -Iscalar -IPSYKE -Iconfiguration -Ifunction_space -Ifunction_space/dofmap -Iio -Ikernel_metadata -Ikey_value -Imesh -Iquadrature -Itime -Iutilities -Ialgorithm -Ialgorithm/solver -Ialgorithm/runtime_constants -Ialgorithm/timestepping -Ialgorithm/transport -Ialgorithm/transport/common -Ialgorithm/transport/control -Ialgorithm/transport/ffsl -Ialgorithm/transport/mol -Ialgorithm/transport/sl -Ialgorithm/initialisation -Ialgorithm/physics -Ialgorithm/core_dynamics -Ialgorithm/diagnostics -Ialgorithm/diffusion -Ialgorithm/interpolation -Ialgorithm/limited_area -Ikernel -Ikernel/algebra -Ikernel/columnwise_operators -Ikernel/fem -Ikernel/geometry -Ikernel/inter_element_order -Ikernel/inter_function_space -Ikernel/inter_mesh -Ikernel/solver -Ikernel/core_dynamics -Ikernel/diagnostics -Ikernel/diffusion -Ikernel/external_forcing -Ikernel/initialisation -Ikernel/limited_area -Ikernel/transport -Ikernel/transport/common -Ikernel/transport/fem -Ikernel/transport/ffsl -Ikernel/transport/mol -Ikernel/transport/sl -Ipsy -Isolver -Iinventory -Idiagnostics -Idriver -Idriver/constants -Idriver/iau_multifile_io -Iinitialisation -Iorography -Iphysics -Iconstants -Ivector_space -DLEGACY_MPI -DLEGACY_TIMER -DTIMING_ON -DRDEF_PRECISION=32 -DR_SOLVER_PRECISION=32 -DR_TRAN_PRECISION=32 -DR_BL_PRECISION=32 -DUSE_XIOS -c -o kernel/inter_element_order/sci_map_w2_fe_to_fv_kernel_mod.o kernel/inter_element_order/sci_map_w2_fe_to_fv_kernel_mod.F90 -I/opt/cray/pe/mpich/8.1.32/ofi/gnu/11.2/include -I/opt/cray/pe/mpich/8.1.32/ofi/gnu/11.2/include
[cc] ftn -I/mnt/lustre/e1000/home/z19/z19/lparisi/nfs-testing/environments/benchmarks/opt/linux-rhel9-zen5/gcc-14.2/pfunit-4.12.0-mmtcyvubeu4pxjj5wnfcyz4lbatpghmw/PFUNIT-4.12/include -I/mnt/lustre/e1000/home/z19/z19/lparisi/nfs-testing/environments/benchmarks/opt/linux-rhel9-zen5/gcc-14.2/shumlib-13.0-s2o3dzmwn456wxjsj6jztzd4c5pdctms/include -I/mnt/lustre/e1000/home/z19/z19/lparisi/nfs-testing/environments/benchmarks/opt/linux-rhel9-zen5/gcc-14.2/yaxt-0.11.3-algx2ie6ibanzuhi6k7szojlr2bcetau/include -I/mnt/lustre/e1000/home/z19/z19/lparisi/nfs-testing/environments/benchmarks/opt/linux-rhel9-zen5/gcc-14.2/fargparse-1.9.0-pxhk5m5qndtahdqscaiz2t2s7bnlajcm/FARGPARSE-1.9/include -I/mnt/lustre/e1000/home/z19/z19/lparisi/nfs-testing/environments/benchmarks/opt/linux-rhel9-zen5/gcc-14.2/gftl-shared-1.10.0-xl3tnp2so4qxp5ranh4shjrz7rch22ro/GFTL_SHARED-1.10/include -ffree-line-length-none -fallow-argument-mismatch -fopenmp -g -Wall -Werror=conversion -Werror=unused-variable -Werror=character-truncation -Werror=unused-value -Werror=tabs -Og -std=f2008 -Jmod -Imod -Ifield -Ioperator -Iscalar -IPSYKE -Iconfiguration -Ifunction_space -Ifunction_space/dofmap -Iio -Ikernel_metadata -Ikey_value -Imesh -Iquadrature -Itime -Iutilities -Ialgorithm -Ialgorithm/solver -Ialgorithm/runtime_constants -Ialgorithm/timestepping -Ialgorithm/transport -Ialgorithm/transport/common -Ialgorithm/transport/control -Ialgorithm/transport/ffsl -Ialgorithm/transport/mol -Ialgorithm/transport/sl -Ialgorithm/initialisation -Ialgorithm/physics -Ialgorithm/core_dynamics -Ialgorithm/diagnostics -Ialgorithm/diffusion -Ialgorithm/interpolation -Ialgorithm/limited_area -Ikernel -Ikernel/algebra -Ikernel/columnwise_operators -Ikernel/fem -Ikernel/geometry -Ikernel/inter_element_order -Ikernel/inter_function_space -Ikernel/inter_mesh -Ikernel/solver -Ikernel/core_dynamics -Ikernel/diagnostics -Ikernel/diffusion -Ikernel/external_forcing -Ikernel/initialisation -Ikernel/limited_area -Ikernel/transport -Ikernel/transport/common -Ikernel/transport/fem -Ikernel/transport/ffsl -Ikernel/transport/mol -Ikernel/transport/sl -Ipsy -Isolver -Iinventory -Idiagnostics -Idriver -Idriver/constants -Idriver/iau_multifile_io -Iinitialisation -Iorography -Iphysics -Iconstants -Ivector_space -DLEGACY_MPI -DLEGACY_TIMER -DTIMING_ON -DRDEF_PRECISION=32 -DR_SOLVER_PRECISION=32 -DR_TRAN_PRECISION=32 -DR_BL_PRECISION=32 -DUSE_XIOS -c -o quadrature/quadrature_rule_segment_centre_mod.o quadrature/quadrature_rule_segment_centre_mod.F90 -I/opt/cray/pe/mpich/8.1.32/ofi/gnu/11.2/include -I/opt/cray/pe/mpich/8.1.32/ofi/gnu/11.2/include
[cc] ftn -I/mnt/lustre/e1000/home/z19/z19/lparisi/nfs-testing/environments/benchmarks/opt/linux-rhel9-zen5/gcc-14.2/pfunit-4.12.0-mmtcyvubeu4pxjj5wnfcyz4lbatpghmw/PFUNIT-4.12/include -I/mnt/lustre/e1000/home/z19/z19/lparisi/nfs-testing/environments/benchmarks/opt/linux-rhel9-zen5/gcc-14.2/shumlib-13.0-s2o3dzmwn456wxjsj6jztzd4c5pdctms/include -I/mnt/lustre/e1000/home/z19/z19/lparisi/nfs-testing/environments/benchmarks/opt/linux-rhel9-zen5/gcc-14.2/yaxt-0.11.3-algx2ie6ibanzuhi6k7szojlr2bcetau/include -I/mnt/lustre/e1000/home/z19/z19/lparisi/nfs-testing/environments/benchmarks/opt/linux-rhel9-zen5/gcc-14.2/fargparse-1.9.0-pxhk5m5qndtahdqscaiz2t2s7bnlajcm/FARGPARSE-1.9/include -I/mnt/lustre/e1000/home/z19/z19/lparisi/nfs-testing/environments/benchmarks/opt/linux-rhel9-zen5/gcc-14.2/gftl-shared-1.10.0-xl3tnp2so4qxp5ranh4shjrz7rch22ro/GFTL_SHARED-1.10/include -ffree-line-length-none -fallow-argument-mismatch -fopenmp -g -Wall -Werror=conversion -Werror=unused-variable -Werror=character-truncation -Werror=unused-value -Werror=tabs -Og -std=f2008 -Jmod -Imod -Ifield -Ioperator -Iscalar -IPSYKE -Iconfiguration -Ifunction_space -Ifunction_space/dofmap -Iio -Ikernel_metadata -Ikey_value -Imesh -Iquadrature -Itime -Iutilities -Ialgorithm -Ialgorithm/solver -Ialgorithm/runtime_constants -Ialgorithm/timestepping -Ialgorithm/transport -Ialgorithm/transport/common -Ialgorithm/transport/control -Ialgorithm/transport/ffsl -Ialgorithm/transport/mol -Ialgorithm/transport/sl -Ialgorithm/initialisation -Ialgorithm/physics -Ialgorithm/core_dynamics -Ialgorithm/diagnostics -Ialgorithm/diffusion -Ialgorithm/interpolation -Ialgorithm/limited_area -Ikernel -Ikernel/algebra -Ikernel/columnwise_operators -Ikernel/fem -Ikernel/geometry -Ikernel/inter_element_order -Ikernel/inter_function_space -Ikernel/inter_mesh -Ikernel/solver -Ikernel/core_dynamics -Ikernel/diagnostics -Ikernel/diffusion -Ikernel/external_forcing -Ikernel/initialisation -Ikernel/limited_area -Ikernel/transport -Ikernel/transport/common -Ikernel/transport/fem -Ikernel/transport/ffsl -Ikernel/transport/mol -Ikernel/transport/sl -Ipsy -Isolver -Iinventory -Idiagnostics -Idriver -Idriver/constants -Idriver/iau_multifile_io -Iinitialisation -Iorography -Iphysics -Iconstants -Ivector_space -DLEGACY_MPI -DLEGACY_TIMER -DTIMING_ON -DRDEF_PRECISION=32 -DR_SOLVER_PRECISION=32 -DR_TRAN_PRECISION=32 -DR_BL_PRECISION=32 -DUSE_XIOS -c -o quadrature/quadrature_rule_newton_cotes_mod.o quadrature/quadrature_rule_newton_cotes_mod.F90 -I/opt/cray/pe/mpich/8.1.32/ofi/gnu/11.2/include -I/opt/cray/pe/mpich/8.1.32/ofi/gnu/11.2/include
[cc] ftn -I/mnt/lustre/e1000/home/z19/z19/lparisi/nfs-testing/environments/benchmarks/opt/linux-rhel9-zen5/gcc-14.2/pfunit-4.12.0-mmtcyvubeu4pxjj5wnfcyz4lbatpghmw/PFUNIT-4.12/include -I/mnt/lustre/e1000/home/z19/z19/lparisi/nfs-testing/environments/benchmarks/opt/linux-rhel9-zen5/gcc-14.2/shumlib-13.0-s2o3dzmwn456wxjsj6jztzd4c5pdctms/include -I/mnt/lustre/e1000/home/z19/z19/lparisi/nfs-testing/environments/benchmarks/opt/linux-rhel9-zen5/gcc-14.2/yaxt-0.11.3-algx2ie6ibanzuhi6k7szojlr2bcetau/include -I/mnt/lustre/e1000/home/z19/z19/lparisi/nfs-testing/environments/benchmarks/opt/linux-rhel9-zen5/gcc-14.2/fargparse-1.9.0-pxhk5m5qndtahdqscaiz2t2s7bnlajcm/FARGPARSE-1.9/include -I/mnt/lustre/e1000/home/z19/z19/lparisi/nfs-testing/environments/benchmarks/opt/linux-rhel9-zen5/gcc-14.2/gftl-shared-1.10.0-xl3tnp2so4qxp5ranh4shjrz7rch22ro/GFTL_SHARED-1.10/include -ffree-line-length-none -fallow-argument-mismatch -fopenmp -g -Wall -Werror=conversion -Werror=unused-variable -Werror=character-truncation -Werror=unused-value -Werror=tabs -Og -std=f2008 -Jmod -Imod -Ifield -Ioperator -Iscalar -IPSYKE -Iconfiguration -Ifunction_space -Ifunction_space/dofmap -Iio -Ikernel_metadata -Ikey_value -Imesh -Iquadrature -Itime -Iutilities -Ialgorithm -Ialgorithm/solver -Ialgorithm/runtime_constants -Ialgorithm/timestepping -Ialgorithm/transport -Ialgorithm/transport/common -Ialgorithm/transport/control -Ialgorithm/transport/ffsl -Ialgorithm/transport/mol -Ialgorithm/transport/sl -Ialgorithm/initialisation -Ialgorithm/physics -Ialgorithm/core_dynamics -Ialgorithm/diagnostics -Ialgorithm/diffusion -Ialgorithm/interpolation -Ialgorithm/limited_area -Ikernel -Ikernel/algebra -Ikernel/columnwise_operators -Ikernel/fem -Ikernel/geometry -Ikernel/inter_element_order -Ikernel/inter_function_space -Ikernel/inter_mesh -Ikernel/solver -Ikernel/core_dynamics -Ikernel/diagnostics -Ikernel/diffusion -Ikernel/external_forcing -Ikernel/initialisation -Ikernel/limited_area -Ikernel/transport -Ikernel/transport/common -Ikernel/transport/fem -Ikernel/transport/ffsl -Ikernel/transport/mol -Ikernel/transport/sl -Ipsy -Isolver -Iinventory -Idiagnostics -Idriver -Idriver/constants -Idriver/iau_multifile_io -Iinitialisation -Iorography -Iphysics -Iconstants -Ivector_space -DLEGACY_MPI -DLEGACY_TIMER -DTIMING_ON -DRDEF_PRECISION=32 -DR_SOLVER_PRECISION=32 -DR_TRAN_PRECISION=32 -DR_BL_PRECISION=32 -DUSE_XIOS -c -o kernel/initialisation/random_perturb_field_kernel_mod.o kernel/initialisation/random_perturb_field_kernel_mod.F90 -I/opt/cray/pe/mpich/8.1.32/ofi/gnu/11.2/include -I/opt/cray/pe/mpich/8.1.32/ofi/gnu/11.2/include
[cc] ftn -I/mnt/lustre/e1000/home/z19/z19/lparisi/nfs-testing/environments/benchmarks/opt/linux-rhel9-zen5/gcc-14.2/pfunit-4.12.0-mmtcyvubeu4pxjj5wnfcyz4lbatpghmw/PFUNIT-4.12/include -I/mnt/lustre/e1000/home/z19/z19/lparisi/nfs-testing/environments/benchmarks/opt/linux-rhel9-zen5/gcc-14.2/shumlib-13.0-s2o3dzmwn456wxjsj6jztzd4c5pdctms/include -I/mnt/lustre/e1000/home/z19/z19/lparisi/nfs-testing/environments/benchmarks/opt/linux-rhel9-zen5/gcc-14.2/yaxt-0.11.3-algx2ie6ibanzuhi6k7szojlr2bcetau/include -I/mnt/lustre/e1000/home/z19/z19/lparisi/nfs-testing/environments/benchmarks/opt/linux-rhel9-zen5/gcc-14.2/fargparse-1.9.0-pxhk5m5qndtahdqscaiz2t2s7bnlajcm/FARGPARSE-1.9/include -I/mnt/lustre/e1000/home/z19/z19/lparisi/nfs-testing/environments/benchmarks/opt/linux-rhel9-zen5/gcc-14.2/gftl-shared-1.10.0-xl3tnp2so4qxp5ranh4shjrz7rch22ro/GFTL_SHARED-1.10/include -ffree-line-length-none -fallow-argument-mismatch -fopenmp -g -Wall -Werror=conversion -Werror=unused-variable -Werror=character-truncation -Werror=unused-value -Werror=tabs -Og -std=f2008 -Jmod -Imod -Ifield -Ioperator -Iscalar -IPSYKE -Iconfiguration -Ifunction_space -Ifunction_space/dofmap -Iio -Ikernel_metadata -Ikey_value -Imesh -Iquadrature -Itime -Iutilities -Ialgorithm -Ialgorithm/solver -Ialgorithm/runtime_constants -Ialgorithm/timestepping -Ialgorithm/transport -Ialgorithm/transport/common -Ialgorithm/transport/control -Ialgorithm/transport/ffsl -Ialgorithm/transport/mol -Ialgorithm/transport/sl -Ialgorithm/initialisation -Ialgorithm/physics -Ialgorithm/core_dynamics -Ialgorithm/diagnostics -Ialgorithm/diffusion -Ialgorithm/interpolation -Ialgorithm/limited_area -Ikernel -Ikernel/algebra -Ikernel/columnwise_operators -Ikernel/fem -Ikernel/geometry -Ikernel/inter_element_order -Ikernel/inter_function_space -Ikernel/inter_mesh -Ikernel/solver -Ikernel/core_dynamics -Ikernel/diagnostics -Ikernel/diffusion -Ikernel/external_forcing -Ikernel/initialisation -Ikernel/limited_area -Ikernel/transport -Ikernel/transport/common -Ikernel/transport/fem -Ikernel/transport/ffsl -Ikernel/transport/mol -Ikernel/transport/sl -Ipsy -Isolver -Iinventory -Idiagnostics -Idriver -Idriver/constants -Idriver/iau_multifile_io -Iinitialisation -Iorography -Iphysics -Iconstants -Ivector_space -DLEGACY_MPI -DLEGACY_TIMER -DTIMING_ON -DRDEF_PRECISION=32 -DR_SOLVER_PRECISION=32 -DR_TRAN_PRECISION=32 -DR_BL_PRECISION=32 -DUSE_XIOS -c -o kernel/inter_mesh/sci_prolong_w0_kernel_mod.o kernel/inter_mesh/sci_prolong_w0_kernel_mod.F90 -I/opt/cray/pe/mpich/8.1.32/ofi/gnu/11.2/include -I/opt/cray/pe/mpich/8.1.32/ofi/gnu/11.2/include
[cc] ftn -I/mnt/lustre/e1000/home/z19/z19/lparisi/nfs-testing/environments/benchmarks/opt/linux-rhel9-zen5/gcc-14.2/pfunit-4.12.0-mmtcyvubeu4pxjj5wnfcyz4lbatpghmw/PFUNIT-4.12/include -I/mnt/lustre/e1000/home/z19/z19/lparisi/nfs-testing/environments/benchmarks/opt/linux-rhel9-zen5/gcc-14.2/shumlib-13.0-s2o3dzmwn456wxjsj6jztzd4c5pdctms/include -I/mnt/lustre/e1000/home/z19/z19/lparisi/nfs-testing/environments/benchmarks/opt/linux-rhel9-zen5/gcc-14.2/yaxt-0.11.3-algx2ie6ibanzuhi6k7szojlr2bcetau/include -I/mnt/lustre/e1000/home/z19/z19/lparisi/nfs-testing/environments/benchmarks/opt/linux-rhel9-zen5/gcc-14.2/fargparse-1.9.0-pxhk5m5qndtahdqscaiz2t2s7bnlajcm/FARGPARSE-1.9/include -I/mnt/lustre/e1000/home/z19/z19/lparisi/nfs-testing/environments/benchmarks/opt/linux-rhel9-zen5/gcc-14.2/gftl-shared-1.10.0-xl3tnp2so4qxp5ranh4shjrz7rch22ro/GFTL_SHARED-1.10/include -ffree-line-length-none -fallow-argument-mismatch -fopenmp -g -Wall -Werror=conversion -Werror=unused-variable -Werror=character-truncation -Werror=unused-value -Werror=tabs -Og -std=f2008 -Jmod -Imod -Ifield -Ioperator -Iscalar -IPSYKE -Iconfiguration -Ifunction_space -Ifunction_space/dofmap -Iio -Ikernel_metadata -Ikey_value -Imesh -Iquadrature -Itime -Iutilities -Ialgorithm -Ialgorithm/solver -Ialgorithm/runtime_constants -Ialgorithm/timestepping -Ialgorithm/transport -Ialgorithm/transport/common -Ialgorithm/transport/control -Ialgorithm/transport/ffsl -Ialgorithm/transport/mol -Ialgorithm/transport/sl -Ialgorithm/initialisation -Ialgorithm/physics -Ialgorithm/core_dynamics -Ialgorithm/diagnostics -Ialgorithm/diffusion -Ialgorithm/interpolation -Ialgorithm/limited_area -Ikernel -Ikernel/algebra -Ikernel/columnwise_operators -Ikernel/fem -Ikernel/geometry -Ikernel/inter_element_order -Ikernel/inter_function_space -Ikernel/inter_mesh -Ikernel/solver -Ikernel/core_dynamics -Ikernel/diagnostics -Ikernel/diffusion -Ikernel/external_forcing -Ikernel/initialisation -Ikernel/limited_area -Ikernel/transport -Ikernel/transport/common -Ikernel/transport/fem -Ikernel/transport/ffsl -Ikernel/transport/mol -Ikernel/transport/sl -Ipsy -Isolver -Iinventory -Idiagnostics -Idriver -Idriver/constants -Idriver/iau_multifile_io -Iinitialisation -Iorography -Iphysics -Iconstants -Ivector_space -DLEGACY_MPI -DLEGACY_TIMER -DTIMING_ON -DRDEF_PRECISION=32 -DR_SOLVER_PRECISION=32 -DR_TRAN_PRECISION=32 -DR_BL_PRECISION=32 -DUSE_XIOS -c -o kernel/inter_mesh/sci_adjust_lambda_kernel_mod.o kernel/inter_mesh/sci_adjust_lambda_kernel_mod.F90 -I/opt/cray/pe/mpich/8.1.32/ofi/gnu/11.2/include -I/opt/cray/pe/mpich/8.1.32/ofi/gnu/11.2/include
[cc] ftn -I/mnt/lustre/e1000/home/z19/z19/lparisi/nfs-testing/environments/benchmarks/opt/linux-rhel9-zen5/gcc-14.2/pfunit-4.12.0-mmtcyvubeu4pxjj5wnfcyz4lbatpghmw/PFUNIT-4.12/include -I/mnt/lustre/e1000/home/z19/z19/lparisi/nfs-testing/environments/benchmarks/opt/linux-rhel9-zen5/gcc-14.2/shumlib-13.0-s2o3dzmwn456wxjsj6jztzd4c5pdctms/include -I/mnt/lustre/e1000/home/z19/z19/lparisi/nfs-testing/environments/benchmarks/opt/linux-rhel9-zen5/gcc-14.2/yaxt-0.11.3-algx2ie6ibanzuhi6k7szojlr2bcetau/include -I/mnt/lustre/e1000/home/z19/z19/lparisi/nfs-testing/environments/benchmarks/opt/linux-rhel9-zen5/gcc-14.2/fargparse-1.9.0-pxhk5m5qndtahdqscaiz2t2s7bnlajcm/FARGPARSE-1.9/include -I/mnt/lustre/e1000/home/z19/z19/lparisi/nfs-testing/environments/benchmarks/opt/linux-rhel9-zen5/gcc-14.2/gftl-shared-1.10.0-xl3tnp2so4qxp5ranh4shjrz7rch22ro/GFTL_SHARED-1.10/include -ffree-line-length-none -fallow-argument-mismatch -fopenmp -g -Wall -Werror=conversion -Werror=unused-variable -Werror=character-truncation -Werror=unused-value -Werror=tabs -Og -std=f2008 -Jmod -Imod -Ifield -Ioperator -Iscalar -IPSYKE -Iconfiguration -Ifunction_space -Ifunction_space/dofmap -Iio -Ikernel_metadata -Ikey_value -Imesh -Iquadrature -Itime -Iutilities -Ialgorithm -Ialgorithm/solver -Ialgorithm/runtime_constants -Ialgorithm/timestepping -Ialgorithm/transport -Ialgorithm/transport/common -Ialgorithm/transport/control -Ialgorithm/transport/ffsl -Ialgorithm/transport/mol -Ialgorithm/transport/sl -Ialgorithm/initialisation -Ialgorithm/physics -Ialgorithm/core_dynamics -Ialgorithm/diagnostics -Ialgorithm/diffusion -Ialgorithm/interpolation -Ialgorithm/limited_area -Ikernel -Ikernel/algebra -Ikernel/columnwise_operators -Ikernel/fem -Ikernel/geometry -Ikernel/inter_element_order -Ikernel/inter_function_space -Ikernel/inter_mesh -Ikernel/solver -Ikernel/core_dynamics -Ikernel/diagnostics -Ikernel/diffusion -Ikernel/external_forcing -Ikernel/initialisation -Ikernel/limited_area -Ikernel/transport -Ikernel/transport/common -Ikernel/transport/fem -Ikernel/transport/ffsl -Ikernel/transport/mol -Ikernel/transport/sl -Ipsy -Isolver -Iinventory -Idiagnostics -Idriver -Idriver/constants -Idriver/iau_multifile_io -Iinitialisation -Iorography -Iphysics -Iconstants -Ivector_space -DLEGACY_MPI -DLEGACY_TIMER -DTIMING_ON -DRDEF_PRECISION=32 -DR_SOLVER_PRECISION=32 -DR_TRAN_PRECISION=32 -DR_BL_PRECISION=32 -DUSE_XIOS -c -o kernel/inter_mesh/sci_apply_lambda_kernel_mod.o kernel/inter_mesh/sci_apply_lambda_kernel_mod.F90 -I/opt/cray/pe/mpich/8.1.32/ofi/gnu/11.2/include -I/opt/cray/pe/mpich/8.1.32/ofi/gnu/11.2/include
[cc] ftn -I/mnt/lustre/e1000/home/z19/z19/lparisi/nfs-testing/environments/benchmarks/opt/linux-rhel9-zen5/gcc-14.2/pfunit-4.12.0-mmtcyvubeu4pxjj5wnfcyz4lbatpghmw/PFUNIT-4.12/include -I/mnt/lustre/e1000/home/z19/z19/lparisi/nfs-testing/environments/benchmarks/opt/linux-rhel9-zen5/gcc-14.2/shumlib-13.0-s2o3dzmwn456wxjsj6jztzd4c5pdctms/include -I/mnt/lustre/e1000/home/z19/z19/lparisi/nfs-testing/environments/benchmarks/opt/linux-rhel9-zen5/gcc-14.2/yaxt-0.11.3-algx2ie6ibanzuhi6k7szojlr2bcetau/include -I/mnt/lustre/e1000/home/z19/z19/lparisi/nfs-testing/environments/benchmarks/opt/linux-rhel9-zen5/gcc-14.2/fargparse-1.9.0-pxhk5m5qndtahdqscaiz2t2s7bnlajcm/FARGPARSE-1.9/include -I/mnt/lustre/e1000/home/z19/z19/lparisi/nfs-testing/environments/benchmarks/opt/linux-rhel9-zen5/gcc-14.2/gftl-shared-1.10.0-xl3tnp2so4qxp5ranh4shjrz7rch22ro/GFTL_SHARED-1.10/include -ffree-line-length-none -fallow-argument-mismatch -fopenmp -g -Wall -Werror=conversion -Werror=unused-variable -Werror=character-truncation -Werror=unused-value -Werror=tabs -Og -std=f2008 -Jmod -Imod -Ifield -Ioperator -Iscalar -IPSYKE -Iconfiguration -Ifunction_space -Ifunction_space/dofmap -Iio -Ikernel_metadata -Ikey_value -Imesh -Iquadrature -Itime -Iutilities -Ialgorithm -Ialgorithm/solver -Ialgorithm/runtime_constants -Ialgorithm/timestepping -Ialgorithm/transport -Ialgorithm/transport/common -Ialgorithm/transport/control -Ialgorithm/transport/ffsl -Ialgorithm/transport/mol -Ialgorithm/transport/sl -Ialgorithm/initialisation -Ialgorithm/physics -Ialgorithm/core_dynamics -Ialgorithm/diagnostics -Ialgorithm/diffusion -Ialgorithm/interpolation -Ialgorithm/limited_area -Ikernel -Ikernel/algebra -Ikernel/columnwise_operators -Ikernel/fem -Ikernel/geometry -Ikernel/inter_element_order -Ikernel/inter_function_space -Ikernel/inter_mesh -Ikernel/solver -Ikernel/core_dynamics -Ikernel/diagnostics -Ikernel/diffusion -Ikernel/external_forcing -Ikernel/initialisation -Ikernel/limited_area -Ikernel/transport -Ikernel/transport/common -Ikernel/transport/fem -Ikernel/transport/ffsl -Ikernel/transport/mol -Ikernel/transport/sl -Ipsy -Isolver -Iinventory -Idiagnostics -Idriver -Idriver/constants -Idriver/iau_multifile_io -Iinitialisation -Iorography -Iphysics -Iconstants -Ivector_space -DLEGACY_MPI -DLEGACY_TIMER -DTIMING_ON -DRDEF_PRECISION=32 -DR_SOLVER_PRECISION=32 -DR_TRAN_PRECISION=32 -DR_BL_PRECISION=32 -DUSE_XIOS -c -o kernel/transport/common/panel_edge_support_mod.o kernel/transport/common/panel_edge_support_mod.F90 -I/opt/cray/pe/mpich/8.1.32/ofi/gnu/11.2/include -I/opt/cray/pe/mpich/8.1.32/ofi/gnu/11.2/include
[cc] ftn -I/mnt/lustre/e1000/home/z19/z19/lparisi/nfs-testing/environments/benchmarks/opt/linux-rhel9-zen5/gcc-14.2/pfunit-4.12.0-mmtcyvubeu4pxjj5wnfcyz4lbatpghmw/PFUNIT-4.12/include -I/mnt/lustre/e1000/home/z19/z19/lparisi/nfs-testing/environments/benchmarks/opt/linux-rhel9-zen5/gcc-14.2/shumlib-13.0-s2o3dzmwn456wxjsj6jztzd4c5pdctms/include -I/mnt/lustre/e1000/home/z19/z19/lparisi/nfs-testing/environments/benchmarks/opt/linux-rhel9-zen5/gcc-14.2/yaxt-0.11.3-algx2ie6ibanzuhi6k7szojlr2bcetau/include -I/mnt/lustre/e1000/home/z19/z19/lparisi/nfs-testing/environments/benchmarks/opt/linux-rhel9-zen5/gcc-14.2/fargparse-1.9.0-pxhk5m5qndtahdqscaiz2t2s7bnlajcm/FARGPARSE-1.9/include -I/mnt/lustre/e1000/home/z19/z19/lparisi/nfs-testing/environments/benchmarks/opt/linux-rhel9-zen5/gcc-14.2/gftl-shared-1.10.0-xl3tnp2so4qxp5ranh4shjrz7rch22ro/GFTL_SHARED-1.10/include -ffree-line-length-none -fallow-argument-mismatch -fopenmp -g -Wall -Werror=conversion -Werror=unused-variable -Werror=character-truncation -Werror=unused-value -Werror=tabs -Og -std=f2008 -Jmod -Imod -Ifield -Ioperator -Iscalar -IPSYKE -Iconfiguration -Ifunction_space -Ifunction_space/dofmap -Iio -Ikernel_metadata -Ikey_value -Imesh -Iquadrature -Itime -Iutilities -Ialgorithm -Ialgorithm/solver -Ialgorithm/runtime_constants -Ialgorithm/timestepping -Ialgorithm/transport -Ialgorithm/transport/common -Ialgorithm/transport/control -Ialgorithm/transport/ffsl -Ialgorithm/transport/mol -Ialgorithm/transport/sl -Ialgorithm/initialisation -Ialgorithm/physics -Ialgorithm/core_dynamics -Ialgorithm/diagnostics -Ialgorithm/diffusion -Ialgorithm/interpolation -Ialgorithm/limited_area -Ikernel -Ikernel/algebra -Ikernel/columnwise_operators -Ikernel/fem -Ikernel/geometry -Ikernel/inter_element_order -Ikernel/inter_function_space -Ikernel/inter_mesh -Ikernel/solver -Ikernel/core_dynamics -Ikernel/diagnostics -Ikernel/diffusion -Ikernel/external_forcing -Ikernel/initialisation -Ikernel/limited_area -Ikernel/transport -Ikernel/transport/common -Ikernel/transport/fem -Ikernel/transport/ffsl -Ikernel/transport/mol -Ikernel/transport/sl -Ipsy -Isolver -Iinventory -Idiagnostics -Idriver -Idriver/constants -Idriver/iau_multifile_io -Iinitialisation -Iorography -Iphysics -Iconstants -Ivector_space -DLEGACY_MPI -DLEGACY_TIMER -DTIMING_ON -DRDEF_PRECISION=32 -DR_SOLVER_PRECISION=32 -DR_TRAN_PRECISION=32 -DR_BL_PRECISION=32 -DUSE_XIOS -c -o kernel/transport/common/panel_edge_remap_kernel_mod.o kernel/transport/common/panel_edge_remap_kernel_mod.F90 -I/opt/cray/pe/mpich/8.1.32/ofi/gnu/11.2/include -I/opt/cray/pe/mpich/8.1.32/ofi/gnu/11.2/include
[cc] ftn -I/mnt/lustre/e1000/home/z19/z19/lparisi/nfs-testing/environments/benchmarks/opt/linux-rhel9-zen5/gcc-14.2/pfunit-4.12.0-mmtcyvubeu4pxjj5wnfcyz4lbatpghmw/PFUNIT-4.12/include -I/mnt/lustre/e1000/home/z19/z19/lparisi/nfs-testing/environments/benchmarks/opt/linux-rhel9-zen5/gcc-14.2/shumlib-13.0-s2o3dzmwn456wxjsj6jztzd4c5pdctms/include -I/mnt/lustre/e1000/home/z19/z19/lparisi/nfs-testing/environments/benchmarks/opt/linux-rhel9-zen5/gcc-14.2/yaxt-0.11.3-algx2ie6ibanzuhi6k7szojlr2bcetau/include -I/mnt/lustre/e1000/home/z19/z19/lparisi/nfs-testing/environments/benchmarks/opt/linux-rhel9-zen5/gcc-14.2/fargparse-1.9.0-pxhk5m5qndtahdqscaiz2t2s7bnlajcm/FARGPARSE-1.9/include -I/mnt/lustre/e1000/home/z19/z19/lparisi/nfs-testing/environments/benchmarks/opt/linux-rhel9-zen5/gcc-14.2/gftl-shared-1.10.0-xl3tnp2so4qxp5ranh4shjrz7rch22ro/GFTL_SHARED-1.10/include -ffree-line-length-none -fallow-argument-mismatch -fopenmp -g -Wall -Werror=conversion -Werror=unused-variable -Werror=character-truncation -Werror=unused-value -Werror=tabs -Og -std=f2008 -Jmod -Imod -Ifield -Ioperator -Iscalar -IPSYKE -Iconfiguration -Ifunction_space -Ifunction_space/dofmap -Iio -Ikernel_metadata -Ikey_value -Imesh -Iquadrature -Itime -Iutilities -Ialgorithm -Ialgorithm/solver -Ialgorithm/runtime_constants -Ialgorithm/timestepping -Ialgorithm/transport -Ialgorithm/transport/common -Ialgorithm/transport/control -Ialgorithm/transport/ffsl -Ialgorithm/transport/mol -Ialgorithm/transport/sl -Ialgorithm/initialisation -Ialgorithm/physics -Ialgorithm/core_dynamics -Ialgorithm/diagnostics -Ialgorithm/diffusion -Ialgorithm/interpolation -Ialgorithm/limited_area -Ikernel -Ikernel/algebra -Ikernel/columnwise_operators -Ikernel/fem -Ikernel/geometry -Ikernel/inter_element_order -Ikernel/inter_function_space -Ikernel/inter_mesh -Ikernel/solver -Ikernel/core_dynamics -Ikernel/diagnostics -Ikernel/diffusion -Ikernel/external_forcing -Ikernel/initialisation -Ikernel/limited_area -Ikernel/transport -Ikernel/transport/common -Ikernel/transport/fem -Ikernel/transport/ffsl -Ikernel/transport/mol -Ikernel/transport/sl -Ipsy -Isolver -Iinventory -Idiagnostics -Idriver -Idriver/constants -Idriver/iau_multifile_io -Iinitialisation -Iorography -Iphysics -Iconstants -Ivector_space -DLEGACY_MPI -DLEGACY_TIMER -DTIMING_ON -DRDEF_PRECISION=32 -DR_SOLVER_PRECISION=32 -DR_TRAN_PRECISION=32 -DR_BL_PRECISION=32 -DUSE_XIOS -c -o kernel/transport/common/halo_mask_xy_kernel_mod.o kernel/transport/common/halo_mask_xy_kernel_mod.F90 -I/opt/cray/pe/mpich/8.1.32/ofi/gnu/11.2/include -I/opt/cray/pe/mpich/8.1.32/ofi/gnu/11.2/include
[cc] ftn -I/mnt/lustre/e1000/home/z19/z19/lparisi/nfs-testing/environments/benchmarks/opt/linux-rhel9-zen5/gcc-14.2/pfunit-4.12.0-mmtcyvubeu4pxjj5wnfcyz4lbatpghmw/PFUNIT-4.12/include -I/mnt/lustre/e1000/home/z19/z19/lparisi/nfs-testing/environments/benchmarks/opt/linux-rhel9-zen5/gcc-14.2/shumlib-13.0-s2o3dzmwn456wxjsj6jztzd4c5pdctms/include -I/mnt/lustre/e1000/home/z19/z19/lparisi/nfs-testing/environments/benchmarks/opt/linux-rhel9-zen5/gcc-14.2/yaxt-0.11.3-algx2ie6ibanzuhi6k7szojlr2bcetau/include -I/mnt/lustre/e1000/home/z19/z19/lparisi/nfs-testing/environments/benchmarks/opt/linux-rhel9-zen5/gcc-14.2/fargparse-1.9.0-pxhk5m5qndtahdqscaiz2t2s7bnlajcm/FARGPARSE-1.9/include -I/mnt/lustre/e1000/home/z19/z19/lparisi/nfs-testing/environments/benchmarks/opt/linux-rhel9-zen5/gcc-14.2/gftl-shared-1.10.0-xl3tnp2so4qxp5ranh4shjrz7rch22ro/GFTL_SHARED-1.10/include -ffree-line-length-none -fallow-argument-mismatch -fopenmp -g -Wall -Werror=conversion -Werror=unused-variable -Werror=character-truncation -Werror=unused-value -Werror=tabs -Og -std=f2008 -Jmod -Imod -Ifield -Ioperator -Iscalar -IPSYKE -Iconfiguration -Ifunction_space -Ifunction_space/dofmap -Iio -Ikernel_metadata -Ikey_value -Imesh -Iquadrature -Itime -Iutilities -Ialgorithm -Ialgorithm/solver -Ialgorithm/runtime_constants -Ialgorithm/timestepping -Ialgorithm/transport -Ialgorithm/transport/common -Ialgorithm/transport/control -Ialgorithm/transport/ffsl -Ialgorithm/transport/mol -Ialgorithm/transport/sl -Ialgorithm/initialisation -Ialgorithm/physics -Ialgorithm/core_dynamics -Ialgorithm/diagnostics -Ialgorithm/diffusion -Ialgorithm/interpolation -Ialgorithm/limited_area -Ikernel -Ikernel/algebra -Ikernel/columnwise_operators -Ikernel/fem -Ikernel/geometry -Ikernel/inter_element_order -Ikernel/inter_function_space -Ikernel/inter_mesh -Ikernel/solver -Ikernel/core_dynamics -Ikernel/diagnostics -Ikernel/diffusion -Ikernel/external_forcing -Ikernel/initialisation -Ikernel/limited_area -Ikernel/transport -Ikernel/transport/common -Ikernel/transport/fem -Ikernel/transport/ffsl -Ikernel/transport/mol -Ikernel/transport/sl -Ipsy -Isolver -Iinventory -Idiagnostics -Idriver -Idriver/constants -Idriver/iau_multifile_io -Iinitialisation -Iorography -Iphysics -Iconstants -Ivector_space -DLEGACY_MPI -DLEGACY_TIMER -DTIMING_ON -DRDEF_PRECISION=32 -DR_SOLVER_PRECISION=32 -DR_TRAN_PRECISION=32 -DR_BL_PRECISION=32 -DUSE_XIOS -c -o kernel/transport/mol/poly_helper_functions_mod.o kernel/transport/mol/poly_helper_functions_mod.F90 -I/opt/cray/pe/mpich/8.1.32/ofi/gnu/11.2/include -I/opt/cray/pe/mpich/8.1.32/ofi/gnu/11.2/include
[cc] ftn -I/mnt/lustre/e1000/home/z19/z19/lparisi/nfs-testing/environments/benchmarks/opt/linux-rhel9-zen5/gcc-14.2/pfunit-4.12.0-mmtcyvubeu4pxjj5wnfcyz4lbatpghmw/PFUNIT-4.12/include -I/mnt/lustre/e1000/home/z19/z19/lparisi/nfs-testing/environments/benchmarks/opt/linux-rhel9-zen5/gcc-14.2/shumlib-13.0-s2o3dzmwn456wxjsj6jztzd4c5pdctms/include -I/mnt/lustre/e1000/home/z19/z19/lparisi/nfs-testing/environments/benchmarks/opt/linux-rhel9-zen5/gcc-14.2/yaxt-0.11.3-algx2ie6ibanzuhi6k7szojlr2bcetau/include -I/mnt/lustre/e1000/home/z19/z19/lparisi/nfs-testing/environments/benchmarks/opt/linux-rhel9-zen5/gcc-14.2/fargparse-1.9.0-pxhk5m5qndtahdqscaiz2t2s7bnlajcm/FARGPARSE-1.9/include -I/mnt/lustre/e1000/home/z19/z19/lparisi/nfs-testing/environments/benchmarks/opt/linux-rhel9-zen5/gcc-14.2/gftl-shared-1.10.0-xl3tnp2so4qxp5ranh4shjrz7rch22ro/GFTL_SHARED-1.10/include -ffree-line-length-none -fallow-argument-mismatch -fopenmp -g -Wall -Werror=conversion -Werror=unused-variable -Werror=character-truncation -Werror=unused-value -Werror=tabs -Og -std=f2008 -Jmod -Imod -Ifield -Ioperator -Iscalar -IPSYKE -Iconfiguration -Ifunction_space -Ifunction_space/dofmap -Iio -Ikernel_metadata -Ikey_value -Imesh -Iquadrature -Itime -Iutilities -Ialgorithm -Ialgorithm/solver -Ialgorithm/runtime_constants -Ialgorithm/timestepping -Ialgorithm/transport -Ialgorithm/transport/common -Ialgorithm/transport/control -Ialgorithm/transport/ffsl -Ialgorithm/transport/mol -Ialgorithm/transport/sl -Ialgorithm/initialisation -Ialgorithm/physics -Ialgorithm/core_dynamics -Ialgorithm/diagnostics -Ialgorithm/diffusion -Ialgorithm/interpolation -Ialgorithm/limited_area -Ikernel -Ikernel/algebra -Ikernel/columnwise_operators -Ikernel/fem -Ikernel/geometry -Ikernel/inter_element_order -Ikernel/inter_function_space -Ikernel/inter_mesh -Ikernel/solver -Ikernel/core_dynamics -Ikernel/diagnostics -Ikernel/diffusion -Ikernel/external_forcing -Ikernel/initialisation -Ikernel/limited_area -Ikernel/transport -Ikernel/transport/common -Ikernel/transport/fem -Ikernel/transport/ffsl -Ikernel/transport/mol -Ikernel/transport/sl -Ipsy -Isolver -Iinventory -Idiagnostics -Idriver -Idriver/constants -Idriver/iau_multifile_io -Iinitialisation -Iorography -Iphysics -Iconstants -Ivector_space -DLEGACY_MPI -DLEGACY_TIMER -DTIMING_ON -DRDEF_PRECISION=32 -DR_SOLVER_PRECISION=32 -DR_TRAN_PRECISION=32 -DR_BL_PRECISION=32 -DUSE_XIOS -c -o kernel/transport/mol/poly1d_vert_adv_coeffs_kernel_mod.o kernel/transport/mol/poly1d_vert_adv_coeffs_kernel_mod.F90 -I/opt/cray/pe/mpich/8.1.32/ofi/gnu/11.2/include -I/opt/cray/pe/mpich/8.1.32/ofi/gnu/11.2/include
[cc] ftn -I/mnt/lustre/e1000/home/z19/z19/lparisi/nfs-testing/environments/benchmarks/opt/linux-rhel9-zen5/gcc-14.2/pfunit-4.12.0-mmtcyvubeu4pxjj5wnfcyz4lbatpghmw/PFUNIT-4.12/include -I/mnt/lustre/e1000/home/z19/z19/lparisi/nfs-testing/environments/benchmarks/opt/linux-rhel9-zen5/gcc-14.2/shumlib-13.0-s2o3dzmwn456wxjsj6jztzd4c5pdctms/include -I/mnt/lustre/e1000/home/z19/z19/lparisi/nfs-testing/environments/benchmarks/opt/linux-rhel9-zen5/gcc-14.2/yaxt-0.11.3-algx2ie6ibanzuhi6k7szojlr2bcetau/include -I/mnt/lustre/e1000/home/z19/z19/lparisi/nfs-testing/environments/benchmarks/opt/linux-rhel9-zen5/gcc-14.2/fargparse-1.9.0-pxhk5m5qndtahdqscaiz2t2s7bnlajcm/FARGPARSE-1.9/include -I/mnt/lustre/e1000/home/z19/z19/lparisi/nfs-testing/environments/benchmarks/opt/linux-rhel9-zen5/gcc-14.2/gftl-shared-1.10.0-xl3tnp2so4qxp5ranh4shjrz7rch22ro/GFTL_SHARED-1.10/include -ffree-line-length-none -fallow-argument-mismatch -fopenmp -g -Wall -Werror=conversion -Werror=unused-variable -Werror=character-truncation -Werror=unused-value -Werror=tabs -Og -std=f2008 -Jmod -Imod -Ifield -Ioperator -Iscalar -IPSYKE -Iconfiguration -Ifunction_space -Ifunction_space/dofmap -Iio -Ikernel_metadata -Ikey_value -Imesh -Iquadrature -Itime -Iutilities -Ialgorithm -Ialgorithm/solver -Ialgorithm/runtime_constants -Ialgorithm/timestepping -Ialgorithm/transport -Ialgorithm/transport/common -Ialgorithm/transport/control -Ialgorithm/transport/ffsl -Ialgorithm/transport/mol -Ialgorithm/transport/sl -Ialgorithm/initialisation -Ialgorithm/physics -Ialgorithm/core_dynamics -Ialgorithm/diagnostics -Ialgorithm/diffusion -Ialgorithm/interpolation -Ialgorithm/limited_area -Ikernel -Ikernel/algebra -Ikernel/columnwise_operators -Ikernel/fem -Ikernel/geometry -Ikernel/inter_element_order -Ikernel/inter_function_space -Ikernel/inter_mesh -Ikernel/solver -Ikernel/core_dynamics -Ikernel/diagnostics -Ikernel/diffusion -Ikernel/external_forcing -Ikernel/initialisation -Ikernel/limited_area -Ikernel/transport -Ikernel/transport/common -Ikernel/transport/fem -Ikernel/transport/ffsl -Ikernel/transport/mol -Ikernel/transport/sl -Ipsy -Isolver -Iinventory -Idiagnostics -Idriver -Idriver/constants -Idriver/iau_multifile_io -Iinitialisation -Iorography -Iphysics -Iconstants -Ivector_space -DLEGACY_MPI -DLEGACY_TIMER -DTIMING_ON -DRDEF_PRECISION=32 -DR_SOLVER_PRECISION=32 -DR_TRAN_PRECISION=32 -DR_BL_PRECISION=32 -DUSE_XIOS -c -o kernel/transport/sl/vertical_quintic_sl_kernel_mod.o kernel/transport/sl/vertical_quintic_sl_kernel_mod.F90 -I/opt/cray/pe/mpich/8.1.32/ofi/gnu/11.2/include -I/opt/cray/pe/mpich/8.1.32/ofi/gnu/11.2/include
[cc] ftn -I/mnt/lustre/e1000/home/z19/z19/lparisi/nfs-testing/environments/benchmarks/opt/linux-rhel9-zen5/gcc-14.2/pfunit-4.12.0-mmtcyvubeu4pxjj5wnfcyz4lbatpghmw/PFUNIT-4.12/include -I/mnt/lustre/e1000/home/z19/z19/lparisi/nfs-testing/environments/benchmarks/opt/linux-rhel9-zen5/gcc-14.2/shumlib-13.0-s2o3dzmwn456wxjsj6jztzd4c5pdctms/include -I/mnt/lustre/e1000/home/z19/z19/lparisi/nfs-testing/environments/benchmarks/opt/linux-rhel9-zen5/gcc-14.2/yaxt-0.11.3-algx2ie6ibanzuhi6k7szojlr2bcetau/include -I/mnt/lustre/e1000/home/z19/z19/lparisi/nfs-testing/environments/benchmarks/opt/linux-rhel9-zen5/gcc-14.2/fargparse-1.9.0-pxhk5m5qndtahdqscaiz2t2s7bnlajcm/FARGPARSE-1.9/include -I/mnt/lustre/e1000/home/z19/z19/lparisi/nfs-testing/environments/benchmarks/opt/linux-rhel9-zen5/gcc-14.2/gftl-shared-1.10.0-xl3tnp2so4qxp5ranh4shjrz7rch22ro/GFTL_SHARED-1.10/include -ffree-line-length-none -fallow-argument-mismatch -fopenmp -g -Wall -Werror=conversion -Werror=unused-variable -Werror=character-truncation -Werror=unused-value -Werror=tabs -Og -std=f2008 -Jmod -Imod -Ifield -Ioperator -Iscalar -IPSYKE -Iconfiguration -Ifunction_space -Ifunction_space/dofmap -Iio -Ikernel_metadata -Ikey_value -Imesh -Iquadrature -Itime -Iutilities -Ialgorithm -Ialgorithm/solver -Ialgorithm/runtime_constants -Ialgorithm/timestepping -Ialgorithm/transport -Ialgorithm/transport/common -Ialgorithm/transport/control -Ialgorithm/transport/ffsl -Ialgorithm/transport/mol -Ialgorithm/transport/sl -Ialgorithm/initialisation -Ialgorithm/physics -Ialgorithm/core_dynamics -Ialgorithm/diagnostics -Ialgorithm/diffusion -Ialgorithm/interpolation -Ialgorithm/limited_area -Ikernel -Ikernel/algebra -Ikernel/columnwise_operators -Ikernel/fem -Ikernel/geometry -Ikernel/inter_element_order -Ikernel/inter_function_space -Ikernel/inter_mesh -Ikernel/solver -Ikernel/core_dynamics -Ikernel/diagnostics -Ikernel/diffusion -Ikernel/external_forcing -Ikernel/initialisation -Ikernel/limited_area -Ikernel/transport -Ikernel/transport/common -Ikernel/transport/fem -Ikernel/transport/ffsl -Ikernel/transport/mol -Ikernel/transport/sl -Ipsy -Isolver -Iinventory -Idiagnostics -Idriver -Idriver/constants -Idriver/iau_multifile_io -Iinitialisation -Iorography -Iphysics -Iconstants -Ivector_space -DLEGACY_MPI -DLEGACY_TIMER -DTIMING_ON -DRDEF_PRECISION=32 -DR_SOLVER_PRECISION=32 -DR_TRAN_PRECISION=32 -DR_BL_PRECISION=32 -DUSE_XIOS -c -o kernel/transport/sl/vertical_cubic_sl_kernel_mod.o kernel/transport/sl/vertical_cubic_sl_kernel_mod.F90 -I/opt/cray/pe/mpich/8.1.32/ofi/gnu/11.2/include -I/opt/cray/pe/mpich/8.1.32/ofi/gnu/11.2/include
[cc] ftn -I/mnt/lustre/e1000/home/z19/z19/lparisi/nfs-testing/environments/benchmarks/opt/linux-rhel9-zen5/gcc-14.2/pfunit-4.12.0-mmtcyvubeu4pxjj5wnfcyz4lbatpghmw/PFUNIT-4.12/include -I/mnt/lustre/e1000/home/z19/z19/lparisi/nfs-testing/environments/benchmarks/opt/linux-rhel9-zen5/gcc-14.2/shumlib-13.0-s2o3dzmwn456wxjsj6jztzd4c5pdctms/include -I/mnt/lustre/e1000/home/z19/z19/lparisi/nfs-testing/environments/benchmarks/opt/linux-rhel9-zen5/gcc-14.2/yaxt-0.11.3-algx2ie6ibanzuhi6k7szojlr2bcetau/include -I/mnt/lustre/e1000/home/z19/z19/lparisi/nfs-testing/environments/benchmarks/opt/linux-rhel9-zen5/gcc-14.2/fargparse-1.9.0-pxhk5m5qndtahdqscaiz2t2s7bnlajcm/FARGPARSE-1.9/include -I/mnt/lustre/e1000/home/z19/z19/lparisi/nfs-testing/environments/benchmarks/opt/linux-rhel9-zen5/gcc-14.2/gftl-shared-1.10.0-xl3tnp2so4qxp5ranh4shjrz7rch22ro/GFTL_SHARED-1.10/include -ffree-line-length-none -fallow-argument-mismatch -fopenmp -g -Wall -Werror=conversion -Werror=unused-variable -Werror=character-truncation -Werror=unused-value -Werror=tabs -Og -std=f2008 -Jmod -Imod -Ifield -Ioperator -Iscalar -IPSYKE -Iconfiguration -Ifunction_space -Ifunction_space/dofmap -Iio -Ikernel_metadata -Ikey_value -Imesh -Iquadrature -Itime -Iutilities -Ialgorithm -Ialgorithm/solver -Ialgorithm/runtime_constants -Ialgorithm/timestepping -Ialgorithm/transport -Ialgorithm/transport/common -Ialgorithm/transport/control -Ialgorithm/transport/ffsl -Ialgorithm/transport/mol -Ialgorithm/transport/sl -Ialgorithm/initialisation -Ialgorithm/physics -Ialgorithm/core_dynamics -Ialgorithm/diagnostics -Ialgorithm/diffusion -Ialgorithm/interpolation -Ialgorithm/limited_area -Ikernel -Ikernel/algebra -Ikernel/columnwise_operators -Ikernel/fem -Ikernel/geometry -Ikernel/inter_element_order -Ikernel/inter_function_space -Ikernel/inter_mesh -Ikernel/solver -Ikernel/core_dynamics -Ikernel/diagnostics -Ikernel/diffusion -Ikernel/external_forcing -Ikernel/initialisation -Ikernel/limited_area -Ikernel/transport -Ikernel/transport/common -Ikernel/transport/fem -Ikernel/transport/ffsl -Ikernel/transport/mol -Ikernel/transport/sl -Ipsy -Isolver -Iinventory -Idiagnostics -Idriver -Idriver/constants -Idriver/iau_multifile_io -Iinitialisation -Iorography -Iphysics -Iconstants -Ivector_space -c -o solver/sci_hierarchical_preconditioner_mod.o solver/sci_hierarchical_preconditioner_mod.f90 -I/opt/cray/pe/mpich/8.1.32/ofi/gnu/11.2/include -I/opt/cray/pe/mpich/8.1.32/ofi/gnu/11.2/include
[cc] ftn -I/mnt/lustre/e1000/home/z19/z19/lparisi/nfs-testing/environments/benchmarks/opt/linux-rhel9-zen5/gcc-14.2/pfunit-4.12.0-mmtcyvubeu4pxjj5wnfcyz4lbatpghmw/PFUNIT-4.12/include -I/mnt/lustre/e1000/home/z19/z19/lparisi/nfs-testing/environments/benchmarks/opt/linux-rhel9-zen5/gcc-14.2/shumlib-13.0-s2o3dzmwn456wxjsj6jztzd4c5pdctms/include -I/mnt/lustre/e1000/home/z19/z19/lparisi/nfs-testing/environments/benchmarks/opt/linux-rhel9-zen5/gcc-14.2/yaxt-0.11.3-algx2ie6ibanzuhi6k7szojlr2bcetau/include -I/mnt/lustre/e1000/home/z19/z19/lparisi/nfs-testing/environments/benchmarks/opt/linux-rhel9-zen5/gcc-14.2/fargparse-1.9.0-pxhk5m5qndtahdqscaiz2t2s7bnlajcm/FARGPARSE-1.9/include -I/mnt/lustre/e1000/home/z19/z19/lparisi/nfs-testing/environments/benchmarks/opt/linux-rhel9-zen5/gcc-14.2/gftl-shared-1.10.0-xl3tnp2so4qxp5ranh4shjrz7rch22ro/GFTL_SHARED-1.10/include -ffree-line-length-none -fallow-argument-mismatch -fopenmp -g -Wall -Werror=conversion -Werror=unused-variable -Werror=character-truncation -Werror=unused-value -Werror=tabs -Og -std=f2008 -Jmod -Imod -Ifield -Ioperator -Iscalar -IPSYKE -Iconfiguration -Ifunction_space -Ifunction_space/dofmap -Iio -Ikernel_metadata -Ikey_value -Imesh -Iquadrature -Itime -Iutilities -Ialgorithm -Ialgorithm/solver -Ialgorithm/runtime_constants -Ialgorithm/timestepping -Ialgorithm/transport -Ialgorithm/transport/common -Ialgorithm/transport/control -Ialgorithm/transport/ffsl -Ialgorithm/transport/mol -Ialgorithm/transport/sl -Ialgorithm/initialisation -Ialgorithm/physics -Ialgorithm/core_dynamics -Ialgorithm/diagnostics -Ialgorithm/diffusion -Ialgorithm/interpolation -Ialgorithm/limited_area -Ikernel -Ikernel/algebra -Ikernel/columnwise_operators -Ikernel/fem -Ikernel/geometry -Ikernel/inter_element_order -Ikernel/inter_function_space -Ikernel/inter_mesh -Ikernel/solver -Ikernel/core_dynamics -Ikernel/diagnostics -Ikernel/diffusion -Ikernel/external_forcing -Ikernel/initialisation -Ikernel/limited_area -Ikernel/transport -Ikernel/transport/common -Ikernel/transport/fem -Ikernel/transport/ffsl -Ikernel/transport/mol -Ikernel/transport/sl -Ipsy -Isolver -Iinventory -Idiagnostics -Idriver -Idriver/constants -Idriver/iau_multifile_io -Iinitialisation -Iorography -Iphysics -Iconstants -Ivector_space -DLEGACY_MPI -DLEGACY_TIMER -DTIMING_ON -DRDEF_PRECISION=32 -DR_SOLVER_PRECISION=32 -DR_TRAN_PRECISION=32 -DR_BL_PRECISION=32 -DUSE_XIOS -c -o mesh/global_mesh_map_collection_mod.o mesh/global_mesh_map_collection_mod.F90 -I/opt/cray/pe/mpich/8.1.32/ofi/gnu/11.2/include -I/opt/cray/pe/mpich/8.1.32/ofi/gnu/11.2/include
[cc] ftn -I/mnt/lustre/e1000/home/z19/z19/lparisi/nfs-testing/environments/benchmarks/opt/linux-rhel9-zen5/gcc-14.2/pfunit-4.12.0-mmtcyvubeu4pxjj5wnfcyz4lbatpghmw/PFUNIT-4.12/include -I/mnt/lustre/e1000/home/z19/z19/lparisi/nfs-testing/environments/benchmarks/opt/linux-rhel9-zen5/gcc-14.2/shumlib-13.0-s2o3dzmwn456wxjsj6jztzd4c5pdctms/include -I/mnt/lustre/e1000/home/z19/z19/lparisi/nfs-testing/environments/benchmarks/opt/linux-rhel9-zen5/gcc-14.2/yaxt-0.11.3-algx2ie6ibanzuhi6k7szojlr2bcetau/include -I/mnt/lustre/e1000/home/z19/z19/lparisi/nfs-testing/environments/benchmarks/opt/linux-rhel9-zen5/gcc-14.2/fargparse-1.9.0-pxhk5m5qndtahdqscaiz2t2s7bnlajcm/FARGPARSE-1.9/include -I/mnt/lustre/e1000/home/z19/z19/lparisi/nfs-testing/environments/benchmarks/opt/linux-rhel9-zen5/gcc-14.2/gftl-shared-1.10.0-xl3tnp2so4qxp5ranh4shjrz7rch22ro/GFTL_SHARED-1.10/include -ffree-line-length-none -fallow-argument-mismatch -fopenmp -g -Wall -Werror=conversion -Werror=unused-variable -Werror=character-truncation -Werror=unused-value -Werror=tabs -Og -std=f2008 -Jmod -Imod -Ifield -Ioperator -Iscalar -IPSYKE -Iconfiguration -Ifunction_space -Ifunction_space/dofmap -Iio -Ikernel_metadata -Ikey_value -Imesh -Iquadrature -Itime -Iutilities -Ialgorithm -Ialgorithm/solver -Ialgorithm/runtime_constants -Ialgorithm/timestepping -Ialgorithm/transport -Ialgorithm/transport/common -Ialgorithm/transport/control -Ialgorithm/transport/ffsl -Ialgorithm/transport/mol -Ialgorithm/transport/sl -Ialgorithm/initialisation -Ialgorithm/physics -Ialgorithm/core_dynamics -Ialgorithm/diagnostics -Ialgorithm/diffusion -Ialgorithm/interpolation -Ialgorithm/limited_area -Ikernel -Ikernel/algebra -Ikernel/columnwise_operators -Ikernel/fem -Ikernel/geometry -Ikernel/inter_element_order -Ikernel/inter_function_space -Ikernel/inter_mesh -Ikernel/solver -Ikernel/core_dynamics -Ikernel/diagnostics -Ikernel/diffusion -Ikernel/external_forcing -Ikernel/initialisation -Ikernel/limited_area -Ikernel/transport -Ikernel/transport/common -Ikernel/transport/fem -Ikernel/transport/ffsl -Ikernel/transport/mol -Ikernel/transport/sl -Ipsy -Isolver -Iinventory -Idiagnostics -Idriver -Idriver/constants -Idriver/iau_multifile_io -Iinitialisation -Iorography -Iphysics -Iconstants -Ivector_space -c -o mesh/local_mesh_map_collection_mod.o mesh/local_mesh_map_collection_mod.f90 -I/opt/cray/pe/mpich/8.1.32/ofi/gnu/11.2/include -I/opt/cray/pe/mpich/8.1.32/ofi/gnu/11.2/include
[cc] ftn -I/mnt/lustre/e1000/home/z19/z19/lparisi/nfs-testing/environments/benchmarks/opt/linux-rhel9-zen5/gcc-14.2/pfunit-4.12.0-mmtcyvubeu4pxjj5wnfcyz4lbatpghmw/PFUNIT-4.12/include -I/mnt/lustre/e1000/home/z19/z19/lparisi/nfs-testing/environments/benchmarks/opt/linux-rhel9-zen5/gcc-14.2/shumlib-13.0-s2o3dzmwn456wxjsj6jztzd4c5pdctms/include -I/mnt/lustre/e1000/home/z19/z19/lparisi/nfs-testing/environments/benchmarks/opt/linux-rhel9-zen5/gcc-14.2/yaxt-0.11.3-algx2ie6ibanzuhi6k7szojlr2bcetau/include -I/mnt/lustre/e1000/home/z19/z19/lparisi/nfs-testing/environments/benchmarks/opt/linux-rhel9-zen5/gcc-14.2/fargparse-1.9.0-pxhk5m5qndtahdqscaiz2t2s7bnlajcm/FARGPARSE-1.9/include -I/mnt/lustre/e1000/home/z19/z19/lparisi/nfs-testing/environments/benchmarks/opt/linux-rhel9-zen5/gcc-14.2/gftl-shared-1.10.0-xl3tnp2so4qxp5ranh4shjrz7rch22ro/GFTL_SHARED-1.10/include -ffree-line-length-none -fallow-argument-mismatch -fopenmp -g -Wall -Werror=conversion -Werror=unused-variable -Werror=character-truncation -Werror=unused-value -Werror=tabs -Og -std=f2008 -Jmod -Imod -Ifield -Ioperator -Iscalar -IPSYKE -Iconfiguration -Ifunction_space -Ifunction_space/dofmap -Iio -Ikernel_metadata -Ikey_value -Imesh -Iquadrature -Itime -Iutilities -Ialgorithm -Ialgorithm/solver -Ialgorithm/runtime_constants -Ialgorithm/timestepping -Ialgorithm/transport -Ialgorithm/transport/common -Ialgorithm/transport/control -Ialgorithm/transport/ffsl -Ialgorithm/transport/mol -Ialgorithm/transport/sl -Ialgorithm/initialisation -Ialgorithm/physics -Ialgorithm/core_dynamics -Ialgorithm/diagnostics -Ialgorithm/diffusion -Ialgorithm/interpolation -Ialgorithm/limited_area -Ikernel -Ikernel/algebra -Ikernel/columnwise_operators -Ikernel/fem -Ikernel/geometry -Ikernel/inter_element_order -Ikernel/inter_function_space -Ikernel/inter_mesh -Ikernel/solver -Ikernel/core_dynamics -Ikernel/diagnostics -Ikernel/diffusion -Ikernel/external_forcing -Ikernel/initialisation -Ikernel/limited_area -Ikernel/transport -Ikernel/transport/common -Ikernel/transport/fem -Ikernel/transport/ffsl -Ikernel/transport/mol -Ikernel/transport/sl -Ipsy -Isolver -Iinventory -Idiagnostics -Idriver -Idriver/constants -Idriver/iau_multifile_io -Iinitialisation -Iorography -Iphysics -Iconstants -Ivector_space -DLEGACY_MPI -DLEGACY_TIMER -DTIMING_ON -DRDEF_PRECISION=32 -DR_SOLVER_PRECISION=32 -DR_TRAN_PRECISION=32 -DR_BL_PRECISION=32 -DUSE_XIOS -c -o utilities/halo_comms_mod.o utilities/halo_comms_mod.F90 -I/opt/cray/pe/mpich/8.1.32/ofi/gnu/11.2/include -I/opt/cray/pe/mpich/8.1.32/ofi/gnu/11.2/include
[cc] ftn -I/mnt/lustre/e1000/home/z19/z19/lparisi/nfs-testing/environments/benchmarks/opt/linux-rhel9-zen5/gcc-14.2/pfunit-4.12.0-mmtcyvubeu4pxjj5wnfcyz4lbatpghmw/PFUNIT-4.12/include -I/mnt/lustre/e1000/home/z19/z19/lparisi/nfs-testing/environments/benchmarks/opt/linux-rhel9-zen5/gcc-14.2/shumlib-13.0-s2o3dzmwn456wxjsj6jztzd4c5pdctms/include -I/mnt/lustre/e1000/home/z19/z19/lparisi/nfs-testing/environments/benchmarks/opt/linux-rhel9-zen5/gcc-14.2/yaxt-0.11.3-algx2ie6ibanzuhi6k7szojlr2bcetau/include -I/mnt/lustre/e1000/home/z19/z19/lparisi/nfs-testing/environments/benchmarks/opt/linux-rhel9-zen5/gcc-14.2/fargparse-1.9.0-pxhk5m5qndtahdqscaiz2t2s7bnlajcm/FARGPARSE-1.9/include -I/mnt/lustre/e1000/home/z19/z19/lparisi/nfs-testing/environments/benchmarks/opt/linux-rhel9-zen5/gcc-14.2/gftl-shared-1.10.0-xl3tnp2so4qxp5ranh4shjrz7rch22ro/GFTL_SHARED-1.10/include -ffree-line-length-none -fallow-argument-mismatch -fopenmp -g -Wall -Werror=conversion -Werror=unused-variable -Werror=character-truncation -Werror=unused-value -Werror=tabs -Og -std=f2008 -Jmod -Imod -Ifield -Ioperator -Iscalar -IPSYKE -Iconfiguration -Ifunction_space -Ifunction_space/dofmap -Iio -Ikernel_metadata -Ikey_value -Imesh -Iquadrature -Itime -Iutilities -Ialgorithm -Ialgorithm/solver -Ialgorithm/runtime_constants -Ialgorithm/timestepping -Ialgorithm/transport -Ialgorithm/transport/common -Ialgorithm/transport/control -Ialgorithm/transport/ffsl -Ialgorithm/transport/mol -Ialgorithm/transport/sl -Ialgorithm/initialisation -Ialgorithm/physics -Ialgorithm/core_dynamics -Ialgorithm/diagnostics -Ialgorithm/diffusion -Ialgorithm/interpolation -Ialgorithm/limited_area -Ikernel -Ikernel/algebra -Ikernel/columnwise_operators -Ikernel/fem -Ikernel/geometry -Ikernel/inter_element_order -Ikernel/inter_function_space -Ikernel/inter_mesh -Ikernel/solver -Ikernel/core_dynamics -Ikernel/diagnostics -Ikernel/diffusion -Ikernel/external_forcing -Ikernel/initialisation -Ikernel/limited_area -Ikernel/transport -Ikernel/transport/common -Ikernel/transport/fem -Ikernel/transport/ffsl -Ikernel/transport/mol -Ikernel/transport/sl -Ipsy -Isolver -Iinventory -Idiagnostics -Idriver -Idriver/constants -Idriver/iau_multifile_io -Iinitialisation -Iorography -Iphysics -Iconstants -Ivector_space -DLEGACY_MPI -DLEGACY_TIMER -DTIMING_ON -DRDEF_PRECISION=32 -DR_SOLVER_PRECISION=32 -DR_TRAN_PRECISION=32 -DR_BL_PRECISION=32 -DUSE_XIOS -c -o mesh/mesh_constructor_helper_functions_mod.o mesh/mesh_constructor_helper_functions_mod.F90 -I/opt/cray/pe/mpich/8.1.32/ofi/gnu/11.2/include -I/opt/cray/pe/mpich/8.1.32/ofi/gnu/11.2/include
[cc] ftn -I/mnt/lustre/e1000/home/z19/z19/lparisi/nfs-testing/environments/benchmarks/opt/linux-rhel9-zen5/gcc-14.2/pfunit-4.12.0-mmtcyvubeu4pxjj5wnfcyz4lbatpghmw/PFUNIT-4.12/include -I/mnt/lustre/e1000/home/z19/z19/lparisi/nfs-testing/environments/benchmarks/opt/linux-rhel9-zen5/gcc-14.2/shumlib-13.0-s2o3dzmwn456wxjsj6jztzd4c5pdctms/include -I/mnt/lustre/e1000/home/z19/z19/lparisi/nfs-testing/environments/benchmarks/opt/linux-rhel9-zen5/gcc-14.2/yaxt-0.11.3-algx2ie6ibanzuhi6k7szojlr2bcetau/include -I/mnt/lustre/e1000/home/z19/z19/lparisi/nfs-testing/environments/benchmarks/opt/linux-rhel9-zen5/gcc-14.2/fargparse-1.9.0-pxhk5m5qndtahdqscaiz2t2s7bnlajcm/FARGPARSE-1.9/include -I/mnt/lustre/e1000/home/z19/z19/lparisi/nfs-testing/environments/benchmarks/opt/linux-rhel9-zen5/gcc-14.2/gftl-shared-1.10.0-xl3tnp2so4qxp5ranh4shjrz7rch22ro/GFTL_SHARED-1.10/include -ffree-line-length-none -fallow-argument-mismatch -fopenmp -g -Wall -Werror=conversion -Werror=unused-variable -Werror=character-truncation -Werror=unused-value -Werror=tabs -Og -std=f2008 -Jmod -Imod -Ifield -Ioperator -Iscalar -IPSYKE -Iconfiguration -Ifunction_space -Ifunction_space/dofmap -Iio -Ikernel_metadata -Ikey_value -Imesh -Iquadrature -Itime -Iutilities -Ialgorithm -Ialgorithm/solver -Ialgorithm/runtime_constants -Ialgorithm/timestepping -Ialgorithm/transport -Ialgorithm/transport/common -Ialgorithm/transport/control -Ialgorithm/transport/ffsl -Ialgorithm/transport/mol -Ialgorithm/transport/sl -Ialgorithm/initialisation -Ialgorithm/physics -Ialgorithm/core_dynamics -Ialgorithm/diagnostics -Ialgorithm/diffusion -Ialgorithm/interpolation -Ialgorithm/limited_area -Ikernel -Ikernel/algebra -Ikernel/columnwise_operators -Ikernel/fem -Ikernel/geometry -Ikernel/inter_element_order -Ikernel/inter_function_space -Ikernel/inter_mesh -Ikernel/solver -Ikernel/core_dynamics -Ikernel/diagnostics -Ikernel/diffusion -Ikernel/external_forcing -Ikernel/initialisation -Ikernel/limited_area -Ikernel/transport -Ikernel/transport/common -Ikernel/transport/fem -Ikernel/transport/ffsl -Ikernel/transport/mol -Ikernel/transport/sl -Ipsy -Isolver -Iinventory -Idiagnostics -Idriver -Idriver/constants -Idriver/iau_multifile_io -Iinitialisation -Iorography -Iphysics -Iconstants -Ivector_space -c -o utilities/count_mod.o utilities/count_mod.f90 -I/opt/cray/pe/mpich/8.1.32/ofi/gnu/11.2/include -I/opt/cray/pe/mpich/8.1.32/ofi/gnu/11.2/include
[cc] ftn -I/mnt/lustre/e1000/home/z19/z19/lparisi/nfs-testing/environments/benchmarks/opt/linux-rhel9-zen5/gcc-14.2/pfunit-4.12.0-mmtcyvubeu4pxjj5wnfcyz4lbatpghmw/PFUNIT-4.12/include -I/mnt/lustre/e1000/home/z19/z19/lparisi/nfs-testing/environments/benchmarks/opt/linux-rhel9-zen5/gcc-14.2/shumlib-13.0-s2o3dzmwn456wxjsj6jztzd4c5pdctms/include -I/mnt/lustre/e1000/home/z19/z19/lparisi/nfs-testing/environments/benchmarks/opt/linux-rhel9-zen5/gcc-14.2/yaxt-0.11.3-algx2ie6ibanzuhi6k7szojlr2bcetau/include -I/mnt/lustre/e1000/home/z19/z19/lparisi/nfs-testing/environments/benchmarks/opt/linux-rhel9-zen5/gcc-14.2/fargparse-1.9.0-pxhk5m5qndtahdqscaiz2t2s7bnlajcm/FARGPARSE-1.9/include -I/mnt/lustre/e1000/home/z19/z19/lparisi/nfs-testing/environments/benchmarks/opt/linux-rhel9-zen5/gcc-14.2/gftl-shared-1.10.0-xl3tnp2so4qxp5ranh4shjrz7rch22ro/GFTL_SHARED-1.10/include -ffree-line-length-none -fallow-argument-mismatch -fopenmp -g -Wall -Werror=conversion -Werror=unused-variable -Werror=character-truncation -Werror=unused-value -Werror=tabs -Og -std=f2008 -Jmod -Imod -Ifield -Ioperator -Iscalar -IPSYKE -Iconfiguration -Ifunction_space -Ifunction_space/dofmap -Iio -Ikernel_metadata -Ikey_value -Imesh -Iquadrature -Itime -Iutilities -Ialgorithm -Ialgorithm/solver -Ialgorithm/runtime_constants -Ialgorithm/timestepping -Ialgorithm/transport -Ialgorithm/transport/common -Ialgorithm/transport/control -Ialgorithm/transport/ffsl -Ialgorithm/transport/mol -Ialgorithm/transport/sl -Ialgorithm/initialisation -Ialgorithm/physics -Ialgorithm/core_dynamics -Ialgorithm/diagnostics -Ialgorithm/diffusion -Ialgorithm/interpolation -Ialgorithm/limited_area -Ikernel -Ikernel/algebra -Ikernel/columnwise_operators -Ikernel/fem -Ikernel/geometry -Ikernel/inter_element_order -Ikernel/inter_function_space -Ikernel/inter_mesh -Ikernel/solver -Ikernel/core_dynamics -Ikernel/diagnostics -Ikernel/diffusion -Ikernel/external_forcing -Ikernel/initialisation -Ikernel/limited_area -Ikernel/transport -Ikernel/transport/common -Ikernel/transport/fem -Ikernel/transport/ffsl -Ikernel/transport/mol -Ikernel/transport/sl -Ipsy -Isolver -Iinventory -Idiagnostics -Idriver -Idriver/constants -Idriver/iau_multifile_io -Iinitialisation -Iorography -Iphysics -Iconstants -Ivector_space -c -o key_value/key_value_collection_mod.o key_value/key_value_collection_mod.f90 -I/opt/cray/pe/mpich/8.1.32/ofi/gnu/11.2/include -I/opt/cray/pe/mpich/8.1.32/ofi/gnu/11.2/include
[cc] ftn -I/mnt/lustre/e1000/home/z19/z19/lparisi/nfs-testing/environments/benchmarks/opt/linux-rhel9-zen5/gcc-14.2/pfunit-4.12.0-mmtcyvubeu4pxjj5wnfcyz4lbatpghmw/PFUNIT-4.12/include -I/mnt/lustre/e1000/home/z19/z19/lparisi/nfs-testing/environments/benchmarks/opt/linux-rhel9-zen5/gcc-14.2/shumlib-13.0-s2o3dzmwn456wxjsj6jztzd4c5pdctms/include -I/mnt/lustre/e1000/home/z19/z19/lparisi/nfs-testing/environments/benchmarks/opt/linux-rhel9-zen5/gcc-14.2/yaxt-0.11.3-algx2ie6ibanzuhi6k7szojlr2bcetau/include -I/mnt/lustre/e1000/home/z19/z19/lparisi/nfs-testing/environments/benchmarks/opt/linux-rhel9-zen5/gcc-14.2/fargparse-1.9.0-pxhk5m5qndtahdqscaiz2t2s7bnlajcm/FARGPARSE-1.9/include -I/mnt/lustre/e1000/home/z19/z19/lparisi/nfs-testing/environments/benchmarks/opt/linux-rhel9-zen5/gcc-14.2/gftl-shared-1.10.0-xl3tnp2so4qxp5ranh4shjrz7rch22ro/GFTL_SHARED-1.10/include -ffree-line-length-none -fallow-argument-mismatch -fopenmp -g -Wall -Werror=conversion -Werror=unused-variable -Werror=character-truncation -Werror=unused-value -Werror=tabs -Og -std=f2008 -Jmod -Imod -Ifield -Ioperator -Iscalar -IPSYKE -Iconfiguration -Ifunction_space -Ifunction_space/dofmap -Iio -Ikernel_metadata -Ikey_value -Imesh -Iquadrature -Itime -Iutilities -Ialgorithm -Ialgorithm/solver -Ialgorithm/runtime_constants -Ialgorithm/timestepping -Ialgorithm/transport -Ialgorithm/transport/common -Ialgorithm/transport/control -Ialgorithm/transport/ffsl -Ialgorithm/transport/mol -Ialgorithm/transport/sl -Ialgorithm/initialisation -Ialgorithm/physics -Ialgorithm/core_dynamics -Ialgorithm/diagnostics -Ialgorithm/diffusion -Ialgorithm/interpolation -Ialgorithm/limited_area -Ikernel -Ikernel/algebra -Ikernel/columnwise_operators -Ikernel/fem -Ikernel/geometry -Ikernel/inter_element_order -Ikernel/inter_function_space -Ikernel/inter_mesh -Ikernel/solver -Ikernel/core_dynamics -Ikernel/diagnostics -Ikernel/diffusion -Ikernel/external_forcing -Ikernel/initialisation -Ikernel/limited_area -Ikernel/transport -Ikernel/transport/common -Ikernel/transport/fem -Ikernel/transport/ffsl -Ikernel/transport/mol -Ikernel/transport/sl -Ipsy -Isolver -Iinventory -Idiagnostics -Idriver -Idriver/constants -Idriver/iau_multifile_io -Iinitialisation -Iorography -Iphysics -Iconstants -Ivector_space -c -o time/event_mod.o time/event_mod.f90 -I/opt/cray/pe/mpich/8.1.32/ofi/gnu/11.2/include -I/opt/cray/pe/mpich/8.1.32/ofi/gnu/11.2/include
[cc] ftn -I/mnt/lustre/e1000/home/z19/z19/lparisi/nfs-testing/environments/benchmarks/opt/linux-rhel9-zen5/gcc-14.2/pfunit-4.12.0-mmtcyvubeu4pxjj5wnfcyz4lbatpghmw/PFUNIT-4.12/include -I/mnt/lustre/e1000/home/z19/z19/lparisi/nfs-testing/environments/benchmarks/opt/linux-rhel9-zen5/gcc-14.2/shumlib-13.0-s2o3dzmwn456wxjsj6jztzd4c5pdctms/include -I/mnt/lustre/e1000/home/z19/z19/lparisi/nfs-testing/environments/benchmarks/opt/linux-rhel9-zen5/gcc-14.2/yaxt-0.11.3-algx2ie6ibanzuhi6k7szojlr2bcetau/include -I/mnt/lustre/e1000/home/z19/z19/lparisi/nfs-testing/environments/benchmarks/opt/linux-rhel9-zen5/gcc-14.2/fargparse-1.9.0-pxhk5m5qndtahdqscaiz2t2s7bnlajcm/FARGPARSE-1.9/include -I/mnt/lustre/e1000/home/z19/z19/lparisi/nfs-testing/environments/benchmarks/opt/linux-rhel9-zen5/gcc-14.2/gftl-shared-1.10.0-xl3tnp2so4qxp5ranh4shjrz7rch22ro/GFTL_SHARED-1.10/include -ffree-line-length-none -fallow-argument-mismatch -fopenmp -g -Wall -Werror=conversion -Werror=unused-variable -Werror=character-truncation -Werror=unused-value -Werror=tabs -Og -std=f2008 -Jmod -Imod -Ifield -Ioperator -Iscalar -IPSYKE -Iconfiguration -Ifunction_space -Ifunction_space/dofmap -Iio -Ikernel_metadata -Ikey_value -Imesh -Iquadrature -Itime -Iutilities -Ialgorithm -Ialgorithm/solver -Ialgorithm/runtime_constants -Ialgorithm/timestepping -Ialgorithm/transport -Ialgorithm/transport/common -Ialgorithm/transport/control -Ialgorithm/transport/ffsl -Ialgorithm/transport/mol -Ialgorithm/transport/sl -Ialgorithm/initialisation -Ialgorithm/physics -Ialgorithm/core_dynamics -Ialgorithm/diagnostics -Ialgorithm/diffusion -Ialgorithm/interpolation -Ialgorithm/limited_area -Ikernel -Ikernel/algebra -Ikernel/columnwise_operators -Ikernel/fem -Ikernel/geometry -Ikernel/inter_element_order -Ikernel/inter_function_space -Ikernel/inter_mesh -Ikernel/solver -Ikernel/core_dynamics -Ikernel/diagnostics -Ikernel/diffusion -Ikernel/external_forcing -Ikernel/initialisation -Ikernel/limited_area -Ikernel/transport -Ikernel/transport/common -Ikernel/transport/fem -Ikernel/transport/ffsl -Ikernel/transport/mol -Ikernel/transport/sl -Ipsy -Isolver -Iinventory -Idiagnostics -Idriver -Idriver/constants -Idriver/iau_multifile_io -Iinitialisation -Iorography -Iphysics -Iconstants -Ivector_space -DLEGACY_MPI -DLEGACY_TIMER -DTIMING_ON -DRDEF_PRECISION=32 -DR_SOLVER_PRECISION=32 -DR_TRAN_PRECISION=32 -DR_BL_PRECISION=32 -DUSE_XIOS -c -o utilities/timer_mod.o utilities/timer_mod.F90 -I/opt/cray/pe/mpich/8.1.32/ofi/gnu/11.2/include -I/opt/cray/pe/mpich/8.1.32/ofi/gnu/11.2/include
[cc] ftn -I/mnt/lustre/e1000/home/z19/z19/lparisi/nfs-testing/environments/benchmarks/opt/linux-rhel9-zen5/gcc-14.2/pfunit-4.12.0-mmtcyvubeu4pxjj5wnfcyz4lbatpghmw/PFUNIT-4.12/include -I/mnt/lustre/e1000/home/z19/z19/lparisi/nfs-testing/environments/benchmarks/opt/linux-rhel9-zen5/gcc-14.2/shumlib-13.0-s2o3dzmwn456wxjsj6jztzd4c5pdctms/include -I/mnt/lustre/e1000/home/z19/z19/lparisi/nfs-testing/environments/benchmarks/opt/linux-rhel9-zen5/gcc-14.2/yaxt-0.11.3-algx2ie6ibanzuhi6k7szojlr2bcetau/include -I/mnt/lustre/e1000/home/z19/z19/lparisi/nfs-testing/environments/benchmarks/opt/linux-rhel9-zen5/gcc-14.2/fargparse-1.9.0-pxhk5m5qndtahdqscaiz2t2s7bnlajcm/FARGPARSE-1.9/include -I/mnt/lustre/e1000/home/z19/z19/lparisi/nfs-testing/environments/benchmarks/opt/linux-rhel9-zen5/gcc-14.2/gftl-shared-1.10.0-xl3tnp2so4qxp5ranh4shjrz7rch22ro/GFTL_SHARED-1.10/include -ffree-line-length-none -fallow-argument-mismatch -fopenmp -g -Wall -Werror=conversion -Werror=unused-variable -Werror=character-truncation -Werror=unused-value -Werror=tabs -Og -std=f2008 -Jmod -Imod -Ifield -Ioperator -Iscalar -IPSYKE -Iconfiguration -Ifunction_space -Ifunction_space/dofmap -Iio -Ikernel_metadata -Ikey_value -Imesh -Iquadrature -Itime -Iutilities -Ialgorithm -Ialgorithm/solver -Ialgorithm/runtime_constants -Ialgorithm/timestepping -Ialgorithm/transport -Ialgorithm/transport/common -Ialgorithm/transport/control -Ialgorithm/transport/ffsl -Ialgorithm/transport/mol -Ialgorithm/transport/sl -Ialgorithm/initialisation -Ialgorithm/physics -Ialgorithm/core_dynamics -Ialgorithm/diagnostics -Ialgorithm/diffusion -Ialgorithm/interpolation -Ialgorithm/limited_area -Ikernel -Ikernel/algebra -Ikernel/columnwise_operators -Ikernel/fem -Ikernel/geometry -Ikernel/inter_element_order -Ikernel/inter_function_space -Ikernel/inter_mesh -Ikernel/solver -Ikernel/core_dynamics -Ikernel/diagnostics -Ikernel/diffusion -Ikernel/external_forcing -Ikernel/initialisation -Ikernel/limited_area -Ikernel/transport -Ikernel/transport/common -Ikernel/transport/fem -Ikernel/transport/ffsl -Ikernel/transport/mol -Ikernel/transport/sl -Ipsy -Isolver -Iinventory -Idiagnostics -Idriver -Idriver/constants -Idriver/iau_multifile_io -Iinitialisation -Iorography -Iphysics -Iconstants -Ivector_space -c -o configuration/namelist_item_mod.o configuration/namelist_item_mod.f90 -I/opt/cray/pe/mpich/8.1.32/ofi/gnu/11.2/include -I/opt/cray/pe/mpich/8.1.32/ofi/gnu/11.2/include
[cc] ftn -I/mnt/lustre/e1000/home/z19/z19/lparisi/nfs-testing/environments/benchmarks/opt/linux-rhel9-zen5/gcc-14.2/pfunit-4.12.0-mmtcyvubeu4pxjj5wnfcyz4lbatpghmw/PFUNIT-4.12/include -I/mnt/lustre/e1000/home/z19/z19/lparisi/nfs-testing/environments/benchmarks/opt/linux-rhel9-zen5/gcc-14.2/shumlib-13.0-s2o3dzmwn456wxjsj6jztzd4c5pdctms/include -I/mnt/lustre/e1000/home/z19/z19/lparisi/nfs-testing/environments/benchmarks/opt/linux-rhel9-zen5/gcc-14.2/yaxt-0.11.3-algx2ie6ibanzuhi6k7szojlr2bcetau/include -I/mnt/lustre/e1000/home/z19/z19/lparisi/nfs-testing/environments/benchmarks/opt/linux-rhel9-zen5/gcc-14.2/fargparse-1.9.0-pxhk5m5qndtahdqscaiz2t2s7bnlajcm/FARGPARSE-1.9/include -I/mnt/lustre/e1000/home/z19/z19/lparisi/nfs-testing/environments/benchmarks/opt/linux-rhel9-zen5/gcc-14.2/gftl-shared-1.10.0-xl3tnp2so4qxp5ranh4shjrz7rch22ro/GFTL_SHARED-1.10/include -ffree-line-length-none -fallow-argument-mismatch -fopenmp -g -Wall -Werror=conversion -Werror=unused-variable -Werror=character-truncation -Werror=unused-value -Werror=tabs -Og -std=f2008 -Jmod -Imod -Ifield -Ioperator -Iscalar -IPSYKE -Iconfiguration -Ifunction_space -Ifunction_space/dofmap -Iio -Ikernel_metadata -Ikey_value -Imesh -Iquadrature -Itime -Iutilities -Ialgorithm -Ialgorithm/solver -Ialgorithm/runtime_constants -Ialgorithm/timestepping -Ialgorithm/transport -Ialgorithm/transport/common -Ialgorithm/transport/control -Ialgorithm/transport/ffsl -Ialgorithm/transport/mol -Ialgorithm/transport/sl -Ialgorithm/initialisation -Ialgorithm/physics -Ialgorithm/core_dynamics -Ialgorithm/diagnostics -Ialgorithm/diffusion -Ialgorithm/interpolation -Ialgorithm/limited_area -Ikernel -Ikernel/algebra -Ikernel/columnwise_operators -Ikernel/fem -Ikernel/geometry -Ikernel/inter_element_order -Ikernel/inter_function_space -Ikernel/inter_mesh -Ikernel/solver -Ikernel/core_dynamics -Ikernel/diagnostics -Ikernel/diffusion -Ikernel/external_forcing -Ikernel/initialisation -Ikernel/limited_area -Ikernel/transport -Ikernel/transport/common -Ikernel/transport/fem -Ikernel/transport/ffsl -Ikernel/transport/mol -Ikernel/transport/sl -Ipsy -Isolver -Iinventory -Idiagnostics -Idriver -Idriver/constants -Idriver/iau_multifile_io -Iinitialisation -Iorography -Iphysics -Iconstants -Ivector_space -c -o io/io_context_mod.o io/io_context_mod.f90 -I/opt/cray/pe/mpich/8.1.32/ofi/gnu/11.2/include -I/opt/cray/pe/mpich/8.1.32/ofi/gnu/11.2/include
[cc] ftn -I/mnt/lustre/e1000/home/z19/z19/lparisi/nfs-testing/environments/benchmarks/opt/linux-rhel9-zen5/gcc-14.2/pfunit-4.12.0-mmtcyvubeu4pxjj5wnfcyz4lbatpghmw/PFUNIT-4.12/include -I/mnt/lustre/e1000/home/z19/z19/lparisi/nfs-testing/environments/benchmarks/opt/linux-rhel9-zen5/gcc-14.2/shumlib-13.0-s2o3dzmwn456wxjsj6jztzd4c5pdctms/include -I/mnt/lustre/e1000/home/z19/z19/lparisi/nfs-testing/environments/benchmarks/opt/linux-rhel9-zen5/gcc-14.2/yaxt-0.11.3-algx2ie6ibanzuhi6k7szojlr2bcetau/include -I/mnt/lustre/e1000/home/z19/z19/lparisi/nfs-testing/environments/benchmarks/opt/linux-rhel9-zen5/gcc-14.2/fargparse-1.9.0-pxhk5m5qndtahdqscaiz2t2s7bnlajcm/FARGPARSE-1.9/include -I/mnt/lustre/e1000/home/z19/z19/lparisi/nfs-testing/environments/benchmarks/opt/linux-rhel9-zen5/gcc-14.2/gftl-shared-1.10.0-xl3tnp2so4qxp5ranh4shjrz7rch22ro/GFTL_SHARED-1.10/include -ffree-line-length-none -fallow-argument-mismatch -fopenmp -g -Wall -Werror=conversion -Werror=unused-variable -Werror=character-truncation -Werror=unused-value -Werror=tabs -Og -std=f2008 -Jmod -Imod -Ifield -Ioperator -Iscalar -IPSYKE -Iconfiguration -Ifunction_space -Ifunction_space/dofmap -Iio -Ikernel_metadata -Ikey_value -Imesh -Iquadrature -Itime -Iutilities -Ialgorithm -Ialgorithm/solver -Ialgorithm/runtime_constants -Ialgorithm/timestepping -Ialgorithm/transport -Ialgorithm/transport/common -Ialgorithm/transport/control -Ialgorithm/transport/ffsl -Ialgorithm/transport/mol -Ialgorithm/transport/sl -Ialgorithm/initialisation -Ialgorithm/physics -Ialgorithm/core_dynamics -Ialgorithm/diagnostics -Ialgorithm/diffusion -Ialgorithm/interpolation -Ialgorithm/limited_area -Ikernel -Ikernel/algebra -Ikernel/columnwise_operators -Ikernel/fem -Ikernel/geometry -Ikernel/inter_element_order -Ikernel/inter_function_space -Ikernel/inter_mesh -Ikernel/solver -Ikernel/core_dynamics -Ikernel/diagnostics -Ikernel/diffusion -Ikernel/external_forcing -Ikernel/initialisation -Ikernel/limited_area -Ikernel/transport -Ikernel/transport/common -Ikernel/transport/fem -Ikernel/transport/ffsl -Ikernel/transport/mol -Ikernel/transport/sl -Ipsy -Isolver -Iinventory -Idiagnostics -Idriver -Idriver/constants -Idriver/iau_multifile_io -Iinitialisation -Iorography -Iphysics -Iconstants -Ivector_space -DLEGACY_MPI -DLEGACY_TIMER -DTIMING_ON -DRDEF_PRECISION=32 -DR_SOLVER_PRECISION=32 -DR_TRAN_PRECISION=32 -DR_BL_PRECISION=32 -DUSE_XIOS -c -o io/lfric_ncdf_dims_mod.o io/lfric_ncdf_dims_mod.F90 -I/opt/cray/pe/mpich/8.1.32/ofi/gnu/11.2/include -I/opt/cray/pe/mpich/8.1.32/ofi/gnu/11.2/include
[cc] ftn -I/mnt/lustre/e1000/home/z19/z19/lparisi/nfs-testing/environments/benchmarks/opt/linux-rhel9-zen5/gcc-14.2/pfunit-4.12.0-mmtcyvubeu4pxjj5wnfcyz4lbatpghmw/PFUNIT-4.12/include -I/mnt/lustre/e1000/home/z19/z19/lparisi/nfs-testing/environments/benchmarks/opt/linux-rhel9-zen5/gcc-14.2/shumlib-13.0-s2o3dzmwn456wxjsj6jztzd4c5pdctms/include -I/mnt/lustre/e1000/home/z19/z19/lparisi/nfs-testing/environments/benchmarks/opt/linux-rhel9-zen5/gcc-14.2/yaxt-0.11.3-algx2ie6ibanzuhi6k7szojlr2bcetau/include -I/mnt/lustre/e1000/home/z19/z19/lparisi/nfs-testing/environments/benchmarks/opt/linux-rhel9-zen5/gcc-14.2/fargparse-1.9.0-pxhk5m5qndtahdqscaiz2t2s7bnlajcm/FARGPARSE-1.9/include -I/mnt/lustre/e1000/home/z19/z19/lparisi/nfs-testing/environments/benchmarks/opt/linux-rhel9-zen5/gcc-14.2/gftl-shared-1.10.0-xl3tnp2so4qxp5ranh4shjrz7rch22ro/GFTL_SHARED-1.10/include -ffree-line-length-none -fallow-argument-mismatch -fopenmp -g -Wall -Werror=conversion -Werror=unused-variable -Werror=character-truncation -Werror=unused-value -Werror=tabs -Og -std=f2008 -Jmod -Imod -Ifield -Ioperator -Iscalar -IPSYKE -Iconfiguration -Ifunction_space -Ifunction_space/dofmap -Iio -Ikernel_metadata -Ikey_value -Imesh -Iquadrature -Itime -Iutilities -Ialgorithm -Ialgorithm/solver -Ialgorithm/runtime_constants -Ialgorithm/timestepping -Ialgorithm/transport -Ialgorithm/transport/common -Ialgorithm/transport/control -Ialgorithm/transport/ffsl -Ialgorithm/transport/mol -Ialgorithm/transport/sl -Ialgorithm/initialisation -Ialgorithm/physics -Ialgorithm/core_dynamics -Ialgorithm/diagnostics -Ialgorithm/diffusion -Ialgorithm/interpolation -Ialgorithm/limited_area -Ikernel -Ikernel/algebra -Ikernel/columnwise_operators -Ikernel/fem -Ikernel/geometry -Ikernel/inter_element_order -Ikernel/inter_function_space -Ikernel/inter_mesh -Ikernel/solver -Ikernel/core_dynamics -Ikernel/diagnostics -Ikernel/diffusion -Ikernel/external_forcing -Ikernel/initialisation -Ikernel/limited_area -Ikernel/transport -Ikernel/transport/common -Ikernel/transport/fem -Ikernel/transport/ffsl -Ikernel/transport/mol -Ikernel/transport/sl -Ipsy -Isolver -Iinventory -Idiagnostics -Idriver -Idriver/constants -Idriver/iau_multifile_io -Iinitialisation -Iorography -Iphysics -Iconstants -Ivector_space -c -o kernel/geometry/sci_pointwise_convert_xyz2llr_kernel_mod.o kernel/geometry/sci_pointwise_convert_xyz2llr_kernel_mod.f90 -I/opt/cray/pe/mpich/8.1.32/ofi/gnu/11.2/include -I/opt/cray/pe/mpich/8.1.32/ofi/gnu/11.2/include
[cc] ftn -I/mnt/lustre/e1000/home/z19/z19/lparisi/nfs-testing/environments/benchmarks/opt/linux-rhel9-zen5/gcc-14.2/pfunit-4.12.0-mmtcyvubeu4pxjj5wnfcyz4lbatpghmw/PFUNIT-4.12/include -I/mnt/lustre/e1000/home/z19/z19/lparisi/nfs-testing/environments/benchmarks/opt/linux-rhel9-zen5/gcc-14.2/shumlib-13.0-s2o3dzmwn456wxjsj6jztzd4c5pdctms/include -I/mnt/lustre/e1000/home/z19/z19/lparisi/nfs-testing/environments/benchmarks/opt/linux-rhel9-zen5/gcc-14.2/yaxt-0.11.3-algx2ie6ibanzuhi6k7szojlr2bcetau/include -I/mnt/lustre/e1000/home/z19/z19/lparisi/nfs-testing/environments/benchmarks/opt/linux-rhel9-zen5/gcc-14.2/fargparse-1.9.0-pxhk5m5qndtahdqscaiz2t2s7bnlajcm/FARGPARSE-1.9/include -I/mnt/lustre/e1000/home/z19/z19/lparisi/nfs-testing/environments/benchmarks/opt/linux-rhel9-zen5/gcc-14.2/gftl-shared-1.10.0-xl3tnp2so4qxp5ranh4shjrz7rch22ro/GFTL_SHARED-1.10/include -ffree-line-length-none -fallow-argument-mismatch -fopenmp -g -Wall -Werror=conversion -Werror=unused-variable -Werror=character-truncation -Werror=unused-value -Werror=tabs -Og -std=f2008 -Jmod -Imod -Ifield -Ioperator -Iscalar -IPSYKE -Iconfiguration -Ifunction_space -Ifunction_space/dofmap -Iio -Ikernel_metadata -Ikey_value -Imesh -Iquadrature -Itime -Iutilities -Ialgorithm -Ialgorithm/solver -Ialgorithm/runtime_constants -Ialgorithm/timestepping -Ialgorithm/transport -Ialgorithm/transport/common -Ialgorithm/transport/control -Ialgorithm/transport/ffsl -Ialgorithm/transport/mol -Ialgorithm/transport/sl -Ialgorithm/initialisation -Ialgorithm/physics -Ialgorithm/core_dynamics -Ialgorithm/diagnostics -Ialgorithm/diffusion -Ialgorithm/interpolation -Ialgorithm/limited_area -Ikernel -Ikernel/algebra -Ikernel/columnwise_operators -Ikernel/fem -Ikernel/geometry -Ikernel/inter_element_order -Ikernel/inter_function_space -Ikernel/inter_mesh -Ikernel/solver -Ikernel/core_dynamics -Ikernel/diagnostics -Ikernel/diffusion -Ikernel/external_forcing -Ikernel/initialisation -Ikernel/limited_area -Ikernel/transport -Ikernel/transport/common -Ikernel/transport/fem -Ikernel/transport/ffsl -Ikernel/transport/mol -Ikernel/transport/sl -Ipsy -Isolver -Iinventory -Idiagnostics -Idriver -Idriver/constants -Idriver/iau_multifile_io -Iinitialisation -Iorography -Iphysics -Iconstants -Ivector_space -c -o lfric_xios_driver_mod.o lfric_xios_driver_mod.f90 -I/opt/cray/pe/mpich/8.1.32/ofi/gnu/11.2/include -I/opt/cray/pe/mpich/8.1.32/ofi/gnu/11.2/include
[cc] ftn -I/mnt/lustre/e1000/home/z19/z19/lparisi/nfs-testing/environments/benchmarks/opt/linux-rhel9-zen5/gcc-14.2/pfunit-4.12.0-mmtcyvubeu4pxjj5wnfcyz4lbatpghmw/PFUNIT-4.12/include -I/mnt/lustre/e1000/home/z19/z19/lparisi/nfs-testing/environments/benchmarks/opt/linux-rhel9-zen5/gcc-14.2/shumlib-13.0-s2o3dzmwn456wxjsj6jztzd4c5pdctms/include -I/mnt/lustre/e1000/home/z19/z19/lparisi/nfs-testing/environments/benchmarks/opt/linux-rhel9-zen5/gcc-14.2/yaxt-0.11.3-algx2ie6ibanzuhi6k7szojlr2bcetau/include -I/mnt/lustre/e1000/home/z19/z19/lparisi/nfs-testing/environments/benchmarks/opt/linux-rhel9-zen5/gcc-14.2/fargparse-1.9.0-pxhk5m5qndtahdqscaiz2t2s7bnlajcm/FARGPARSE-1.9/include -I/mnt/lustre/e1000/home/z19/z19/lparisi/nfs-testing/environments/benchmarks/opt/linux-rhel9-zen5/gcc-14.2/gftl-shared-1.10.0-xl3tnp2so4qxp5ranh4shjrz7rch22ro/GFTL_SHARED-1.10/include -ffree-line-length-none -fallow-argument-mismatch -fopenmp -g -Wall -Werror=conversion -Werror=unused-variable -Werror=character-truncation -Werror=unused-value -Werror=tabs -Og -std=f2008 -Jmod -Imod -Ifield -Ioperator -Iscalar -IPSYKE -Iconfiguration -Ifunction_space -Ifunction_space/dofmap -Iio -Ikernel_metadata -Ikey_value -Imesh -Iquadrature -Itime -Iutilities -Ialgorithm -Ialgorithm/solver -Ialgorithm/runtime_constants -Ialgorithm/timestepping -Ialgorithm/transport -Ialgorithm/transport/common -Ialgorithm/transport/control -Ialgorithm/transport/ffsl -Ialgorithm/transport/mol -Ialgorithm/transport/sl -Ialgorithm/initialisation -Ialgorithm/physics -Ialgorithm/core_dynamics -Ialgorithm/diagnostics -Ialgorithm/diffusion -Ialgorithm/interpolation -Ialgorithm/limited_area -Ikernel -Ikernel/algebra -Ikernel/columnwise_operators -Ikernel/fem -Ikernel/geometry -Ikernel/inter_element_order -Ikernel/inter_function_space -Ikernel/inter_mesh -Ikernel/solver -Ikernel/core_dynamics -Ikernel/diagnostics -Ikernel/diffusion -Ikernel/external_forcing -Ikernel/initialisation -Ikernel/limited_area -Ikernel/transport -Ikernel/transport/common -Ikernel/transport/fem -Ikernel/transport/ffsl -Ikernel/transport/mol -Ikernel/transport/sl -Ipsy -Isolver -Iinventory -Idiagnostics -Idriver -Idriver/constants -Idriver/iau_multifile_io -Iinitialisation -Iorography -Iphysics -Iconstants -Ivector_space -c -o scalar/scalar_real32_mod.o scalar/scalar_real32_mod.f90 -I/opt/cray/pe/mpich/8.1.32/ofi/gnu/11.2/include -I/opt/cray/pe/mpich/8.1.32/ofi/gnu/11.2/include
[cc] ftn -I/mnt/lustre/e1000/home/z19/z19/lparisi/nfs-testing/environments/benchmarks/opt/linux-rhel9-zen5/gcc-14.2/pfunit-4.12.0-mmtcyvubeu4pxjj5wnfcyz4lbatpghmw/PFUNIT-4.12/include -I/mnt/lustre/e1000/home/z19/z19/lparisi/nfs-testing/environments/benchmarks/opt/linux-rhel9-zen5/gcc-14.2/shumlib-13.0-s2o3dzmwn456wxjsj6jztzd4c5pdctms/include -I/mnt/lustre/e1000/home/z19/z19/lparisi/nfs-testing/environments/benchmarks/opt/linux-rhel9-zen5/gcc-14.2/yaxt-0.11.3-algx2ie6ibanzuhi6k7szojlr2bcetau/include -I/mnt/lustre/e1000/home/z19/z19/lparisi/nfs-testing/environments/benchmarks/opt/linux-rhel9-zen5/gcc-14.2/fargparse-1.9.0-pxhk5m5qndtahdqscaiz2t2s7bnlajcm/FARGPARSE-1.9/include -I/mnt/lustre/e1000/home/z19/z19/lparisi/nfs-testing/environments/benchmarks/opt/linux-rhel9-zen5/gcc-14.2/gftl-shared-1.10.0-xl3tnp2so4qxp5ranh4shjrz7rch22ro/GFTL_SHARED-1.10/include -ffree-line-length-none -fallow-argument-mismatch -fopenmp -g -Wall -Werror=conversion -Werror=unused-variable -Werror=character-truncation -Werror=unused-value -Werror=tabs -Og -std=f2008 -Jmod -Imod -Ifield -Ioperator -Iscalar -IPSYKE -Iconfiguration -Ifunction_space -Ifunction_space/dofmap -Iio -Ikernel_metadata -Ikey_value -Imesh -Iquadrature -Itime -Iutilities -Ialgorithm -Ialgorithm/solver -Ialgorithm/runtime_constants -Ialgorithm/timestepping -Ialgorithm/transport -Ialgorithm/transport/common -Ialgorithm/transport/control -Ialgorithm/transport/ffsl -Ialgorithm/transport/mol -Ialgorithm/transport/sl -Ialgorithm/initialisation -Ialgorithm/physics -Ialgorithm/core_dynamics -Ialgorithm/diagnostics -Ialgorithm/diffusion -Ialgorithm/interpolation -Ialgorithm/limited_area -Ikernel -Ikernel/algebra -Ikernel/columnwise_operators -Ikernel/fem -Ikernel/geometry -Ikernel/inter_element_order -Ikernel/inter_function_space -Ikernel/inter_mesh -Ikernel/solver -Ikernel/core_dynamics -Ikernel/diagnostics -Ikernel/diffusion -Ikernel/external_forcing -Ikernel/initialisation -Ikernel/limited_area -Ikernel/transport -Ikernel/transport/common -Ikernel/transport/fem -Ikernel/transport/ffsl -Ikernel/transport/mol -Ikernel/transport/sl -Ipsy -Isolver -Iinventory -Idiagnostics -Idriver -Idriver/constants -Idriver/iau_multifile_io -Iinitialisation -Iorography -Iphysics -Iconstants -Ivector_space -DLEGACY_MPI -DLEGACY_TIMER -DTIMING_ON -DRDEF_PRECISION=32 -DR_SOLVER_PRECISION=32 -DR_TRAN_PRECISION=32 -DR_BL_PRECISION=32 -DUSE_XIOS -c -o lfric_xios_diag_mod.o lfric_xios_diag_mod.F90 -I/opt/cray/pe/mpich/8.1.32/ofi/gnu/11.2/include -I/opt/cray/pe/mpich/8.1.32/ofi/gnu/11.2/include
[cc] ftn -I/mnt/lustre/e1000/home/z19/z19/lparisi/nfs-testing/environments/benchmarks/opt/linux-rhel9-zen5/gcc-14.2/pfunit-4.12.0-mmtcyvubeu4pxjj5wnfcyz4lbatpghmw/PFUNIT-4.12/include -I/mnt/lustre/e1000/home/z19/z19/lparisi/nfs-testing/environments/benchmarks/opt/linux-rhel9-zen5/gcc-14.2/shumlib-13.0-s2o3dzmwn456wxjsj6jztzd4c5pdctms/include -I/mnt/lustre/e1000/home/z19/z19/lparisi/nfs-testing/environments/benchmarks/opt/linux-rhel9-zen5/gcc-14.2/yaxt-0.11.3-algx2ie6ibanzuhi6k7szojlr2bcetau/include -I/mnt/lustre/e1000/home/z19/z19/lparisi/nfs-testing/environments/benchmarks/opt/linux-rhel9-zen5/gcc-14.2/fargparse-1.9.0-pxhk5m5qndtahdqscaiz2t2s7bnlajcm/FARGPARSE-1.9/include -I/mnt/lustre/e1000/home/z19/z19/lparisi/nfs-testing/environments/benchmarks/opt/linux-rhel9-zen5/gcc-14.2/gftl-shared-1.10.0-xl3tnp2so4qxp5ranh4shjrz7rch22ro/GFTL_SHARED-1.10/include -ffree-line-length-none -fallow-argument-mismatch -fopenmp -g -Wall -Werror=conversion -Werror=unused-variable -Werror=character-truncation -Werror=unused-value -Werror=tabs -Og -std=f2008 -Jmod -Imod -Ifield -Ioperator -Iscalar -IPSYKE -Iconfiguration -Ifunction_space -Ifunction_space/dofmap -Iio -Ikernel_metadata -Ikey_value -Imesh -Iquadrature -Itime -Iutilities -Ialgorithm -Ialgorithm/solver -Ialgorithm/runtime_constants -Ialgorithm/timestepping -Ialgorithm/transport -Ialgorithm/transport/common -Ialgorithm/transport/control -Ialgorithm/transport/ffsl -Ialgorithm/transport/mol -Ialgorithm/transport/sl -Ialgorithm/initialisation -Ialgorithm/physics -Ialgorithm/core_dynamics -Ialgorithm/diagnostics -Ialgorithm/diffusion -Ialgorithm/interpolation -Ialgorithm/limited_area -Ikernel -Ikernel/algebra -Ikernel/columnwise_operators -Ikernel/fem -Ikernel/geometry -Ikernel/inter_element_order -Ikernel/inter_function_space -Ikernel/inter_mesh -Ikernel/solver -Ikernel/core_dynamics -Ikernel/diagnostics -Ikernel/diffusion -Ikernel/external_forcing -Ikernel/initialisation -Ikernel/limited_area -Ikernel/transport -Ikernel/transport/common -Ikernel/transport/fem -Ikernel/transport/ffsl -Ikernel/transport/mol -Ikernel/transport/sl -Ipsy -Isolver -Iinventory -Idiagnostics -Idriver -Idriver/constants -Idriver/iau_multifile_io -Iinitialisation -Iorography -Iphysics -Iconstants -Ivector_space -DLEGACY_MPI -DLEGACY_TIMER -DTIMING_ON -DRDEF_PRECISION=32 -DR_SOLVER_PRECISION=32 -DR_TRAN_PRECISION=32 -DR_BL_PRECISION=32 -DUSE_XIOS -c -o kernel/solver/helmholtz_operator_kernel_mod.o kernel/solver/helmholtz_operator_kernel_mod.F90 -I/opt/cray/pe/mpich/8.1.32/ofi/gnu/11.2/include -I/opt/cray/pe/mpich/8.1.32/ofi/gnu/11.2/include
[cc] ftn -I/mnt/lustre/e1000/home/z19/z19/lparisi/nfs-testing/environments/benchmarks/opt/linux-rhel9-zen5/gcc-14.2/pfunit-4.12.0-mmtcyvubeu4pxjj5wnfcyz4lbatpghmw/PFUNIT-4.12/include -I/mnt/lustre/e1000/home/z19/z19/lparisi/nfs-testing/environments/benchmarks/opt/linux-rhel9-zen5/gcc-14.2/shumlib-13.0-s2o3dzmwn456wxjsj6jztzd4c5pdctms/include -I/mnt/lustre/e1000/home/z19/z19/lparisi/nfs-testing/environments/benchmarks/opt/linux-rhel9-zen5/gcc-14.2/yaxt-0.11.3-algx2ie6ibanzuhi6k7szojlr2bcetau/include -I/mnt/lustre/e1000/home/z19/z19/lparisi/nfs-testing/environments/benchmarks/opt/linux-rhel9-zen5/gcc-14.2/fargparse-1.9.0-pxhk5m5qndtahdqscaiz2t2s7bnlajcm/FARGPARSE-1.9/include -I/mnt/lustre/e1000/home/z19/z19/lparisi/nfs-testing/environments/benchmarks/opt/linux-rhel9-zen5/gcc-14.2/gftl-shared-1.10.0-xl3tnp2so4qxp5ranh4shjrz7rch22ro/GFTL_SHARED-1.10/include -ffree-line-length-none -fallow-argument-mismatch -fopenmp -g -Wall -Werror=conversion -Werror=unused-variable -Werror=character-truncation -Werror=unused-value -Werror=tabs -Og -std=f2008 -Jmod -Imod -Ifield -Ioperator -Iscalar -IPSYKE -Iconfiguration -Ifunction_space -Ifunction_space/dofmap -Iio -Ikernel_metadata -Ikey_value -Imesh -Iquadrature -Itime -Iutilities -Ialgorithm -Ialgorithm/solver -Ialgorithm/runtime_constants -Ialgorithm/timestepping -Ialgorithm/transport -Ialgorithm/transport/common -Ialgorithm/transport/control -Ialgorithm/transport/ffsl -Ialgorithm/transport/mol -Ialgorithm/transport/sl -Ialgorithm/initialisation -Ialgorithm/physics -Ialgorithm/core_dynamics -Ialgorithm/diagnostics -Ialgorithm/diffusion -Ialgorithm/interpolation -Ialgorithm/limited_area -Ikernel -Ikernel/algebra -Ikernel/columnwise_operators -Ikernel/fem -Ikernel/geometry -Ikernel/inter_element_order -Ikernel/inter_function_space -Ikernel/inter_mesh -Ikernel/solver -Ikernel/core_dynamics -Ikernel/diagnostics -Ikernel/diffusion -Ikernel/external_forcing -Ikernel/initialisation -Ikernel/limited_area -Ikernel/transport -Ikernel/transport/common -Ikernel/transport/fem -Ikernel/transport/ffsl -Ikernel/transport/mol -Ikernel/transport/sl -Ipsy -Isolver -Iinventory -Idiagnostics -Idriver -Idriver/constants -Idriver/iau_multifile_io -Iinitialisation -Iorography -Iphysics -Iconstants -Ivector_space -DLEGACY_MPI -DLEGACY_TIMER -DTIMING_ON -DRDEF_PRECISION=32 -DR_SOLVER_PRECISION=32 -DR_TRAN_PRECISION=32 -DR_BL_PRECISION=32 -DUSE_XIOS -c -o kernel/solver/elim_helmholtz_operator_kernel_mod.o kernel/solver/elim_helmholtz_operator_kernel_mod.F90 -I/opt/cray/pe/mpich/8.1.32/ofi/gnu/11.2/include -I/opt/cray/pe/mpich/8.1.32/ofi/gnu/11.2/include
[cc] ftn -I/mnt/lustre/e1000/home/z19/z19/lparisi/nfs-testing/environments/benchmarks/opt/linux-rhel9-zen5/gcc-14.2/pfunit-4.12.0-mmtcyvubeu4pxjj5wnfcyz4lbatpghmw/PFUNIT-4.12/include -I/mnt/lustre/e1000/home/z19/z19/lparisi/nfs-testing/environments/benchmarks/opt/linux-rhel9-zen5/gcc-14.2/shumlib-13.0-s2o3dzmwn456wxjsj6jztzd4c5pdctms/include -I/mnt/lustre/e1000/home/z19/z19/lparisi/nfs-testing/environments/benchmarks/opt/linux-rhel9-zen5/gcc-14.2/yaxt-0.11.3-algx2ie6ibanzuhi6k7szojlr2bcetau/include -I/mnt/lustre/e1000/home/z19/z19/lparisi/nfs-testing/environments/benchmarks/opt/linux-rhel9-zen5/gcc-14.2/fargparse-1.9.0-pxhk5m5qndtahdqscaiz2t2s7bnlajcm/FARGPARSE-1.9/include -I/mnt/lustre/e1000/home/z19/z19/lparisi/nfs-testing/environments/benchmarks/opt/linux-rhel9-zen5/gcc-14.2/gftl-shared-1.10.0-xl3tnp2so4qxp5ranh4shjrz7rch22ro/GFTL_SHARED-1.10/include -ffree-line-length-none -fallow-argument-mismatch -fopenmp -g -Wall -Werror=conversion -Werror=unused-variable -Werror=character-truncation -Werror=unused-value -Werror=tabs -Og -std=f2008 -Jmod -Imod -Ifield -Ioperator -Iscalar -IPSYKE -Iconfiguration -Ifunction_space -Ifunction_space/dofmap -Iio -Ikernel_metadata -Ikey_value -Imesh -Iquadrature -Itime -Iutilities -Ialgorithm -Ialgorithm/solver -Ialgorithm/runtime_constants -Ialgorithm/timestepping -Ialgorithm/transport -Ialgorithm/transport/common -Ialgorithm/transport/control -Ialgorithm/transport/ffsl -Ialgorithm/transport/mol -Ialgorithm/transport/sl -Ialgorithm/initialisation -Ialgorithm/physics -Ialgorithm/core_dynamics -Ialgorithm/diagnostics -Ialgorithm/diffusion -Ialgorithm/interpolation -Ialgorithm/limited_area -Ikernel -Ikernel/algebra -Ikernel/columnwise_operators -Ikernel/fem -Ikernel/geometry -Ikernel/inter_element_order -Ikernel/inter_function_space -Ikernel/inter_mesh -Ikernel/solver -Ikernel/core_dynamics -Ikernel/diagnostics -Ikernel/diffusion -Ikernel/external_forcing -Ikernel/initialisation -Ikernel/limited_area -Ikernel/transport -Ikernel/transport/common -Ikernel/transport/fem -Ikernel/transport/ffsl -Ikernel/transport/mol -Ikernel/transport/sl -Ipsy -Isolver -Iinventory -Idiagnostics -Idriver -Idriver/constants -Idriver/iau_multifile_io -Iinitialisation -Iorography -Iphysics -Iconstants -Ivector_space -DLEGACY_MPI -DLEGACY_TIMER -DTIMING_ON -DRDEF_PRECISION=32 -DR_SOLVER_PRECISION=32 -DR_TRAN_PRECISION=32 -DR_BL_PRECISION=32 -DUSE_XIOS -c -o kernel/algebra/sci_face_selector_kernel_mod.o kernel/algebra/sci_face_selector_kernel_mod.F90 -I/opt/cray/pe/mpich/8.1.32/ofi/gnu/11.2/include -I/opt/cray/pe/mpich/8.1.32/ofi/gnu/11.2/include
[cc] ftn -I/mnt/lustre/e1000/home/z19/z19/lparisi/nfs-testing/environments/benchmarks/opt/linux-rhel9-zen5/gcc-14.2/pfunit-4.12.0-mmtcyvubeu4pxjj5wnfcyz4lbatpghmw/PFUNIT-4.12/include -I/mnt/lustre/e1000/home/z19/z19/lparisi/nfs-testing/environments/benchmarks/opt/linux-rhel9-zen5/gcc-14.2/shumlib-13.0-s2o3dzmwn456wxjsj6jztzd4c5pdctms/include -I/mnt/lustre/e1000/home/z19/z19/lparisi/nfs-testing/environments/benchmarks/opt/linux-rhel9-zen5/gcc-14.2/yaxt-0.11.3-algx2ie6ibanzuhi6k7szojlr2bcetau/include -I/mnt/lustre/e1000/home/z19/z19/lparisi/nfs-testing/environments/benchmarks/opt/linux-rhel9-zen5/gcc-14.2/fargparse-1.9.0-pxhk5m5qndtahdqscaiz2t2s7bnlajcm/FARGPARSE-1.9/include -I/mnt/lustre/e1000/home/z19/z19/lparisi/nfs-testing/environments/benchmarks/opt/linux-rhel9-zen5/gcc-14.2/gftl-shared-1.10.0-xl3tnp2so4qxp5ranh4shjrz7rch22ro/GFTL_SHARED-1.10/include -ffree-line-length-none -fallow-argument-mismatch -fopenmp -g -Wall -Werror=conversion -Werror=unused-variable -Werror=character-truncation -Werror=unused-value -Werror=tabs -Og -std=f2008 -Jmod -Imod -Ifield -Ioperator -Iscalar -IPSYKE -Iconfiguration -Ifunction_space -Ifunction_space/dofmap -Iio -Ikernel_metadata -Ikey_value -Imesh -Iquadrature -Itime -Iutilities -Ialgorithm -Ialgorithm/solver -Ialgorithm/runtime_constants -Ialgorithm/timestepping -Ialgorithm/transport -Ialgorithm/transport/common -Ialgorithm/transport/control -Ialgorithm/transport/ffsl -Ialgorithm/transport/mol -Ialgorithm/transport/sl -Ialgorithm/initialisation -Ialgorithm/physics -Ialgorithm/core_dynamics -Ialgorithm/diagnostics -Ialgorithm/diffusion -Ialgorithm/interpolation -Ialgorithm/limited_area -Ikernel -Ikernel/algebra -Ikernel/columnwise_operators -Ikernel/fem -Ikernel/geometry -Ikernel/inter_element_order -Ikernel/inter_function_space -Ikernel/inter_mesh -Ikernel/solver -Ikernel/core_dynamics -Ikernel/diagnostics -Ikernel/diffusion -Ikernel/external_forcing -Ikernel/initialisation -Ikernel/limited_area -Ikernel/transport -Ikernel/transport/common -Ikernel/transport/fem -Ikernel/transport/ffsl -Ikernel/transport/mol -Ikernel/transport/sl -Ipsy -Isolver -Iinventory -Idiagnostics -Idriver -Idriver/constants -Idriver/iau_multifile_io -Iinitialisation -Iorography -Iphysics -Iconstants -Ivector_space -DLEGACY_MPI -DLEGACY_TIMER -DTIMING_ON -DRDEF_PRECISION=32 -DR_SOLVER_PRECISION=32 -DR_TRAN_PRECISION=32 -DR_BL_PRECISION=32 -DUSE_XIOS -c -o kernel/geometry/sci_extend_chi_field_kernel_mod.o kernel/geometry/sci_extend_chi_field_kernel_mod.F90 -I/opt/cray/pe/mpich/8.1.32/ofi/gnu/11.2/include -I/opt/cray/pe/mpich/8.1.32/ofi/gnu/11.2/include
[cc] ftn -I/mnt/lustre/e1000/home/z19/z19/lparisi/nfs-testing/environments/benchmarks/opt/linux-rhel9-zen5/gcc-14.2/pfunit-4.12.0-mmtcyvubeu4pxjj5wnfcyz4lbatpghmw/PFUNIT-4.12/include -I/mnt/lustre/e1000/home/z19/z19/lparisi/nfs-testing/environments/benchmarks/opt/linux-rhel9-zen5/gcc-14.2/shumlib-13.0-s2o3dzmwn456wxjsj6jztzd4c5pdctms/include -I/mnt/lustre/e1000/home/z19/z19/lparisi/nfs-testing/environments/benchmarks/opt/linux-rhel9-zen5/gcc-14.2/yaxt-0.11.3-algx2ie6ibanzuhi6k7szojlr2bcetau/include -I/mnt/lustre/e1000/home/z19/z19/lparisi/nfs-testing/environments/benchmarks/opt/linux-rhel9-zen5/gcc-14.2/fargparse-1.9.0-pxhk5m5qndtahdqscaiz2t2s7bnlajcm/FARGPARSE-1.9/include -I/mnt/lustre/e1000/home/z19/z19/lparisi/nfs-testing/environments/benchmarks/opt/linux-rhel9-zen5/gcc-14.2/gftl-shared-1.10.0-xl3tnp2so4qxp5ranh4shjrz7rch22ro/GFTL_SHARED-1.10/include -ffree-line-length-none -fallow-argument-mismatch -fopenmp -g -Wall -Werror=conversion -Werror=unused-variable -Werror=character-truncation -Werror=unused-value -Werror=tabs -Og -std=f2008 -Jmod -Imod -Ifield -Ioperator -Iscalar -IPSYKE -Iconfiguration -Ifunction_space -Ifunction_space/dofmap -Iio -Ikernel_metadata -Ikey_value -Imesh -Iquadrature -Itime -Iutilities -Ialgorithm -Ialgorithm/solver -Ialgorithm/runtime_constants -Ialgorithm/timestepping -Ialgorithm/transport -Ialgorithm/transport/common -Ialgorithm/transport/control -Ialgorithm/transport/ffsl -Ialgorithm/transport/mol -Ialgorithm/transport/sl -Ialgorithm/initialisation -Ialgorithm/physics -Ialgorithm/core_dynamics -Ialgorithm/diagnostics -Ialgorithm/diffusion -Ialgorithm/interpolation -Ialgorithm/limited_area -Ikernel -Ikernel/algebra -Ikernel/columnwise_operators -Ikernel/fem -Ikernel/geometry -Ikernel/inter_element_order -Ikernel/inter_function_space -Ikernel/inter_mesh -Ikernel/solver -Ikernel/core_dynamics -Ikernel/diagnostics -Ikernel/diffusion -Ikernel/external_forcing -Ikernel/initialisation -Ikernel/limited_area -Ikernel/transport -Ikernel/transport/common -Ikernel/transport/fem -Ikernel/transport/ffsl -Ikernel/transport/mol -Ikernel/transport/sl -Ipsy -Isolver -Iinventory -Idiagnostics -Idriver -Idriver/constants -Idriver/iau_multifile_io -Iinitialisation -Iorography -Iphysics -Iconstants -Ivector_space -DLEGACY_MPI -DLEGACY_TIMER -DTIMING_ON -DRDEF_PRECISION=32 -DR_SOLVER_PRECISION=32 -DR_TRAN_PRECISION=32 -DR_BL_PRECISION=32 -DUSE_XIOS -c -o kernel/geometry/sci_get_dz_w3_kernel_mod.o kernel/geometry/sci_get_dz_w3_kernel_mod.F90 -I/opt/cray/pe/mpich/8.1.32/ofi/gnu/11.2/include -I/opt/cray/pe/mpich/8.1.32/ofi/gnu/11.2/include
[cc] ftn -I/mnt/lustre/e1000/home/z19/z19/lparisi/nfs-testing/environments/benchmarks/opt/linux-rhel9-zen5/gcc-14.2/pfunit-4.12.0-mmtcyvubeu4pxjj5wnfcyz4lbatpghmw/PFUNIT-4.12/include -I/mnt/lustre/e1000/home/z19/z19/lparisi/nfs-testing/environments/benchmarks/opt/linux-rhel9-zen5/gcc-14.2/shumlib-13.0-s2o3dzmwn456wxjsj6jztzd4c5pdctms/include -I/mnt/lustre/e1000/home/z19/z19/lparisi/nfs-testing/environments/benchmarks/opt/linux-rhel9-zen5/gcc-14.2/yaxt-0.11.3-algx2ie6ibanzuhi6k7szojlr2bcetau/include -I/mnt/lustre/e1000/home/z19/z19/lparisi/nfs-testing/environments/benchmarks/opt/linux-rhel9-zen5/gcc-14.2/fargparse-1.9.0-pxhk5m5qndtahdqscaiz2t2s7bnlajcm/FARGPARSE-1.9/include -I/mnt/lustre/e1000/home/z19/z19/lparisi/nfs-testing/environments/benchmarks/opt/linux-rhel9-zen5/gcc-14.2/gftl-shared-1.10.0-xl3tnp2so4qxp5ranh4shjrz7rch22ro/GFTL_SHARED-1.10/include -ffree-line-length-none -fallow-argument-mismatch -fopenmp -g -Wall -Werror=conversion -Werror=unused-variable -Werror=character-truncation -Werror=unused-value -Werror=tabs -Og -std=f2008 -Jmod -Imod -Ifield -Ioperator -Iscalar -IPSYKE -Iconfiguration -Ifunction_space -Ifunction_space/dofmap -Iio -Ikernel_metadata -Ikey_value -Imesh -Iquadrature -Itime -Iutilities -Ialgorithm -Ialgorithm/solver -Ialgorithm/runtime_constants -Ialgorithm/timestepping -Ialgorithm/transport -Ialgorithm/transport/common -Ialgorithm/transport/control -Ialgorithm/transport/ffsl -Ialgorithm/transport/mol -Ialgorithm/transport/sl -Ialgorithm/initialisation -Ialgorithm/physics -Ialgorithm/core_dynamics -Ialgorithm/diagnostics -Ialgorithm/diffusion -Ialgorithm/interpolation -Ialgorithm/limited_area -Ikernel -Ikernel/algebra -Ikernel/columnwise_operators -Ikernel/fem -Ikernel/geometry -Ikernel/inter_element_order -Ikernel/inter_function_space -Ikernel/inter_mesh -Ikernel/solver -Ikernel/core_dynamics -Ikernel/diagnostics -Ikernel/diffusion -Ikernel/external_forcing -Ikernel/initialisation -Ikernel/limited_area -Ikernel/transport -Ikernel/transport/common -Ikernel/transport/fem -Ikernel/transport/ffsl -Ikernel/transport/mol -Ikernel/transport/sl -Ipsy -Isolver -Iinventory -Idiagnostics -Idriver -Idriver/constants -Idriver/iau_multifile_io -Iinitialisation -Iorography -Iphysics -Iconstants -Ivector_space -DLEGACY_MPI -DLEGACY_TIMER -DTIMING_ON -DRDEF_PRECISION=32 -DR_SOLVER_PRECISION=32 -DR_TRAN_PRECISION=32 -DR_BL_PRECISION=32 -DUSE_XIOS -c -o kernel/geometry/sci_calc_da_msl_proj_kernel_mod.o kernel/geometry/sci_calc_da_msl_proj_kernel_mod.F90 -I/opt/cray/pe/mpich/8.1.32/ofi/gnu/11.2/include -I/opt/cray/pe/mpich/8.1.32/ofi/gnu/11.2/include
[cc] ftn -I/mnt/lustre/e1000/home/z19/z19/lparisi/nfs-testing/environments/benchmarks/opt/linux-rhel9-zen5/gcc-14.2/pfunit-4.12.0-mmtcyvubeu4pxjj5wnfcyz4lbatpghmw/PFUNIT-4.12/include -I/mnt/lustre/e1000/home/z19/z19/lparisi/nfs-testing/environments/benchmarks/opt/linux-rhel9-zen5/gcc-14.2/shumlib-13.0-s2o3dzmwn456wxjsj6jztzd4c5pdctms/include -I/mnt/lustre/e1000/home/z19/z19/lparisi/nfs-testing/environments/benchmarks/opt/linux-rhel9-zen5/gcc-14.2/yaxt-0.11.3-algx2ie6ibanzuhi6k7szojlr2bcetau/include -I/mnt/lustre/e1000/home/z19/z19/lparisi/nfs-testing/environments/benchmarks/opt/linux-rhel9-zen5/gcc-14.2/fargparse-1.9.0-pxhk5m5qndtahdqscaiz2t2s7bnlajcm/FARGPARSE-1.9/include -I/mnt/lustre/e1000/home/z19/z19/lparisi/nfs-testing/environments/benchmarks/opt/linux-rhel9-zen5/gcc-14.2/gftl-shared-1.10.0-xl3tnp2so4qxp5ranh4shjrz7rch22ro/GFTL_SHARED-1.10/include -ffree-line-length-none -fallow-argument-mismatch -fopenmp -g -Wall -Werror=conversion -Werror=unused-variable -Werror=character-truncation -Werror=unused-value -Werror=tabs -Og -std=f2008 -Jmod -Imod -Ifield -Ioperator -Iscalar -IPSYKE -Iconfiguration -Ifunction_space -Ifunction_space/dofmap -Iio -Ikernel_metadata -Ikey_value -Imesh -Iquadrature -Itime -Iutilities -Ialgorithm -Ialgorithm/solver -Ialgorithm/runtime_constants -Ialgorithm/timestepping -Ialgorithm/transport -Ialgorithm/transport/common -Ialgorithm/transport/control -Ialgorithm/transport/ffsl -Ialgorithm/transport/mol -Ialgorithm/transport/sl -Ialgorithm/initialisation -Ialgorithm/physics -Ialgorithm/core_dynamics -Ialgorithm/diagnostics -Ialgorithm/diffusion -Ialgorithm/interpolation -Ialgorithm/limited_area -Ikernel -Ikernel/algebra -Ikernel/columnwise_operators -Ikernel/fem -Ikernel/geometry -Ikernel/inter_element_order -Ikernel/inter_function_space -Ikernel/inter_mesh -Ikernel/solver -Ikernel/core_dynamics -Ikernel/diagnostics -Ikernel/diffusion -Ikernel/external_forcing -Ikernel/initialisation -Ikernel/limited_area -Ikernel/transport -Ikernel/transport/common -Ikernel/transport/fem -Ikernel/transport/ffsl -Ikernel/transport/mol -Ikernel/transport/sl -Ipsy -Isolver -Iinventory -Idiagnostics -Idriver -Idriver/constants -Idriver/iau_multifile_io -Iinitialisation -Iorography -Iphysics -Iconstants -Ivector_space -DLEGACY_MPI -DLEGACY_TIMER -DTIMING_ON -DRDEF_PRECISION=32 -DR_SOLVER_PRECISION=32 -DR_TRAN_PRECISION=32 -DR_BL_PRECISION=32 -DUSE_XIOS -c -o kernel/geometry/sci_calc_delta_at_wtheta_kernel_mod.o kernel/geometry/sci_calc_delta_at_wtheta_kernel_mod.F90 -I/opt/cray/pe/mpich/8.1.32/ofi/gnu/11.2/include -I/opt/cray/pe/mpich/8.1.32/ofi/gnu/11.2/include
[cc] ftn -I/mnt/lustre/e1000/home/z19/z19/lparisi/nfs-testing/environments/benchmarks/opt/linux-rhel9-zen5/gcc-14.2/pfunit-4.12.0-mmtcyvubeu4pxjj5wnfcyz4lbatpghmw/PFUNIT-4.12/include -I/mnt/lustre/e1000/home/z19/z19/lparisi/nfs-testing/environments/benchmarks/opt/linux-rhel9-zen5/gcc-14.2/shumlib-13.0-s2o3dzmwn456wxjsj6jztzd4c5pdctms/include -I/mnt/lustre/e1000/home/z19/z19/lparisi/nfs-testing/environments/benchmarks/opt/linux-rhel9-zen5/gcc-14.2/yaxt-0.11.3-algx2ie6ibanzuhi6k7szojlr2bcetau/include -I/mnt/lustre/e1000/home/z19/z19/lparisi/nfs-testing/environments/benchmarks/opt/linux-rhel9-zen5/gcc-14.2/fargparse-1.9.0-pxhk5m5qndtahdqscaiz2t2s7bnlajcm/FARGPARSE-1.9/include -I/mnt/lustre/e1000/home/z19/z19/lparisi/nfs-testing/environments/benchmarks/opt/linux-rhel9-zen5/gcc-14.2/gftl-shared-1.10.0-xl3tnp2so4qxp5ranh4shjrz7rch22ro/GFTL_SHARED-1.10/include -ffree-line-length-none -fallow-argument-mismatch -fopenmp -g -Wall -Werror=conversion -Werror=unused-variable -Werror=character-truncation -Werror=unused-value -Werror=tabs -Og -std=f2008 -Jmod -Imod -Ifield -Ioperator -Iscalar -IPSYKE -Iconfiguration -Ifunction_space -Ifunction_space/dofmap -Iio -Ikernel_metadata -Ikey_value -Imesh -Iquadrature -Itime -Iutilities -Ialgorithm -Ialgorithm/solver -Ialgorithm/runtime_constants -Ialgorithm/timestepping -Ialgorithm/transport -Ialgorithm/transport/common -Ialgorithm/transport/control -Ialgorithm/transport/ffsl -Ialgorithm/transport/mol -Ialgorithm/transport/sl -Ialgorithm/initialisation -Ialgorithm/physics -Ialgorithm/core_dynamics -Ialgorithm/diagnostics -Ialgorithm/diffusion -Ialgorithm/interpolation -Ialgorithm/limited_area -Ikernel -Ikernel/algebra -Ikernel/columnwise_operators -Ikernel/fem -Ikernel/geometry -Ikernel/inter_element_order -Ikernel/inter_function_space -Ikernel/inter_mesh -Ikernel/solver -Ikernel/core_dynamics -Ikernel/diagnostics -Ikernel/diffusion -Ikernel/external_forcing -Ikernel/initialisation -Ikernel/limited_area -Ikernel/transport -Ikernel/transport/common -Ikernel/transport/fem -Ikernel/transport/ffsl -Ikernel/transport/mol -Ikernel/transport/sl -Ipsy -Isolver -Iinventory -Idiagnostics -Idriver -Idriver/constants -Idriver/iau_multifile_io -Iinitialisation -Iorography -Iphysics -Iconstants -Ivector_space -DLEGACY_MPI -DLEGACY_TIMER -DTIMING_ON -DRDEF_PRECISION=32 -DR_SOLVER_PRECISION=32 -DR_TRAN_PRECISION=32 -DR_BL_PRECISION=32 -DUSE_XIOS -c -o kernel/fem/sci_edge_lump_w2_mass_matrix_kernel_mod.o kernel/fem/sci_edge_lump_w2_mass_matrix_kernel_mod.F90 -I/opt/cray/pe/mpich/8.1.32/ofi/gnu/11.2/include -I/opt/cray/pe/mpich/8.1.32/ofi/gnu/11.2/include
[cc] ftn -I/mnt/lustre/e1000/home/z19/z19/lparisi/nfs-testing/environments/benchmarks/opt/linux-rhel9-zen5/gcc-14.2/pfunit-4.12.0-mmtcyvubeu4pxjj5wnfcyz4lbatpghmw/PFUNIT-4.12/include -I/mnt/lustre/e1000/home/z19/z19/lparisi/nfs-testing/environments/benchmarks/opt/linux-rhel9-zen5/gcc-14.2/shumlib-13.0-s2o3dzmwn456wxjsj6jztzd4c5pdctms/include -I/mnt/lustre/e1000/home/z19/z19/lparisi/nfs-testing/environments/benchmarks/opt/linux-rhel9-zen5/gcc-14.2/yaxt-0.11.3-algx2ie6ibanzuhi6k7szojlr2bcetau/include -I/mnt/lustre/e1000/home/z19/z19/lparisi/nfs-testing/environments/benchmarks/opt/linux-rhel9-zen5/gcc-14.2/fargparse-1.9.0-pxhk5m5qndtahdqscaiz2t2s7bnlajcm/FARGPARSE-1.9/include -I/mnt/lustre/e1000/home/z19/z19/lparisi/nfs-testing/environments/benchmarks/opt/linux-rhel9-zen5/gcc-14.2/gftl-shared-1.10.0-xl3tnp2so4qxp5ranh4shjrz7rch22ro/GFTL_SHARED-1.10/include -ffree-line-length-none -fallow-argument-mismatch -fopenmp -g -Wall -Werror=conversion -Werror=unused-variable -Werror=character-truncation -Werror=unused-value -Werror=tabs -Og -std=f2008 -Jmod -Imod -Ifield -Ioperator -Iscalar -IPSYKE -Iconfiguration -Ifunction_space -Ifunction_space/dofmap -Iio -Ikernel_metadata -Ikey_value -Imesh -Iquadrature -Itime -Iutilities -Ialgorithm -Ialgorithm/solver -Ialgorithm/runtime_constants -Ialgorithm/timestepping -Ialgorithm/transport -Ialgorithm/transport/common -Ialgorithm/transport/control -Ialgorithm/transport/ffsl -Ialgorithm/transport/mol -Ialgorithm/transport/sl -Ialgorithm/initialisation -Ialgorithm/physics -Ialgorithm/core_dynamics -Ialgorithm/diagnostics -Ialgorithm/diffusion -Ialgorithm/interpolation -Ialgorithm/limited_area -Ikernel -Ikernel/algebra -Ikernel/columnwise_operators -Ikernel/fem -Ikernel/geometry -Ikernel/inter_element_order -Ikernel/inter_function_space -Ikernel/inter_mesh -Ikernel/solver -Ikernel/core_dynamics -Ikernel/diagnostics -Ikernel/diffusion -Ikernel/external_forcing -Ikernel/initialisation -Ikernel/limited_area -Ikernel/transport -Ikernel/transport/common -Ikernel/transport/fem -Ikernel/transport/ffsl -Ikernel/transport/mol -Ikernel/transport/sl -Ipsy -Isolver -Iinventory -Idiagnostics -Idriver -Idriver/constants -Idriver/iau_multifile_io -Iinitialisation -Iorography -Iphysics -Iconstants -Ivector_space -DLEGACY_MPI -DLEGACY_TIMER -DTIMING_ON -DRDEF_PRECISION=32 -DR_SOLVER_PRECISION=32 -DR_TRAN_PRECISION=32 -DR_BL_PRECISION=32 -DUSE_XIOS -c -o kernel/algebra/sci_invert_local_operator_kernel_mod.o kernel/algebra/sci_invert_local_operator_kernel_mod.F90 -I/opt/cray/pe/mpich/8.1.32/ofi/gnu/11.2/include -I/opt/cray/pe/mpich/8.1.32/ofi/gnu/11.2/include
