repeatIndex,nodes,tasksPerNode,chunkSize,chunksPerTask,direct,filesystem,singleFile,repeat,stripes,operation,alignment,strided,bandwidth,dataSize,tasks
0,8,16,1,64,False,lustre,True,10,16,write,4096,True,4.8694124472552875,9.223372036854776,128
0,8,16,1,64,False,lustre,True,10,16,write,4096,True,5.975123038962539,9.223372036854776,128
0,8,16,1,64,False,lustre,True,10,16,write,4096,True,5.900039739442083,9.223372036854776,128
0,8,16,1,64,False,lustre,True,10,16,write,4096,True,7.165723577549095,9.223372036854776,128
0,8,16,1,64,False,lustre,True,10,16,write,4096,True,7.518892149909956,9.223372036854776,128
0,8,16,1,64,False,lustre,True,10,16,write,4096,True,7.5665408114649715,9.223372036854776,128
0,8,16,1,64,False,lustre,True,10,16,write,4096,True,8.234717139673334,9.223372036854776,128
0,8,16,1,64,False,lustre,True,10,16,write,4096,True,7.681597907007785,9.223372036854776,128
0,8,16,1,64,False,lustre,True,10,16,write,4096,True,8.717170119395007,9.223372036854776,128
0,8,16,1,64,False,lustre,True,10,16,write,4096,True,7.318551668486147,9.223372036854776,128
0,2,2,4,64,False,lustre,True,10,16,write,4096,True,1.4555955336264463,1.152921504606847,4
0,2,2,4,64,False,lustre,True,10,16,write,4096,True,1.261718341953436,1.152921504606847,4
0,2,2,4,64,False,lustre,True,10,16,write,4096,True,2.6636737768186576,1.152921504606847,4
0,2,2,4,64,False,lustre,True,10,16,write,4096,True,2.5761227616023485,1.152921504606847,4
0,2,2,4,64,False,lustre,True,10,16,write,4096,True,2.998329807979167,1.152921504606847,4
0,2,2,4,64,False,lustre,True,10,16,write,4096,True,3.147856513558074,1.152921504606847,4
0,2,2,4,64,False,lustre,True,10,16,write,4096,True,3.580767767478098,1.152921504606847,4
0,2,2,4,64,False,lustre,True,10,16,write,4096,True,3.632665406115071,1.152921504606847,4
0,2,2,4,64,False,lustre,True,10,16,write,4096,True,4.036661883361924,1.152921504606847,4
0,2,2,4,64,False,lustre,True,10,16,write,4096,True,4.148143764063856,1.152921504606847,4
0,4,144,32,64,True,lustre,True,10,16,write,4096,True,21.785669412961557,1328.1655733070877,576
0,4,144,32,64,True,lustre,True,10,16,write,4096,True,16.902930844555378,1328.1655733070877,576
0,4,144,32,64,True,lustre,True,10,16,write,4096,True,16.031817432996004,1328.1655733070877,576
0,4,144,32,64,True,lustre,True,10,16,write,4096,True,14.736851293851055,1328.1655733070877,576
0,4,144,32,64,True,lustre,True,10,16,write,4096,True,13.959492023156622,1328.1655733070877,576
0,4,144,32,64,True,lustre,True,10,16,write,4096,True,13.790240071250203,1328.1655733070877,576
0,4,144,32,64,True,lustre,True,10,16,write,4096,True,12.343638148751952,1328.1655733070877,576
0,4,144,32,64,True,lustre,True,10,16,write,4096,True,17.46451331920386,1328.1655733070877,576
0,4,144,32,64,True,lustre,True,10,16,write,4096,True,25.387573570693,1328.1655733070877,576
0,4,144,32,64,True,lustre,True,10,16,write,4096,True,21.042738520333778,1328.1655733070877,576
0,2,24,4,64,True,lustre,True,10,16,write,4096,True,22.22218017711658,13.835058055282163,48
0,2,24,4,64,True,lustre,True,10,16,write,4096,True,24.046727306842353,13.835058055282163,48
0,2,24,4,64,True,lustre,True,10,16,write,4096,True,25.257635009958864,13.835058055282163,48
0,2,24,4,64,True,lustre,True,10,16,write,4096,True,22.568708017385866,13.835058055282163,48
0,2,24,4,64,True,lustre,True,10,16,write,4096,True,22.59543259410119,13.835058055282163,48
0,2,24,4,64,True,lustre,True,10,16,write,4096,True,25.293614305093044,13.835058055282163,48
0,2,24,4,64,True,lustre,True,10,16,write,4096,True,22.627758209723222,13.835058055282163,48
0,2,24,4,64,True,lustre,True,10,16,write,4096,True,22.282671332355182,13.835058055282163,48
0,2,24,4,64,True,lustre,True,10,16,write,4096,True,21.69475344769802,13.835058055282163,48
0,2,24,4,64,True,lustre,True,10,16,write,4096,True,19.84080187248654,13.835058055282163,48
0,1,288,32,64,True,lustre,True,10,16,write,4096,True,12.35588979293368,664.0827866535438,288
0,1,288,32,64,True,lustre,True,10,16,write,4096,True,10.250253105860361,664.0827866535438,288
0,1,288,32,64,True,lustre,True,10,16,write,4096,True,8.928074860725397,664.0827866535438,288
0,1,288,32,64,True,lustre,True,10,16,write,4096,True,4.511043202593875,664.0827866535438,288
0,1,288,32,64,True,lustre,True,10,16,write,4096,True,5.220741224244733,664.0827866535438,288
0,1,288,32,64,True,lustre,True,10,16,write,4096,True,5.970718735495742,664.0827866535438,288
0,1,288,32,64,True,lustre,True,10,16,write,4096,True,7.648939139399201,664.0827866535438,288
0,1,288,32,64,True,lustre,True,10,16,write,4096,True,8.137012669056238,664.0827866535438,288
0,1,288,32,64,True,lustre,True,10,16,write,4096,True,9.471162631836576,664.0827866535438,288
0,1,288,32,64,True,lustre,True,10,16,write,4096,True,10.104572455630516,664.0827866535438,288
0,1,288,1,64,True,lustre,True,10,16,write,4096,True,4.9918115567049295,20.752587082923245,288
0,1,288,1,64,True,lustre,True,10,16,write,4096,True,2.888796667337759,20.752587082923245,288
0,1,288,1,64,True,lustre,True,10,16,write,4096,True,4.418439237280158,20.752587082923245,288
0,1,288,1,64,True,lustre,True,10,16,write,4096,True,12.65423592012254,20.752587082923245,288
0,1,288,1,64,True,lustre,True,10,16,write,4096,True,13.334197687986116,20.752587082923245,288
0,1,288,1,64,True,lustre,True,10,16,write,4096,True,18.232695179269143,20.752587082923245,288
0,1,288,1,64,True,lustre,True,10,16,write,4096,True,19.61185174752501,20.752587082923245,288
0,1,288,1,64,True,lustre,True,10,16,write,4096,True,23.04914375800765,20.752587082923245,288
0,1,288,1,64,True,lustre,True,10,16,write,4096,True,20.960001733075845,20.752587082923245,288
0,1,288,1,64,True,lustre,True,10,16,write,4096,True,23.73291938762592,20.752587082923245,288
0,4,24,32,64,False,lustre,True,10,16,write,4096,True,3.6131203117439648,221.3609288845146,96
0,4,24,32,64,False,lustre,True,10,16,write,4096,True,3.8312384296005235,221.3609288845146,96
0,4,24,32,64,False,lustre,True,10,16,write,4096,True,4.126370879480229,221.3609288845146,96
0,4,24,32,64,False,lustre,True,10,16,write,4096,True,5.311322206561045,221.3609288845146,96
0,4,24,32,64,False,lustre,True,10,16,write,4096,True,5.407133195287525,221.3609288845146,96
0,4,24,32,64,False,lustre,True,10,16,write,4096,True,6.403581437802908,221.3609288845146,96
0,4,24,32,64,False,lustre,True,10,16,write,4096,True,10.516421037723877,221.3609288845146,96
0,4,24,32,64,False,lustre,True,10,16,write,4096,True,17.169030568153673,221.3609288845146,96
0,4,24,32,64,False,lustre,True,10,16,write,4096,True,17.2110263925677,221.3609288845146,96
0,4,24,32,64,False,lustre,True,10,16,write,4096,True,18.58187265750661,221.3609288845146,96
0,8,12,4,64,False,lustre,True,10,16,write,4096,True,6.6270633199879585,27.670116110564326,96
0,8,12,4,64,False,lustre,True,10,16,write,4096,True,6.313063398116311,27.670116110564326,96
0,8,12,4,64,False,lustre,True,10,16,write,4096,True,7.8091404652402865,27.670116110564326,96
0,8,12,4,64,False,lustre,True,10,16,write,4096,True,7.6200272290566735,27.670116110564326,96
0,8,12,4,64,False,lustre,True,10,16,write,4096,True,10.660934214834711,27.670116110564326,96
0,8,12,4,64,False,lustre,True,10,16,write,4096,True,12.066778561129443,27.670116110564326,96
0,8,12,4,64,False,lustre,True,10,16,write,4096,True,12.664766002878148,27.670116110564326,96
0,8,12,4,64,False,lustre,True,10,16,write,4096,True,12.45378544251973,27.670116110564326,96
0,8,12,4,64,False,lustre,True,10,16,write,4096,True,10.41293868776831,27.670116110564326,96
0,8,12,4,64,False,lustre,True,10,16,write,4096,True,13.755596415072617,27.670116110564326,96
0,4,1,4,64,False,lustre,True,10,16,write,4096,True,3.4974968660009362,1.152921504606847,4
0,4,1,4,64,False,lustre,True,10,16,write,4096,True,3.6816575738277924,1.152921504606847,4
0,4,1,4,64,False,lustre,True,10,16,write,4096,True,3.9851021846803363,1.152921504606847,4
0,4,1,4,64,False,lustre,True,10,16,write,4096,True,3.965977500911563,1.152921504606847,4
0,4,1,4,64,False,lustre,True,10,16,write,4096,True,3.8653591157263705,1.152921504606847,4
0,4,1,4,64,False,lustre,True,10,16,write,4096,True,4.070901367474804,1.152921504606847,4
0,4,1,4,64,False,lustre,True,10,16,write,4096,True,3.87232339542502,1.152921504606847,4
0,4,1,4,64,False,lustre,True,10,16,write,4096,True,4.094632737804412,1.152921504606847,4
0,4,1,4,64,False,lustre,True,10,16,write,4096,True,4.041430984516879,1.152921504606847,4
0,4,1,4,64,False,lustre,True,10,16,write,4096,True,3.8955668416534577,1.152921504606847,4
0,2,12,1,64,True,lustre,True,10,16,write,4096,True,3.224637073530454,1.7293822569102704,24
0,2,12,1,64,True,lustre,True,10,16,write,4096,True,5.758332524791432,1.7293822569102704,24
0,2,12,1,64,True,lustre,True,10,16,write,4096,True,6.234164008410802,1.7293822569102704,24
0,2,12,1,64,True,lustre,True,10,16,write,4096,True,7.846368290921648,1.7293822569102704,24
0,2,12,1,64,True,lustre,True,10,16,write,4096,True,13.01638507958334,1.7293822569102704,24
0,2,12,1,64,True,lustre,True,10,16,write,4096,True,19.19508121650389,1.7293822569102704,24
0,2,12,1,64,True,lustre,True,10,16,write,4096,True,14.718858330089553,1.7293822569102704,24
0,2,12,1,64,True,lustre,True,10,16,write,4096,True,18.236799997500345,1.7293822569102704,24
0,2,12,1,64,True,lustre,True,10,16,write,4096,True,15.950429949617128,1.7293822569102704,24
0,2,12,1,64,True,lustre,True,10,16,write,4096,True,20.012137353554614,1.7293822569102704,24
0,1,288,1,64,False,lustre,True,10,16,write,4096,True,1.138737112879067,20.752587082923245,288
0,1,288,1,64,False,lustre,True,10,16,write,4096,True,1.1819935666032155,20.752587082923245,288
0,1,288,1,64,False,lustre,True,10,16,write,4096,True,1.2796754146325036,20.752587082923245,288
0,1,288,1,64,False,lustre,True,10,16,write,4096,True,1.1261697679346427,20.752587082923245,288
0,1,288,1,64,False,lustre,True,10,16,write,4096,True,1.697823950680282,20.752587082923245,288
0,1,288,1,64,False,lustre,True,10,16,write,4096,True,1.5184373986492006,20.752587082923245,288
0,1,288,1,64,False,lustre,True,10,16,write,4096,True,1.0569699854008605,20.752587082923245,288
0,1,288,1,64,False,lustre,True,10,16,write,4096,True,1.5513104699324685,20.752587082923245,288
0,1,288,1,64,False,lustre,True,10,16,write,4096,True,2.9392799825619296,20.752587082923245,288
0,1,288,1,64,False,lustre,True,10,16,write,4096,True,2.6627446768733813,20.752587082923245,288
0,4,16,4,64,True,lustre,True,10,16,write,4096,True,35.757419147025644,18.446744073709553,64
0,4,16,4,64,True,lustre,True,10,16,write,4096,True,35.94419364936525,18.446744073709553,64
0,4,16,4,64,True,lustre,True,10,16,write,4096,True,32.58858797840513,18.446744073709553,64
0,4,16,4,64,True,lustre,True,10,16,write,4096,True,41.00507709255424,18.446744073709553,64
0,4,16,4,64,True,lustre,True,10,16,write,4096,True,39.03369215382372,18.446744073709553,64
0,4,16,4,64,True,lustre,True,10,16,write,4096,True,39.75013509709969,18.446744073709553,64
0,4,16,4,64,True,lustre,True,10,16,write,4096,True,39.04170337656593,18.446744073709553,64
0,4,16,4,64,True,lustre,True,10,16,write,4096,True,38.96827504380506,18.446744073709553,64
0,4,16,4,64,True,lustre,True,10,16,write,4096,True,37.57137808994611,18.446744073709553,64
0,4,16,4,64,True,lustre,True,10,16,write,4096,True,43.63431677092109,18.446744073709553,64
0,2,16,1,64,False,lustre,True,10,16,write,4096,True,1.2680356694991537,2.305843009213694,32
0,2,16,1,64,False,lustre,True,10,16,write,4096,True,1.7127802473177656,2.305843009213694,32
0,2,16,1,64,False,lustre,True,10,16,write,4096,True,1.6068050278618415,2.305843009213694,32
0,2,16,1,64,False,lustre,True,10,16,write,4096,True,1.8490425182405488,2.305843009213694,32
0,2,16,1,64,False,lustre,True,10,16,write,4096,True,1.650536398977341,2.305843009213694,32
0,2,16,1,64,False,lustre,True,10,16,write,4096,True,1.802501938577259,2.305843009213694,32
0,2,16,1,64,False,lustre,True,10,16,write,4096,True,1.788800786176658,2.305843009213694,32
0,2,16,1,64,False,lustre,True,10,16,write,4096,True,1.8469945225569064,2.305843009213694,32
0,2,16,1,64,False,lustre,True,10,16,write,4096,True,1.873235753834167,2.305843009213694,32
0,2,16,1,64,False,lustre,True,10,16,write,4096,True,1.7448852386740898,2.305843009213694,32
0,1,8,1,64,True,lustre,True,10,16,write,4096,True,6.828962838030493,0.5764607523034235,8
0,1,8,1,64,True,lustre,True,10,16,write,4096,True,8.575180205529344,0.5764607523034235,8
0,1,8,1,64,True,lustre,True,10,16,write,4096,True,3.9365677737837954,0.5764607523034235,8
0,1,8,1,64,True,lustre,True,10,16,write,4096,True,6.177554278346598,0.5764607523034235,8
0,1,8,1,64,True,lustre,True,10,16,write,4096,True,6.524671381625794,0.5764607523034235,8
0,1,8,1,64,True,lustre,True,10,16,write,4096,True,7.259471209254917,0.5764607523034235,8
0,1,8,1,64,True,lustre,True,10,16,write,4096,True,6.296840487336237,0.5764607523034235,8
0,1,8,1,64,True,lustre,True,10,16,write,4096,True,10.993837404216357,0.5764607523034235,8
0,1,8,1,64,True,lustre,True,10,16,write,4096,True,10.11956172025919,0.5764607523034235,8
0,1,8,1,64,True,lustre,True,10,16,write,4096,True,11.17394888998193,0.5764607523034235,8
0,2,16,32,64,False,lustre,True,10,16,write,4096,True,1.7600731540328993,73.78697629483821,32
0,2,16,32,64,False,lustre,True,10,16,write,4096,True,1.9289649520911916,73.78697629483821,32
0,2,16,32,64,False,lustre,True,10,16,write,4096,True,2.7453417742645816,73.78697629483821,32
0,2,16,32,64,False,lustre,True,10,16,write,4096,True,4.095617440518915,73.78697629483821,32
0,2,16,32,64,False,lustre,True,10,16,write,4096,True,4.945100539522946,73.78697629483821,32
0,2,16,32,64,False,lustre,True,10,16,write,4096,True,4.723238544872516,73.78697629483821,32
0,2,16,32,64,False,lustre,True,10,16,write,4096,True,6.287034458251178,73.78697629483821,32
0,2,16,32,64,False,lustre,True,10,16,write,4096,True,8.562749904339917,73.78697629483821,32
0,2,16,32,64,False,lustre,True,10,16,write,4096,True,7.138875175058145,73.78697629483821,32
0,2,16,32,64,False,lustre,True,10,16,write,4096,True,9.42936359566632,73.78697629483821,32
0,4,24,4,64,False,lustre,True,10,16,write,4096,True,3.1583975199359626,27.670116110564326,96
0,4,24,4,64,False,lustre,True,10,16,write,4096,True,4.19732855300936,27.670116110564326,96
0,4,24,4,64,False,lustre,True,10,16,write,4096,True,5.711566487414649,27.670116110564326,96
0,4,24,4,64,False,lustre,True,10,16,write,4096,True,5.413172133248255,27.670116110564326,96
0,4,24,4,64,False,lustre,True,10,16,write,4096,True,5.07031630385599,27.670116110564326,96
0,4,24,4,64,False,lustre,True,10,16,write,4096,True,5.718867113420467,27.670116110564326,96
0,4,24,4,64,False,lustre,True,10,16,write,4096,True,5.999825509217519,27.670116110564326,96
0,4,24,4,64,False,lustre,True,10,16,write,4096,True,5.4412061708031,27.670116110564326,96
0,4,24,4,64,False,lustre,True,10,16,write,4096,True,6.288596665985463,27.670116110564326,96
0,4,24,4,64,False,lustre,True,10,16,write,4096,True,6.153652857175995,27.670116110564326,96
0,4,8,1,64,True,lustre,True,10,16,write,4096,True,11.927705832739393,2.305843009213694,32
0,4,8,1,64,True,lustre,True,10,16,write,4096,True,17.65160464661664,2.305843009213694,32
0,4,8,1,64,True,lustre,True,10,16,write,4096,True,13.353553750340552,2.305843009213694,32
0,4,8,1,64,True,lustre,True,10,16,write,4096,True,13.384948130711459,2.305843009213694,32
0,4,8,1,64,True,lustre,True,10,16,write,4096,True,14.697276592040414,2.305843009213694,32
0,4,8,1,64,True,lustre,True,10,16,write,4096,True,14.928997377199748,2.305843009213694,32
0,4,8,1,64,True,lustre,True,10,16,write,4096,True,16.297839374247847,2.305843009213694,32
0,4,8,1,64,True,lustre,True,10,16,write,4096,True,15.478437036011304,2.305843009213694,32
0,4,8,1,64,True,lustre,True,10,16,write,4096,True,17.703665845863583,2.305843009213694,32
0,4,8,1,64,True,lustre,True,10,16,write,4096,True,23.942338694304503,2.305843009213694,32
0,8,12,1,64,False,lustre,True,10,16,write,4096,True,5.911764480065745,6.9175290276410815,96
0,8,12,1,64,False,lustre,True,10,16,write,4096,True,5.869657526412186,6.9175290276410815,96
0,8,12,1,64,False,lustre,True,10,16,write,4096,True,4.848478682595763,6.9175290276410815,96
0,8,12,1,64,False,lustre,True,10,16,write,4096,True,6.53960884003785,6.9175290276410815,96
0,8,12,1,64,False,lustre,True,10,16,write,4096,True,6.22350150802234,6.9175290276410815,96
0,8,12,1,64,False,lustre,True,10,16,write,4096,True,7.380808420961664,6.9175290276410815,96
0,8,12,1,64,False,lustre,True,10,16,write,4096,True,7.212412381160309,6.9175290276410815,96
0,8,12,1,64,False,lustre,True,10,16,write,4096,True,7.636231217333519,6.9175290276410815,96
0,8,12,1,64,False,lustre,True,10,16,write,4096,True,8.219930918296368,6.9175290276410815,96
0,8,12,1,64,False,lustre,True,10,16,write,4096,True,8.025010650265973,6.9175290276410815,96
0,8,1,4,64,False,lustre,True,10,16,write,4096,True,6.768869978619803,2.305843009213694,8
0,8,1,4,64,False,lustre,True,10,16,write,4096,True,6.579912763517857,2.305843009213694,8
0,8,1,4,64,False,lustre,True,10,16,write,4096,True,6.446512640205244,2.305843009213694,8
0,8,1,4,64,False,lustre,True,10,16,write,4096,True,5.575141935361578,2.305843009213694,8
0,8,1,4,64,False,lustre,True,10,16,write,4096,True,6.422462308133824,2.305843009213694,8
0,8,1,4,64,False,lustre,True,10,16,write,4096,True,6.63021133523144,2.305843009213694,8
0,8,1,4,64,False,lustre,True,10,16,write,4096,True,6.772123773642694,2.305843009213694,8
0,8,1,4,64,False,lustre,True,10,16,write,4096,True,6.084027108464944,2.305843009213694,8
0,8,1,4,64,False,lustre,True,10,16,write,4096,True,6.861791146772251,2.305843009213694,8
0,8,1,4,64,False,lustre,True,10,16,write,4096,True,5.794416717104714,2.305843009213694,8
0,8,288,1,64,True,lustre,True,10,16,write,4096,True,8.17835244611081,166.02069666338596,2304
0,8,288,1,64,True,lustre,True,10,16,write,4096,True,5.635758048664772,166.02069666338596,2304
0,8,288,1,64,True,lustre,True,10,16,write,4096,True,5.951383039949433,166.02069666338596,2304
0,8,288,1,64,True,lustre,True,10,16,write,4096,True,12.788995395491856,166.02069666338596,2304
0,8,288,1,64,True,lustre,True,10,16,write,4096,True,21.41700866476918,166.02069666338596,2304
0,8,288,1,64,True,lustre,True,10,16,write,4096,True,41.445077161804406,166.02069666338596,2304
0,8,288,1,64,True,lustre,True,10,16,write,4096,True,25.18010042842452,166.02069666338596,2304
0,8,288,1,64,True,lustre,True,10,16,write,4096,True,37.79925360427063,166.02069666338596,2304
0,8,288,1,64,True,lustre,True,10,16,write,4096,True,33.724654191356116,166.02069666338596,2304
0,8,288,1,64,True,lustre,True,10,16,write,4096,True,58.45191663643934,166.02069666338596,2304
0,2,24,4,64,False,lustre,True,10,16,write,4096,True,1.7923367016283631,13.835058055282163,48
0,2,24,4,64,False,lustre,True,10,16,write,4096,True,1.546920729166328,13.835058055282163,48
0,2,24,4,64,False,lustre,True,10,16,write,4096,True,1.6561876480770485,13.835058055282163,48
0,2,24,4,64,False,lustre,True,10,16,write,4096,True,2.0470138139802243,13.835058055282163,48
0,2,24,4,64,False,lustre,True,10,16,write,4096,True,1.9396710241379929,13.835058055282163,48
0,2,24,4,64,False,lustre,True,10,16,write,4096,True,1.9859061468682417,13.835058055282163,48
0,2,24,4,64,False,lustre,True,10,16,write,4096,True,2.097762285620288,13.835058055282163,48
0,2,24,4,64,False,lustre,True,10,16,write,4096,True,2.011268941124824,13.835058055282163,48
0,2,24,4,64,False,lustre,True,10,16,write,4096,True,2.0659155879854145,13.835058055282163,48
0,2,24,4,64,False,lustre,True,10,16,write,4096,True,2.07457886428358,13.835058055282163,48
0,4,12,32,64,True,lustre,True,10,16,write,4096,True,14.401174136165311,110.6804644422573,48
0,4,12,32,64,True,lustre,True,10,16,write,4096,True,12.906923913907029,110.6804644422573,48
0,4,12,32,64,True,lustre,True,10,16,write,4096,True,17.323503487836355,110.6804644422573,48
0,4,12,32,64,True,lustre,True,10,16,write,4096,True,17.261406446589085,110.6804644422573,48
0,4,12,32,64,True,lustre,True,10,16,write,4096,True,8.360097874172444,110.6804644422573,48
0,4,12,32,64,True,lustre,True,10,16,write,4096,True,8.501533643068036,110.6804644422573,48
0,4,12,32,64,True,lustre,True,10,16,write,4096,True,10.163154508954696,110.6804644422573,48
0,4,12,32,64,True,lustre,True,10,16,write,4096,True,9.318893762035863,110.6804644422573,48
0,4,12,32,64,True,lustre,True,10,16,write,4096,True,11.538158847639508,110.6804644422573,48
0,4,12,32,64,True,lustre,True,10,16,write,4096,True,10.25857730322009,110.6804644422573,48
0,1,12,1,64,False,lustre,True,10,16,write,4096,True,1.0737430838585746,0.8646911284551352,12
0,1,12,1,64,False,lustre,True,10,16,write,4096,True,1.1583870217303642,0.8646911284551352,12
0,1,12,1,64,False,lustre,True,10,16,write,4096,True,1.1400851481850391,0.8646911284551352,12
0,1,12,1,64,False,lustre,True,10,16,write,4096,True,1.2194476500353624,0.8646911284551352,12
0,1,12,1,64,False,lustre,True,10,16,write,4096,True,1.1886078712270605,0.8646911284551352,12
0,1,12,1,64,False,lustre,True,10,16,write,4096,True,1.1508640949564475,0.8646911284551352,12
0,1,12,1,64,False,lustre,True,10,16,write,4096,True,1.1075168757150091,0.8646911284551352,12
0,1,12,1,64,False,lustre,True,10,16,write,4096,True,1.1329448001638491,0.8646911284551352,12
0,1,12,1,64,False,lustre,True,10,16,write,4096,True,1.093179247744368,0.8646911284551352,12
0,1,12,1,64,False,lustre,True,10,16,write,4096,True,1.1688339511376242,0.8646911284551352,12
0,1,16,1,64,True,lustre,True,10,16,write,4096,True,6.654545647687562,1.152921504606847,16
0,1,16,1,64,True,lustre,True,10,16,write,4096,True,7.4875867870877,1.152921504606847,16
0,1,16,1,64,True,lustre,True,10,16,write,4096,True,11.44290137365081,1.152921504606847,16
0,1,16,1,64,True,lustre,True,10,16,write,4096,True,10.846263421911544,1.152921504606847,16
0,1,16,1,64,True,lustre,True,10,16,write,4096,True,12.848817987178023,1.152921504606847,16
0,1,16,1,64,True,lustre,True,10,16,write,4096,True,12.517618050583877,1.152921504606847,16
0,1,16,1,64,True,lustre,True,10,16,write,4096,True,14.310317400923013,1.152921504606847,16
0,1,16,1,64,True,lustre,True,10,16,write,4096,True,15.994435100849058,1.152921504606847,16
0,1,16,1,64,True,lustre,True,10,16,write,4096,True,14.537041740771684,1.152921504606847,16
0,1,16,1,64,True,lustre,True,10,16,write,4096,True,18.847883667955365,1.152921504606847,16
0,2,144,32,64,True,lustre,True,10,16,write,4096,True,22.593655703626737,664.0827866535438,288
0,2,144,32,64,True,lustre,True,10,16,write,4096,True,20.263761979470047,664.0827866535438,288
0,2,144,32,64,True,lustre,True,10,16,write,4096,True,14.88988810591563,664.0827866535438,288
0,2,144,32,64,True,lustre,True,10,16,write,4096,True,9.971221039069118,664.0827866535438,288
0,2,144,32,64,True,lustre,True,10,16,write,4096,True,11.298955823689596,664.0827866535438,288
0,2,144,32,64,True,lustre,True,10,16,write,4096,True,11.49845791289434,664.0827866535438,288
0,2,144,32,64,True,lustre,True,10,16,write,4096,True,12.194245143345128,664.0827866535438,288
0,2,144,32,64,True,lustre,True,10,16,write,4096,True,14.681569337229417,664.0827866535438,288
0,2,144,32,64,True,lustre,True,10,16,write,4096,True,21.166213547417826,664.0827866535438,288
0,2,144,32,64,True,lustre,True,10,16,write,4096,True,19.403223716963254,664.0827866535438,288
0,4,144,4,64,True,lustre,True,10,16,write,4096,True,32.88532927063562,166.02069666338596,576
0,4,144,4,64,True,lustre,True,10,16,write,4096,True,29.09677778429161,166.02069666338596,576
0,4,144,4,64,True,lustre,True,10,16,write,4096,True,16.55885232299919,166.02069666338596,576
0,4,144,4,64,True,lustre,True,10,16,write,4096,True,17.62044586899442,166.02069666338596,576
0,4,144,4,64,True,lustre,True,10,16,write,4096,True,24.324033678416917,166.02069666338596,576
0,4,144,4,64,True,lustre,True,10,16,write,4096,True,30.81398704618241,166.02069666338596,576
0,4,144,4,64,True,lustre,True,10,16,write,4096,True,40.577782712629414,166.02069666338596,576
0,4,144,4,64,True,lustre,True,10,16,write,4096,True,57.54905092676016,166.02069666338596,576
0,4,144,4,64,True,lustre,True,10,16,write,4096,True,89.21476113002933,166.02069666338596,576
0,4,144,4,64,True,lustre,True,10,16,write,4096,True,86.13090982808383,166.02069666338596,576
0,4,2,4,64,False,lustre,True,10,16,write,4096,True,3.3359410281284463,2.305843009213694,8
0,4,2,4,64,False,lustre,True,10,16,write,4096,True,3.35952718822976,2.305843009213694,8
0,4,2,4,64,False,lustre,True,10,16,write,4096,True,3.6673931262793102,2.305843009213694,8
0,4,2,4,64,False,lustre,True,10,16,write,4096,True,3.9197133073385504,2.305843009213694,8
0,4,2,4,64,False,lustre,True,10,16,write,4096,True,3.794747893921193,2.305843009213694,8
0,4,2,4,64,False,lustre,True,10,16,write,4096,True,3.512360478269946,2.305843009213694,8
0,4,2,4,64,False,lustre,True,10,16,write,4096,True,3.691250618503566,2.305843009213694,8
0,4,2,4,64,False,lustre,True,10,16,write,4096,True,3.777557291057006,2.305843009213694,8
0,4,2,4,64,False,lustre,True,10,16,write,4096,True,3.566206594835118,2.305843009213694,8
0,4,2,4,64,False,lustre,True,10,16,write,4096,True,3.070648896737778,2.305843009213694,8
0,1,1,32,64,True,lustre,True,10,16,write,4096,True,1.4395796947120711,2.305843009213694,1
0,1,1,32,64,True,lustre,True,10,16,write,4096,True,1.3819169997946044,2.305843009213694,1
0,1,1,32,64,True,lustre,True,10,16,write,4096,True,1.3830195777704077,2.305843009213694,1
0,1,1,32,64,True,lustre,True,10,16,write,4096,True,1.3854892749758214,2.305843009213694,1
0,1,1,32,64,True,lustre,True,10,16,write,4096,True,1.3231146781070555,2.305843009213694,1
0,1,1,32,64,True,lustre,True,10,16,write,4096,True,1.3763574404583911,2.305843009213694,1
0,1,1,32,64,True,lustre,True,10,16,write,4096,True,1.3325297413533468,2.305843009213694,1
0,1,1,32,64,True,lustre,True,10,16,write,4096,True,1.2918294418245442,2.305843009213694,1
0,1,1,32,64,True,lustre,True,10,16,write,4096,True,1.4143088551890963,2.305843009213694,1
0,1,1,32,64,True,lustre,True,10,16,write,4096,True,1.3089643723077677,2.305843009213694,1
0,1,12,1,64,True,lustre,True,10,16,write,4096,True,3.4969227952376776,0.8646911284551352,12
0,1,12,1,64,True,lustre,True,10,16,write,4096,True,9.342388824237656,0.8646911284551352,12
0,1,12,1,64,True,lustre,True,10,16,write,4096,True,6.137141274526191,0.8646911284551352,12
0,1,12,1,64,True,lustre,True,10,16,write,4096,True,8.684373049894239,0.8646911284551352,12
0,1,12,1,64,True,lustre,True,10,16,write,4096,True,7.69336391228564,0.8646911284551352,12
0,1,12,1,64,True,lustre,True,10,16,write,4096,True,5.713741109494937,0.8646911284551352,12
0,1,12,1,64,True,lustre,True,10,16,write,4096,True,11.175180144769675,0.8646911284551352,12
0,1,12,1,64,True,lustre,True,10,16,write,4096,True,9.209450969636546,0.8646911284551352,12
0,1,12,1,64,True,lustre,True,10,16,write,4096,True,7.772496155473557,0.8646911284551352,12
0,1,12,1,64,True,lustre,True,10,16,write,4096,True,11.80547412268537,0.8646911284551352,12
0,2,288,4,64,False,lustre,True,10,16,write,4096,True,2.2729239982628786,166.02069666338596,576
0,2,288,4,64,False,lustre,True,10,16,write,4096,True,1.8728423380001693,166.02069666338596,576
0,2,288,4,64,False,lustre,True,10,16,write,4096,True,1.9811244887265589,166.02069666338596,576
0,2,288,4,64,False,lustre,True,10,16,write,4096,True,1.8514703474232594,166.02069666338596,576
0,2,288,4,64,False,lustre,True,10,16,write,4096,True,1.6334863042556875,166.02069666338596,576
0,2,288,4,64,False,lustre,True,10,16,write,4096,True,1.5831348994266774,166.02069666338596,576
0,2,288,4,64,False,lustre,True,10,16,write,4096,True,2.0396953133746867,166.02069666338596,576
0,2,288,4,64,False,lustre,True,10,16,write,4096,True,2.421152642204952,166.02069666338596,576
0,2,288,4,64,False,lustre,True,10,16,write,4096,True,2.3078607024326603,166.02069666338596,576
0,2,288,4,64,False,lustre,True,10,16,write,4096,True,2.291053538596887,166.02069666338596,576
0,4,1,1,64,False,lustre,True,10,16,write,4096,True,1.2583178330845128,0.28823037615171176,4
0,4,1,1,64,False,lustre,True,10,16,write,4096,True,0.9610742686508593,0.28823037615171176,4
0,4,1,1,64,False,lustre,True,10,16,write,4096,True,1.6653188671215677,0.28823037615171176,4
0,4,1,1,64,False,lustre,True,10,16,write,4096,True,0.9052831199139834,0.28823037615171176,4
0,4,1,1,64,False,lustre,True,10,16,write,4096,True,1.0237945178040928,0.28823037615171176,4
0,4,1,1,64,False,lustre,True,10,16,write,4096,True,1.512811408770201,0.28823037615171176,4
0,4,1,1,64,False,lustre,True,10,16,write,4096,True,2.9840005882751046,0.28823037615171176,4
0,4,1,1,64,False,lustre,True,10,16,write,4096,True,2.703933172278724,0.28823037615171176,4
0,4,1,1,64,False,lustre,True,10,16,write,4096,True,1.8934221707886394,0.28823037615171176,4
0,4,1,1,64,False,lustre,True,10,16,write,4096,True,2.2474736801102084,0.28823037615171176,4
0,2,1,1,64,True,lustre,True,10,16,write,4096,True,3.7114924207312137,0.14411518807585588,2
0,2,1,1,64,True,lustre,True,10,16,write,4096,True,3.7535223566602314,0.14411518807585588,2
0,2,1,1,64,True,lustre,True,10,16,write,4096,True,4.591043783026322,0.14411518807585588,2
0,2,1,1,64,True,lustre,True,10,16,write,4096,True,5.112843805244512,0.14411518807585588,2
0,2,1,1,64,True,lustre,True,10,16,write,4096,True,3.7336868684373776,0.14411518807585588,2
0,2,1,1,64,True,lustre,True,10,16,write,4096,True,3.911450626033009,0.14411518807585588,2
0,2,1,1,64,True,lustre,True,10,16,write,4096,True,4.135442565926633,0.14411518807585588,2
0,2,1,1,64,True,lustre,True,10,16,write,4096,True,2.1920708961246804,0.14411518807585588,2
0,2,1,1,64,True,lustre,True,10,16,write,4096,True,1.2976902144447937,0.14411518807585588,2
0,2,1,1,64,True,lustre,True,10,16,write,4096,True,2.9673540209993887,0.14411518807585588,2
0,8,16,1,64,True,lustre,True,10,16,write,4096,True,10.71085310180232,9.223372036854776,128
0,8,16,1,64,True,lustre,True,10,16,write,4096,True,14.547878055335017,9.223372036854776,128
0,8,16,1,64,True,lustre,True,10,16,write,4096,True,22.394022828717194,9.223372036854776,128
0,8,16,1,64,True,lustre,True,10,16,write,4096,True,19.438771711539278,9.223372036854776,128
0,8,16,1,64,True,lustre,True,10,16,write,4096,True,31.994647683022283,9.223372036854776,128
0,8,16,1,64,True,lustre,True,10,16,write,4096,True,28.13875453265848,9.223372036854776,128
0,8,16,1,64,True,lustre,True,10,16,write,4096,True,26.949115306335475,9.223372036854776,128
0,8,16,1,64,True,lustre,True,10,16,write,4096,True,39.00968732356429,9.223372036854776,128
0,8,16,1,64,True,lustre,True,10,16,write,4096,True,42.07371607265287,9.223372036854776,128
0,8,16,1,64,True,lustre,True,10,16,write,4096,True,36.93810910343874,9.223372036854776,128
0,2,12,32,64,True,lustre,True,10,16,write,4096,True,19.807250196151795,55.34023222112865,24
0,2,12,32,64,True,lustre,True,10,16,write,4096,True,18.658759947400448,55.34023222112865,24
0,2,12,32,64,True,lustre,True,10,16,write,4096,True,17.12835370189962,55.34023222112865,24
0,2,12,32,64,True,lustre,True,10,16,write,4096,True,18.622982470299903,55.34023222112865,24
0,2,12,32,64,True,lustre,True,10,16,write,4096,True,18.396318555523507,55.34023222112865,24
0,2,12,32,64,True,lustre,True,10,16,write,4096,True,18.301218406288278,55.34023222112865,24
0,2,12,32,64,True,lustre,True,10,16,write,4096,True,16.52427165299586,55.34023222112865,24
0,2,12,32,64,True,lustre,True,10,16,write,4096,True,14.511332756234925,55.34023222112865,24
0,2,12,32,64,True,lustre,True,10,16,write,4096,True,14.188916747747768,55.34023222112865,24
0,2,12,32,64,True,lustre,True,10,16,write,4096,True,18.539050034016356,55.34023222112865,24
0,1,1,32,64,False,lustre,True,10,16,write,4096,True,2.136440013556645,2.305843009213694,1
0,1,1,32,64,False,lustre,True,10,16,write,4096,True,2.176374122158218,2.305843009213694,1
0,1,1,32,64,False,lustre,True,10,16,write,4096,True,2.257216128955955,2.305843009213694,1
0,1,1,32,64,False,lustre,True,10,16,write,4096,True,2.302509995068262,2.305843009213694,1
0,1,1,32,64,False,lustre,True,10,16,write,4096,True,2.161677640591968,2.305843009213694,1
0,1,1,32,64,False,lustre,True,10,16,write,4096,True,2.1670434471654834,2.305843009213694,1
0,1,1,32,64,False,lustre,True,10,16,write,4096,True,2.1959499139553085,2.305843009213694,1
0,1,1,32,64,False,lustre,True,10,16,write,4096,True,2.2040000747610873,2.305843009213694,1
0,1,1,32,64,False,lustre,True,10,16,write,4096,True,2.201771467664967,2.305843009213694,1
0,1,1,32,64,False,lustre,True,10,16,write,4096,True,2.2148359475952746,2.305843009213694,1
0,4,8,4,64,True,lustre,True,10,16,write,4096,True,8.928678743773407,9.223372036854776,32
0,4,8,4,64,True,lustre,True,10,16,write,4096,True,6.550507365099426,9.223372036854776,32
0,4,8,4,64,True,lustre,True,10,16,write,4096,True,4.509315876578301,9.223372036854776,32
0,4,8,4,64,True,lustre,True,10,16,write,4096,True,6.219744107338056,9.223372036854776,32
0,4,8,4,64,True,lustre,True,10,16,write,4096,True,4.594899272494115,9.223372036854776,32
0,4,8,4,64,True,lustre,True,10,16,write,4096,True,4.44380940125416,9.223372036854776,32
0,4,8,4,64,True,lustre,True,10,16,write,4096,True,6.194032866735789,9.223372036854776,32
0,4,8,4,64,True,lustre,True,10,16,write,4096,True,5.890560069508041,9.223372036854776,32
0,4,8,4,64,True,lustre,True,10,16,write,4096,True,6.763512546077812,9.223372036854776,32
0,4,8,4,64,True,lustre,True,10,16,write,4096,True,4.735310237362048,9.223372036854776,32
0,1,8,4,64,True,lustre,True,10,16,write,4096,True,8.37600368495253,2.305843009213694,8
0,1,8,4,64,True,lustre,True,10,16,write,4096,True,12.354648740514712,2.305843009213694,8
0,1,8,4,64,True,lustre,True,10,16,write,4096,True,6.718405744686331,2.305843009213694,8
0,1,8,4,64,True,lustre,True,10,16,write,4096,True,5.560642595288488,2.305843009213694,8
0,1,8,4,64,True,lustre,True,10,16,write,4096,True,9.305348830201563,2.305843009213694,8
0,1,8,4,64,True,lustre,True,10,16,write,4096,True,10.733273532757726,2.305843009213694,8
0,1,8,4,64,True,lustre,True,10,16,write,4096,True,10.686401785335674,2.305843009213694,8
0,1,8,4,64,True,lustre,True,10,16,write,4096,True,11.44972174564191,2.305843009213694,8
0,1,8,4,64,True,lustre,True,10,16,write,4096,True,13.741668801094594,2.305843009213694,8
0,1,8,4,64,True,lustre,True,10,16,write,4096,True,12.814689002371486,2.305843009213694,8
0,1,16,4,64,True,lustre,True,10,16,write,4096,True,11.971967298290513,4.611686018427388,16
0,1,16,4,64,True,lustre,True,10,16,write,4096,True,16.424056129171422,4.611686018427388,16
0,1,16,4,64,True,lustre,True,10,16,write,4096,True,13.771158539419748,4.611686018427388,16
0,1,16,4,64,True,lustre,True,10,16,write,4096,True,16.86754148699631,4.611686018427388,16
0,1,16,4,64,True,lustre,True,10,16,write,4096,True,16.006393363685984,4.611686018427388,16
0,1,16,4,64,True,lustre,True,10,16,write,4096,True,13.19944201738331,4.611686018427388,16
0,1,16,4,64,True,lustre,True,10,16,write,4096,True,18.069787802066447,4.611686018427388,16
0,1,16,4,64,True,lustre,True,10,16,write,4096,True,19.303469498543013,4.611686018427388,16
0,1,16,4,64,True,lustre,True,10,16,write,4096,True,15.173235065887086,4.611686018427388,16
0,1,16,4,64,True,lustre,True,10,16,write,4096,True,16.410008659313764,4.611686018427388,16
0,2,2,32,64,False,lustre,True,10,16,write,4096,True,2.9246578483208756,9.223372036854776,4
0,2,2,32,64,False,lustre,True,10,16,write,4096,True,2.8404164804975585,9.223372036854776,4
0,2,2,32,64,False,lustre,True,10,16,write,4096,True,2.869582551852949,9.223372036854776,4
0,2,2,32,64,False,lustre,True,10,16,write,4096,True,2.7661869993508397,9.223372036854776,4
0,2,2,32,64,False,lustre,True,10,16,write,4096,True,2.7708201716223657,9.223372036854776,4
0,2,2,32,64,False,lustre,True,10,16,write,4096,True,2.6908609381368604,9.223372036854776,4
0,2,2,32,64,False,lustre,True,10,16,write,4096,True,2.7420807190468235,9.223372036854776,4
0,2,2,32,64,False,lustre,True,10,16,write,4096,True,2.726461723011096,9.223372036854776,4
0,2,2,32,64,False,lustre,True,10,16,write,4096,True,2.8419608168963353,9.223372036854776,4
0,2,2,32,64,False,lustre,True,10,16,write,4096,True,2.720123311962915,9.223372036854776,4
0,4,1,32,64,True,lustre,True,10,16,write,4096,True,4.903717167625377,9.223372036854776,4
0,4,1,32,64,True,lustre,True,10,16,write,4096,True,5.268240300432397,9.223372036854776,4
0,4,1,32,64,True,lustre,True,10,16,write,4096,True,4.488036858832221,9.223372036854776,4
0,4,1,32,64,True,lustre,True,10,16,write,4096,True,4.761070047567049,9.223372036854776,4
0,4,1,32,64,True,lustre,True,10,16,write,4096,True,4.404080705417041,9.223372036854776,4
0,4,1,32,64,True,lustre,True,10,16,write,4096,True,4.379225387946794,9.223372036854776,4
0,4,1,32,64,True,lustre,True,10,16,write,4096,True,4.05687120838154,9.223372036854776,4
0,4,1,32,64,True,lustre,True,10,16,write,4096,True,4.21894342270021,9.223372036854776,4
0,4,1,32,64,True,lustre,True,10,16,write,4096,True,4.0167766860983845,9.223372036854776,4
0,4,1,32,64,True,lustre,True,10,16,write,4096,True,4.2758314132641635,9.223372036854776,4
0,1,8,1,64,False,lustre,True,10,16,write,4096,True,1.1398287047602402,0.5764607523034235,8
0,1,8,1,64,False,lustre,True,10,16,write,4096,True,1.1758675942965224,0.5764607523034235,8
0,1,8,1,64,False,lustre,True,10,16,write,4096,True,0.9963604445845,0.5764607523034235,8
0,1,8,1,64,False,lustre,True,10,16,write,4096,True,1.117587841569111,0.5764607523034235,8
0,1,8,1,64,False,lustre,True,10,16,write,4096,True,1.0934221499558898,0.5764607523034235,8
0,1,8,1,64,False,lustre,True,10,16,write,4096,True,1.092286178126548,0.5764607523034235,8
0,1,8,1,64,False,lustre,True,10,16,write,4096,True,1.1931469738580547,0.5764607523034235,8
0,1,8,1,64,False,lustre,True,10,16,write,4096,True,1.1126404506967718,0.5764607523034235,8
0,1,8,1,64,False,lustre,True,10,16,write,4096,True,1.0866899367202374,0.5764607523034235,8
0,1,8,1,64,False,lustre,True,10,16,write,4096,True,1.1141363226349539,0.5764607523034235,8
0,4,2,1,64,False,lustre,True,10,16,write,4096,True,1.9834254160192673,0.5764607523034235,8
0,4,2,1,64,False,lustre,True,10,16,write,4096,True,1.6998050260110262,0.5764607523034235,8
0,4,2,1,64,False,lustre,True,10,16,write,4096,True,2.0172484273174778,0.5764607523034235,8
0,4,2,1,64,False,lustre,True,10,16,write,4096,True,1.8449913907523843,0.5764607523034235,8
0,4,2,1,64,False,lustre,True,10,16,write,4096,True,1.6653489110825102,0.5764607523034235,8
0,4,2,1,64,False,lustre,True,10,16,write,4096,True,2.5288380143533944,0.5764607523034235,8
0,4,2,1,64,False,lustre,True,10,16,write,4096,True,1.9837594130604934,0.5764607523034235,8
0,4,2,1,64,False,lustre,True,10,16,write,4096,True,2.587771775106896,0.5764607523034235,8
0,4,2,1,64,False,lustre,True,10,16,write,4096,True,1.7465606506445202,0.5764607523034235,8
0,4,2,1,64,False,lustre,True,10,16,write,4096,True,2.3000175554535773,0.5764607523034235,8
0,2,8,32,64,True,lustre,True,10,16,write,4096,True,14.124764607730425,36.893488147419106,16
0,2,8,32,64,True,lustre,True,10,16,write,4096,True,8.766139675554472,36.893488147419106,16
0,2,8,32,64,True,lustre,True,10,16,write,4096,True,9.376639178463943,36.893488147419106,16
0,2,8,32,64,True,lustre,True,10,16,write,4096,True,6.9737776336973365,36.893488147419106,16
0,2,8,32,64,True,lustre,True,10,16,write,4096,True,7.999048845321551,36.893488147419106,16
0,2,8,32,64,True,lustre,True,10,16,write,4096,True,7.464464775650293,36.893488147419106,16
0,2,8,32,64,True,lustre,True,10,16,write,4096,True,8.519376472838976,36.893488147419106,16
0,2,8,32,64,True,lustre,True,10,16,write,4096,True,7.111594465518132,36.893488147419106,16
0,2,8,32,64,True,lustre,True,10,16,write,4096,True,7.2443039230598485,36.893488147419106,16
0,2,8,32,64,True,lustre,True,10,16,write,4096,True,11.65775142656782,36.893488147419106,16
0,4,144,1,64,True,lustre,True,10,16,write,4096,True,9.840453178001388,41.50517416584649,576
0,4,144,1,64,True,lustre,True,10,16,write,4096,True,7.041542124062362,41.50517416584649,576
0,4,144,1,64,True,lustre,True,10,16,write,4096,True,8.311162774415363,41.50517416584649,576
0,4,144,1,64,True,lustre,True,10,16,write,4096,True,18.565920674540703,41.50517416584649,576
0,4,144,1,64,True,lustre,True,10,16,write,4096,True,29.021132273567463,41.50517416584649,576
0,4,144,1,64,True,lustre,True,10,16,write,4096,True,26.31019527898936,41.50517416584649,576
0,4,144,1,64,True,lustre,True,10,16,write,4096,True,31.64578185446756,41.50517416584649,576
0,4,144,1,64,True,lustre,True,10,16,write,4096,True,33.2336679357962,41.50517416584649,576
0,4,144,1,64,True,lustre,True,10,16,write,4096,True,28.559421337432205,41.50517416584649,576
0,4,144,1,64,True,lustre,True,10,16,write,4096,True,33.13139504776846,41.50517416584649,576
0,4,288,4,64,False,lustre,True,10,16,write,4096,True,3.844493530576359,332.0413933267719,1152
0,4,288,4,64,False,lustre,True,10,16,write,4096,True,4.6277114176301675,332.0413933267719,1152
0,4,288,4,64,False,lustre,True,10,16,write,4096,True,4.316858643415255,332.0413933267719,1152
0,4,288,4,64,False,lustre,True,10,16,write,4096,True,6.310340949734242,332.0413933267719,1152
0,4,288,4,64,False,lustre,True,10,16,write,4096,True,5.2422998471374935,332.0413933267719,1152
0,4,288,4,64,False,lustre,True,10,16,write,4096,True,6.051140823563244,332.0413933267719,1152
0,4,288,4,64,False,lustre,True,10,16,write,4096,True,5.892760079753481,332.0413933267719,1152
0,4,288,4,64,False,lustre,True,10,16,write,4096,True,6.194577335915539,332.0413933267719,1152
0,4,288,4,64,False,lustre,True,10,16,write,4096,True,6.798080610266895,332.0413933267719,1152
0,4,288,4,64,False,lustre,True,10,16,write,4096,True,5.749154025663875,332.0413933267719,1152
0,2,1,1,64,False,lustre,True,10,16,write,4096,True,0.9097914323754843,0.14411518807585588,2
0,2,1,1,64,False,lustre,True,10,16,write,4096,True,0.5237654764205035,0.14411518807585588,2
0,2,1,1,64,False,lustre,True,10,16,write,4096,True,0.575052101215304,0.14411518807585588,2
0,2,1,1,64,False,lustre,True,10,16,write,4096,True,1.5339206429587926,0.14411518807585588,2
0,2,1,1,64,False,lustre,True,10,16,write,4096,True,1.4274771324587168,0.14411518807585588,2
0,2,1,1,64,False,lustre,True,10,16,write,4096,True,1.8048683483455248,0.14411518807585588,2
0,2,1,1,64,False,lustre,True,10,16,write,4096,True,1.6716577867531877,0.14411518807585588,2
0,2,1,1,64,False,lustre,True,10,16,write,4096,True,2.11682811578397,0.14411518807585588,2
0,2,1,1,64,False,lustre,True,10,16,write,4096,True,2.105310670972872,0.14411518807585588,2
0,2,1,1,64,False,lustre,True,10,16,write,4096,True,2.058856307592587,0.14411518807585588,2
0,2,2,32,64,True,lustre,True,10,16,write,4096,True,5.416426855484502,9.223372036854776,4
0,2,2,32,64,True,lustre,True,10,16,write,4096,True,5.057376807742037,9.223372036854776,4
0,2,2,32,64,True,lustre,True,10,16,write,4096,True,4.2907942390093785,9.223372036854776,4
0,2,2,32,64,True,lustre,True,10,16,write,4096,True,4.99551139531695,9.223372036854776,4
0,2,2,32,64,True,lustre,True,10,16,write,4096,True,4.934687107511436,9.223372036854776,4
0,2,2,32,64,True,lustre,True,10,16,write,4096,True,5.087636588727309,9.223372036854776,4
0,2,2,32,64,True,lustre,True,10,16,write,4096,True,4.60318601180031,9.223372036854776,4
0,2,2,32,64,True,lustre,True,10,16,write,4096,True,4.584684415781788,9.223372036854776,4
0,2,2,32,64,True,lustre,True,10,16,write,4096,True,4.045551422891753,9.223372036854776,4
0,2,2,32,64,True,lustre,True,10,16,write,4096,True,4.310266533180623,9.223372036854776,4
0,8,144,32,64,False,lustre,True,10,16,write,4096,True,5.629149391800478,2656.3311466141754,1152
0,8,144,32,64,False,lustre,True,10,16,write,4096,True,5.39932750302106,2656.3311466141754,1152
0,8,144,32,64,False,lustre,True,10,16,write,4096,True,8.663238095643997,2656.3311466141754,1152
0,8,144,32,64,False,lustre,True,10,16,write,4096,True,11.67340085061368,2656.3311466141754,1152
0,8,144,32,64,False,lustre,True,10,16,write,4096,True,16.39470115695611,2656.3311466141754,1152
0,8,144,32,64,False,lustre,True,10,16,write,4096,True,23.24009316653506,2656.3311466141754,1152
0,8,144,32,64,False,lustre,True,10,16,write,4096,True,22.70115376320491,2656.3311466141754,1152
0,8,144,32,64,False,lustre,True,10,16,write,4096,True,23.704426843345676,2656.3311466141754,1152
0,8,144,32,64,False,lustre,True,10,16,write,4096,True,27.338035569418242,2656.3311466141754,1152
0,8,144,32,64,False,lustre,True,10,16,write,4096,True,24.02481952873514,2656.3311466141754,1152
0,1,24,1,64,True,lustre,True,10,16,write,4096,True,7.991213366694642,1.7293822569102704,24
0,1,24,1,64,True,lustre,True,10,16,write,4096,True,8.577489181282841,1.7293822569102704,24
0,1,24,1,64,True,lustre,True,10,16,write,4096,True,13.720003486784817,1.7293822569102704,24
0,1,24,1,64,True,lustre,True,10,16,write,4096,True,13.092561220942112,1.7293822569102704,24
0,1,24,1,64,True,lustre,True,10,16,write,4096,True,11.926239906882804,1.7293822569102704,24
0,1,24,1,64,True,lustre,True,10,16,write,4096,True,12.029184934985132,1.7293822569102704,24
0,1,24,1,64,True,lustre,True,10,16,write,4096,True,11.117659539810449,1.7293822569102704,24
0,1,24,1,64,True,lustre,True,10,16,write,4096,True,12.554843098055018,1.7293822569102704,24
0,1,24,1,64,True,lustre,True,10,16,write,4096,True,13.677288600282504,1.7293822569102704,24
0,1,24,1,64,True,lustre,True,10,16,write,4096,True,13.34383125922114,1.7293822569102704,24
0,2,24,32,64,False,lustre,True,10,16,write,4096,True,1.805632034483919,110.6804644422573,48
0,2,24,32,64,False,lustre,True,10,16,write,4096,True,2.25270233614005,110.6804644422573,48
0,2,24,32,64,False,lustre,True,10,16,write,4096,True,3.2695166316324045,110.6804644422573,48
0,2,24,32,64,False,lustre,True,10,16,write,4096,True,3.826694787084845,110.6804644422573,48
0,2,24,32,64,False,lustre,True,10,16,write,4096,True,4.832471667640572,110.6804644422573,48
0,2,24,32,64,False,lustre,True,10,16,write,4096,True,5.7855679670642814,110.6804644422573,48
0,2,24,32,64,False,lustre,True,10,16,write,4096,True,7.736130429489423,110.6804644422573,48
0,2,24,32,64,False,lustre,True,10,16,write,4096,True,5.23947148832336,110.6804644422573,48
0,2,24,32,64,False,lustre,True,10,16,write,4096,True,5.724865393123274,110.6804644422573,48
0,2,24,32,64,False,lustre,True,10,16,write,4096,True,8.576177188830728,110.6804644422573,48
0,1,144,1,64,False,lustre,True,10,16,write,4096,True,1.186638349194156,10.376293541461623,144
0,1,144,1,64,False,lustre,True,10,16,write,4096,True,1.1141883853603218,10.376293541461623,144
0,1,144,1,64,False,lustre,True,10,16,write,4096,True,1.2307335821892955,10.376293541461623,144
0,1,144,1,64,False,lustre,True,10,16,write,4096,True,1.1798567928849524,10.376293541461623,144
0,1,144,1,64,False,lustre,True,10,16,write,4096,True,1.1322847673015397,10.376293541461623,144
0,1,144,1,64,False,lustre,True,10,16,write,4096,True,1.2080271054797556,10.376293541461623,144
0,1,144,1,64,False,lustre,True,10,16,write,4096,True,1.1175484598010628,10.376293541461623,144
0,1,144,1,64,False,lustre,True,10,16,write,4096,True,1.1229098708951435,10.376293541461623,144
0,1,144,1,64,False,lustre,True,10,16,write,4096,True,1.1401858283190012,10.376293541461623,144
0,1,144,1,64,False,lustre,True,10,16,write,4096,True,1.2150592670817404,10.376293541461623,144
0,4,144,1,64,False,lustre,True,10,16,write,4096,True,4.784690960761149,41.50517416584649,576
0,4,144,1,64,False,lustre,True,10,16,write,4096,True,3.4696253643491404,41.50517416584649,576
0,4,144,1,64,False,lustre,True,10,16,write,4096,True,3.006107302626734,41.50517416584649,576
0,4,144,1,64,False,lustre,True,10,16,write,4096,True,4.225808122655429,41.50517416584649,576
0,4,144,1,64,False,lustre,True,10,16,write,4096,True,4.254498155944627,41.50517416584649,576
0,4,144,1,64,False,lustre,True,10,16,write,4096,True,4.036261325707703,41.50517416584649,576
0,4,144,1,64,False,lustre,True,10,16,write,4096,True,3.8287777065079034,41.50517416584649,576
0,4,144,1,64,False,lustre,True,10,16,write,4096,True,3.6250253113189816,41.50517416584649,576
0,4,144,1,64,False,lustre,True,10,16,write,4096,True,3.5579205215495073,41.50517416584649,576
0,4,144,1,64,False,lustre,True,10,16,write,4096,True,3.82037210670901,41.50517416584649,576
0,1,1,1,64,True,lustre,True,10,16,write,4096,True,1.008392398014474,0.07205759403792794,1
0,1,1,1,64,True,lustre,True,10,16,write,4096,True,1.1534515253578002,0.07205759403792794,1
0,1,1,1,64,True,lustre,True,10,16,write,4096,True,2.190518897701024,0.07205759403792794,1
0,1,1,1,64,True,lustre,True,10,16,write,4096,True,1.33410922776317,0.07205759403792794,1
0,1,1,1,64,True,lustre,True,10,16,write,4096,True,2.597890930559848,0.07205759403792794,1
0,1,1,1,64,True,lustre,True,10,16,write,4096,True,3.866452063720674,0.07205759403792794,1
0,1,1,1,64,True,lustre,True,10,16,write,4096,True,4.940435057148103,0.07205759403792794,1
0,1,1,1,64,True,lustre,True,10,16,write,4096,True,5.2106355289576864,0.07205759403792794,1
0,1,1,1,64,True,lustre,True,10,16,write,4096,True,2.304225153835931,0.07205759403792794,1
0,1,1,1,64,True,lustre,True,10,16,write,4096,True,5.89725560749976,0.07205759403792794,1
0,8,1,32,64,True,lustre,True,10,16,write,4096,True,9.492596274658926,18.446744073709553,8
0,8,1,32,64,True,lustre,True,10,16,write,4096,True,7.03163332693114,18.446744073709553,8
0,8,1,32,64,True,lustre,True,10,16,write,4096,True,6.935656878220373,18.446744073709553,8
0,8,1,32,64,True,lustre,True,10,16,write,4096,True,7.517305246956007,18.446744073709553,8
0,8,1,32,64,True,lustre,True,10,16,write,4096,True,6.653792702590302,18.446744073709553,8
0,8,1,32,64,True,lustre,True,10,16,write,4096,True,7.296993828021417,18.446744073709553,8
0,8,1,32,64,True,lustre,True,10,16,write,4096,True,5.908276652735328,18.446744073709553,8
0,8,1,32,64,True,lustre,True,10,16,write,4096,True,6.022000151388808,18.446744073709553,8
0,8,1,32,64,True,lustre,True,10,16,write,4096,True,7.205632635085256,18.446744073709553,8
0,8,1,32,64,True,lustre,True,10,16,write,4096,True,7.242173299796893,18.446744073709553,8
0,4,24,1,64,True,lustre,True,10,16,write,4096,True,10.096197987046418,6.9175290276410815,96
0,4,24,1,64,True,lustre,True,10,16,write,4096,True,9.40443638866751,6.9175290276410815,96
0,4,24,1,64,True,lustre,True,10,16,write,4096,True,14.773160083487545,6.9175290276410815,96
0,4,24,1,64,True,lustre,True,10,16,write,4096,True,18.461654998169227,6.9175290276410815,96
0,4,24,1,64,True,lustre,True,10,16,write,4096,True,22.49170223205131,6.9175290276410815,96
0,4,24,1,64,True,lustre,True,10,16,write,4096,True,23.650529754617256,6.9175290276410815,96
0,4,24,1,64,True,lustre,True,10,16,write,4096,True,25.272077983894956,6.9175290276410815,96
0,4,24,1,64,True,lustre,True,10,16,write,4096,True,38.29009671839759,6.9175290276410815,96
0,4,24,1,64,True,lustre,True,10,16,write,4096,True,36.54032193263391,6.9175290276410815,96
0,4,24,1,64,True,lustre,True,10,16,write,4096,True,25.32800824007388,6.9175290276410815,96
0,2,16,32,64,True,lustre,True,10,16,write,4096,True,14.285904441744801,73.78697629483821,32
0,2,16,32,64,True,lustre,True,10,16,write,4096,True,13.121950684080552,73.78697629483821,32
0,2,16,32,64,True,lustre,True,10,16,write,4096,True,13.11750418423902,73.78697629483821,32
0,2,16,32,64,True,lustre,True,10,16,write,4096,True,9.06987504793081,73.78697629483821,32
0,2,16,32,64,True,lustre,True,10,16,write,4096,True,10.64072957974656,73.78697629483821,32
0,2,16,32,64,True,lustre,True,10,16,write,4096,True,11.491298729119427,73.78697629483821,32
0,2,16,32,64,True,lustre,True,10,16,write,4096,True,10.716761026719315,73.78697629483821,32
0,2,16,32,64,True,lustre,True,10,16,write,4096,True,17.48551263129068,73.78697629483821,32
0,2,16,32,64,True,lustre,True,10,16,write,4096,True,17.211463557679902,73.78697629483821,32
0,2,16,32,64,True,lustre,True,10,16,write,4096,True,17.376020318099076,73.78697629483821,32
0,1,12,4,64,False,lustre,True,10,16,write,4096,True,1.0894892968491454,3.4587645138205407,12
0,1,12,4,64,False,lustre,True,10,16,write,4096,True,1.181104900391903,3.4587645138205407,12
0,1,12,4,64,False,lustre,True,10,16,write,4096,True,1.0884613859230565,3.4587645138205407,12
0,1,12,4,64,False,lustre,True,10,16,write,4096,True,1.0893098235182466,3.4587645138205407,12
0,1,12,4,64,False,lustre,True,10,16,write,4096,True,1.1896138763998256,3.4587645138205407,12
0,1,12,4,64,False,lustre,True,10,16,write,4096,True,1.1966678419604553,3.4587645138205407,12
0,1,12,4,64,False,lustre,True,10,16,write,4096,True,1.1178430992487587,3.4587645138205407,12
0,1,12,4,64,False,lustre,True,10,16,write,4096,True,1.1276468070095649,3.4587645138205407,12
0,1,12,4,64,False,lustre,True,10,16,write,4096,True,1.1145490587173268,3.4587645138205407,12
0,1,12,4,64,False,lustre,True,10,16,write,4096,True,1.1354381354266414,3.4587645138205407,12
0,2,12,32,64,False,lustre,True,10,16,write,4096,True,1.7988110012496596,55.34023222112865,24
0,2,12,32,64,False,lustre,True,10,16,write,4096,True,2.0426962963741753,55.34023222112865,24
0,2,12,32,64,False,lustre,True,10,16,write,4096,True,2.5554745799014342,55.34023222112865,24
0,2,12,32,64,False,lustre,True,10,16,write,4096,True,3.66393949168587,55.34023222112865,24
0,2,12,32,64,False,lustre,True,10,16,write,4096,True,4.473734793124503,55.34023222112865,24
0,2,12,32,64,False,lustre,True,10,16,write,4096,True,4.290606844511955,55.34023222112865,24
0,2,12,32,64,False,lustre,True,10,16,write,4096,True,4.664869490620408,55.34023222112865,24
0,2,12,32,64,False,lustre,True,10,16,write,4096,True,5.852019831474872,55.34023222112865,24
0,2,12,32,64,False,lustre,True,10,16,write,4096,True,8.469822920790339,55.34023222112865,24
0,2,12,32,64,False,lustre,True,10,16,write,4096,True,6.813597958470915,55.34023222112865,24
0,1,144,1,64,True,lustre,True,10,16,write,4096,True,4.417104998075417,10.376293541461623,144
0,1,144,1,64,True,lustre,True,10,16,write,4096,True,5.849993875098256,10.376293541461623,144
0,1,144,1,64,True,lustre,True,10,16,write,4096,True,5.768226005998831,10.376293541461623,144
0,1,144,1,64,True,lustre,True,10,16,write,4096,True,8.177475893650229,10.376293541461623,144
0,1,144,1,64,True,lustre,True,10,16,write,4096,True,11.996852225466235,10.376293541461623,144
0,1,144,1,64,True,lustre,True,10,16,write,4096,True,13.585192228324473,10.376293541461623,144
0,1,144,1,64,True,lustre,True,10,16,write,4096,True,15.075872980423652,10.376293541461623,144
0,1,144,1,64,True,lustre,True,10,16,write,4096,True,17.226691361744983,10.376293541461623,144
0,1,144,1,64,True,lustre,True,10,16,write,4096,True,19.38459107097403,10.376293541461623,144
0,1,144,1,64,True,lustre,True,10,16,write,4096,True,20.047421323429372,10.376293541461623,144
0,8,144,4,64,False,lustre,True,10,16,write,4096,True,7.107857344996815,332.0413933267719,1152
0,8,144,4,64,False,lustre,True,10,16,write,4096,True,7.032444476370958,332.0413933267719,1152
0,8,144,4,64,False,lustre,True,10,16,write,4096,True,4.458491735613239,332.0413933267719,1152
0,8,144,4,64,False,lustre,True,10,16,write,4096,True,6.487709283980105,332.0413933267719,1152
0,8,144,4,64,False,lustre,True,10,16,write,4096,True,4.728210396918977,332.0413933267719,1152
0,8,144,4,64,False,lustre,True,10,16,write,4096,True,4.617690270158893,332.0413933267719,1152
0,8,144,4,64,False,lustre,True,10,16,write,4096,True,4.620093895781415,332.0413933267719,1152
0,8,144,4,64,False,lustre,True,10,16,write,4096,True,6.266741389473547,332.0413933267719,1152
0,8,144,4,64,False,lustre,True,10,16,write,4096,True,6.0423209958373985,332.0413933267719,1152
0,8,144,4,64,False,lustre,True,10,16,write,4096,True,8.80176748681271,332.0413933267719,1152
0,1,8,4,64,False,lustre,True,10,16,write,4096,True,1.122008659554858,2.305843009213694,8
0,1,8,4,64,False,lustre,True,10,16,write,4096,True,1.1327732831093045,2.305843009213694,8
0,1,8,4,64,False,lustre,True,10,16,write,4096,True,1.1272728419359932,2.305843009213694,8
0,1,8,4,64,False,lustre,True,10,16,write,4096,True,1.2832619460779469,2.305843009213694,8
0,1,8,4,64,False,lustre,True,10,16,write,4096,True,1.3092195843336365,2.305843009213694,8
0,1,8,4,64,False,lustre,True,10,16,write,4096,True,1.2813380534681709,2.305843009213694,8
0,1,8,4,64,False,lustre,True,10,16,write,4096,True,1.3939162857224516,2.305843009213694,8
0,1,8,4,64,False,lustre,True,10,16,write,4096,True,1.347395211961115,2.305843009213694,8
0,1,8,4,64,False,lustre,True,10,16,write,4096,True,1.3311661481752772,2.305843009213694,8
0,1,8,4,64,False,lustre,True,10,16,write,4096,True,1.2414660097962509,2.305843009213694,8
0,2,1,32,64,False,lustre,True,10,16,write,4096,True,4.363235357781261,4.611686018427388,2
0,2,1,32,64,False,lustre,True,10,16,write,4096,True,4.323653609223571,4.611686018427388,2
0,2,1,32,64,False,lustre,True,10,16,write,4096,True,4.336527933572708,4.611686018427388,2
0,2,1,32,64,False,lustre,True,10,16,write,4096,True,4.295176213371214,4.611686018427388,2
0,2,1,32,64,False,lustre,True,10,16,write,4096,True,4.214352588923766,4.611686018427388,2
0,2,1,32,64,False,lustre,True,10,16,write,4096,True,4.401523041049832,4.611686018427388,2
0,2,1,32,64,False,lustre,True,10,16,write,4096,True,4.433163141786148,4.611686018427388,2
0,2,1,32,64,False,lustre,True,10,16,write,4096,True,3.8912507328881367,4.611686018427388,2
0,2,1,32,64,False,lustre,True,10,16,write,4096,True,4.317410577753959,4.611686018427388,2
0,2,1,32,64,False,lustre,True,10,16,write,4096,True,4.285496866470137,4.611686018427388,2
0,1,288,4,64,True,lustre,True,10,16,write,4096,True,11.063519674243052,83.01034833169298,288
0,1,288,4,64,True,lustre,True,10,16,write,4096,True,6.626526211039036,83.01034833169298,288
0,1,288,4,64,True,lustre,True,10,16,write,4096,True,3.216004675803402,83.01034833169298,288
0,1,288,4,64,True,lustre,True,10,16,write,4096,True,5.8432163796856464,83.01034833169298,288
0,1,288,4,64,True,lustre,True,10,16,write,4096,True,10.736950304319398,83.01034833169298,288
0,1,288,4,64,True,lustre,True,10,16,write,4096,True,12.302872615828955,83.01034833169298,288
0,1,288,4,64,True,lustre,True,10,16,write,4096,True,16.336192487508374,83.01034833169298,288
0,1,288,4,64,True,lustre,True,10,16,write,4096,True,24.866020126180462,83.01034833169298,288
0,1,288,4,64,True,lustre,True,10,16,write,4096,True,34.3675036519896,83.01034833169298,288
0,1,288,4,64,True,lustre,True,10,16,write,4096,True,48.306734148918935,83.01034833169298,288
0,8,24,1,64,False,lustre,True,10,16,write,4096,True,5.15085437176395,13.835058055282163,192
0,8,24,1,64,False,lustre,True,10,16,write,4096,True,6.933247260039686,13.835058055282163,192
0,8,24,1,64,False,lustre,True,10,16,write,4096,True,6.171494702930565,13.835058055282163,192
0,8,24,1,64,False,lustre,True,10,16,write,4096,True,5.921919474898691,13.835058055282163,192
0,8,24,1,64,False,lustre,True,10,16,write,4096,True,5.331266376725551,13.835058055282163,192
0,8,24,1,64,False,lustre,True,10,16,write,4096,True,6.682095564582381,13.835058055282163,192
0,8,24,1,64,False,lustre,True,10,16,write,4096,True,8.255930425107296,13.835058055282163,192
0,8,24,1,64,False,lustre,True,10,16,write,4096,True,7.90824274899539,13.835058055282163,192
0,8,24,1,64,False,lustre,True,10,16,write,4096,True,8.290949910387045,13.835058055282163,192
0,8,24,1,64,False,lustre,True,10,16,write,4096,True,7.894019629966623,13.835058055282163,192
0,2,288,32,64,True,lustre,True,10,16,write,4096,True,18.996448649710477,1328.1655733070877,576
0,2,288,32,64,True,lustre,True,10,16,write,4096,True,12.793944635996326,1328.1655733070877,576
0,2,288,32,64,True,lustre,True,10,16,write,4096,True,9.919648235565544,1328.1655733070877,576
0,2,288,32,64,True,lustre,True,10,16,write,4096,True,8.333117539114124,1328.1655733070877,576
0,2,288,32,64,True,lustre,True,10,16,write,4096,True,9.00200754890279,1328.1655733070877,576
0,2,288,32,64,True,lustre,True,10,16,write,4096,True,10.93151083276736,1328.1655733070877,576
0,2,288,32,64,True,lustre,True,10,16,write,4096,True,11.934037472327326,1328.1655733070877,576
0,2,288,32,64,True,lustre,True,10,16,write,4096,True,13.92269532954282,1328.1655733070877,576
0,2,288,32,64,True,lustre,True,10,16,write,4096,True,18.10538577547634,1328.1655733070877,576
0,2,288,32,64,True,lustre,True,10,16,write,4096,True,20.253984362967362,1328.1655733070877,576
0,2,16,4,64,False,lustre,True,10,16,write,4096,True,1.605935731429149,9.223372036854776,32
0,2,16,4,64,False,lustre,True,10,16,write,4096,True,2.174478678215411,9.223372036854776,32
0,2,16,4,64,False,lustre,True,10,16,write,4096,True,2.150738787929399,9.223372036854776,32
0,2,16,4,64,False,lustre,True,10,16,write,4096,True,2.4410671419342735,9.223372036854776,32
0,2,16,4,64,False,lustre,True,10,16,write,4096,True,3.158585047038202,9.223372036854776,32
0,2,16,4,64,False,lustre,True,10,16,write,4096,True,3.64731710874732,9.223372036854776,32
0,2,16,4,64,False,lustre,True,10,16,write,4096,True,3.911913880043893,9.223372036854776,32
0,2,16,4,64,False,lustre,True,10,16,write,4096,True,4.006624656823548,9.223372036854776,32
0,2,16,4,64,False,lustre,True,10,16,write,4096,True,3.942963981220826,9.223372036854776,32
0,2,16,4,64,False,lustre,True,10,16,write,4096,True,3.8719024551823202,9.223372036854776,32
0,8,144,1,64,True,lustre,True,10,16,write,4096,True,9.564595267202968,83.01034833169298,1152
0,8,144,1,64,True,lustre,True,10,16,write,4096,True,8.98581051155283,83.01034833169298,1152
0,8,144,1,64,True,lustre,True,10,16,write,4096,True,6.917863634498306,83.01034833169298,1152
0,8,144,1,64,True,lustre,True,10,16,write,4096,True,7.944225469043077,83.01034833169298,1152
0,8,144,1,64,True,lustre,True,10,16,write,4096,True,17.83757460157924,83.01034833169298,1152
0,8,144,1,64,True,lustre,True,10,16,write,4096,True,32.33229426309941,83.01034833169298,1152
0,8,144,1,64,True,lustre,True,10,16,write,4096,True,31.638013723976822,83.01034833169298,1152
0,8,144,1,64,True,lustre,True,10,16,write,4096,True,36.453903012466405,83.01034833169298,1152
0,8,144,1,64,True,lustre,True,10,16,write,4096,True,47.444781408881234,83.01034833169298,1152
0,8,144,1,64,True,lustre,True,10,16,write,4096,True,39.77927663441302,83.01034833169298,1152
0,8,12,4,64,True,lustre,True,10,16,write,4096,True,42.08865695702306,27.670116110564326,96
0,8,12,4,64,True,lustre,True,10,16,write,4096,True,40.21614724783869,27.670116110564326,96
0,8,12,4,64,True,lustre,True,10,16,write,4096,True,39.02522220678876,27.670116110564326,96
0,8,12,4,64,True,lustre,True,10,16,write,4096,True,43.667948485757,27.670116110564326,96
0,8,12,4,64,True,lustre,True,10,16,write,4096,True,44.60573259793858,27.670116110564326,96
0,8,12,4,64,True,lustre,True,10,16,write,4096,True,42.30159608094109,27.670116110564326,96
0,8,12,4,64,True,lustre,True,10,16,write,4096,True,37.69745814300683,27.670116110564326,96
0,8,12,4,64,True,lustre,True,10,16,write,4096,True,31.189188328972094,27.670116110564326,96
0,8,12,4,64,True,lustre,True,10,16,write,4096,True,39.41279452866126,27.670116110564326,96
0,8,12,4,64,True,lustre,True,10,16,write,4096,True,40.193359224137836,27.670116110564326,96
0,1,144,32,64,True,lustre,True,10,16,write,4096,True,11.284421329942786,332.0413933267719,144
0,1,144,32,64,True,lustre,True,10,16,write,4096,True,11.488607577673507,332.0413933267719,144
0,1,144,32,64,True,lustre,True,10,16,write,4096,True,11.107148903039265,332.0413933267719,144
0,1,144,32,64,True,lustre,True,10,16,write,4096,True,10.374300326059267,332.0413933267719,144
0,1,144,32,64,True,lustre,True,10,16,write,4096,True,9.188438434890271,332.0413933267719,144
0,1,144,32,64,True,lustre,True,10,16,write,4096,True,7.438502286432695,332.0413933267719,144
0,1,144,32,64,True,lustre,True,10,16,write,4096,True,8.691509020333521,332.0413933267719,144
0,1,144,32,64,True,lustre,True,10,16,write,4096,True,7.377378191486294,332.0413933267719,144
0,1,144,32,64,True,lustre,True,10,16,write,4096,True,6.988917794737691,332.0413933267719,144
0,1,144,32,64,True,lustre,True,10,16,write,4096,True,13.31407960992265,332.0413933267719,144
0,4,144,4,64,False,lustre,True,10,16,write,4096,True,3.8216601534151633,166.02069666338596,576
0,4,144,4,64,False,lustre,True,10,16,write,4096,True,3.6331866474397208,166.02069666338596,576
0,4,144,4,64,False,lustre,True,10,16,write,4096,True,6.307183981605576,166.02069666338596,576
0,4,144,4,64,False,lustre,True,10,16,write,4096,True,6.307000396240857,166.02069666338596,576
0,4,144,4,64,False,lustre,True,10,16,write,4096,True,4.548127109295427,166.02069666338596,576
0,4,144,4,64,False,lustre,True,10,16,write,4096,True,4.905837981250043,166.02069666338596,576
0,4,144,4,64,False,lustre,True,10,16,write,4096,True,2.1495405952532645,166.02069666338596,576
0,4,144,4,64,False,lustre,True,10,16,write,4096,True,3.6644665754792607,166.02069666338596,576
0,4,144,4,64,False,lustre,True,10,16,write,4096,True,4.4493595097511,166.02069666338596,576
0,4,144,4,64,False,lustre,True,10,16,write,4096,True,4.288870539172937,166.02069666338596,576
0,1,24,1,64,False,lustre,True,10,16,write,4096,True,1.1709760838902818,1.7293822569102704,24
0,1,24,1,64,False,lustre,True,10,16,write,4096,True,1.1818059800277978,1.7293822569102704,24
0,1,24,1,64,False,lustre,True,10,16,write,4096,True,1.2274561484718138,1.7293822569102704,24
0,1,24,1,64,False,lustre,True,10,16,write,4096,True,1.2166770944824354,1.7293822569102704,24
0,1,24,1,64,False,lustre,True,10,16,write,4096,True,1.1854601967346794,1.7293822569102704,24
0,1,24,1,64,False,lustre,True,10,16,write,4096,True,1.1623219178551856,1.7293822569102704,24
0,1,24,1,64,False,lustre,True,10,16,write,4096,True,1.1939428949338695,1.7293822569102704,24
0,1,24,1,64,False,lustre,True,10,16,write,4096,True,1.1879170584518208,1.7293822569102704,24
0,1,24,1,64,False,lustre,True,10,16,write,4096,True,1.1300856723690724,1.7293822569102704,24
0,1,24,1,64,False,lustre,True,10,16,write,4096,True,1.0979925283746523,1.7293822569102704,24
0,1,1,4,64,False,lustre,True,10,16,write,4096,True,2.1889901050744096,0.28823037615171176,1
0,1,1,4,64,False,lustre,True,10,16,write,4096,True,2.041928024667504,0.28823037615171176,1
0,1,1,4,64,False,lustre,True,10,16,write,4096,True,2.2231064372039575,0.28823037615171176,1
0,1,1,4,64,False,lustre,True,10,16,write,4096,True,1.2241899002596432,0.28823037615171176,1
0,1,1,4,64,False,lustre,True,10,16,write,4096,True,1.4292500059871405,0.28823037615171176,1
0,1,1,4,64,False,lustre,True,10,16,write,4096,True,2.1854501090229963,0.28823037615171176,1
0,1,1,4,64,False,lustre,True,10,16,write,4096,True,2.245367986484413,0.28823037615171176,1
0,1,1,4,64,False,lustre,True,10,16,write,4096,True,2.2510747965550872,0.28823037615171176,1
0,1,1,4,64,False,lustre,True,10,16,write,4096,True,2.2389864943146462,0.28823037615171176,1
0,1,1,4,64,False,lustre,True,10,16,write,4096,True,2.2569560935910826,0.28823037615171176,1
0,1,2,32,64,False,lustre,True,10,16,write,4096,True,1.4636795112944185,4.611686018427388,2
0,1,2,32,64,False,lustre,True,10,16,write,4096,True,1.4562798498615084,4.611686018427388,2
0,1,2,32,64,False,lustre,True,10,16,write,4096,True,1.3813064735190521,4.611686018427388,2
0,1,2,32,64,False,lustre,True,10,16,write,4096,True,1.3702420225868193,4.611686018427388,2
0,1,2,32,64,False,lustre,True,10,16,write,4096,True,1.438914783929426,4.611686018427388,2
0,1,2,32,64,False,lustre,True,10,16,write,4096,True,1.416531626667078,4.611686018427388,2
0,1,2,32,64,False,lustre,True,10,16,write,4096,True,1.3806953857141442,4.611686018427388,2
0,1,2,32,64,False,lustre,True,10,16,write,4096,True,1.4360830893454974,4.611686018427388,2
0,1,2,32,64,False,lustre,True,10,16,write,4096,True,1.3740696042679637,4.611686018427388,2
0,1,2,32,64,False,lustre,True,10,16,write,4096,True,1.5359674930586371,4.611686018427388,2
0,2,8,1,64,False,lustre,True,10,16,write,4096,True,1.3492678444346662,1.152921504606847,16
0,2,8,1,64,False,lustre,True,10,16,write,4096,True,1.4398813544287472,1.152921504606847,16
0,2,8,1,64,False,lustre,True,10,16,write,4096,True,1.8216241436122937,1.152921504606847,16
0,2,8,1,64,False,lustre,True,10,16,write,4096,True,1.780359001567655,1.152921504606847,16
0,2,8,1,64,False,lustre,True,10,16,write,4096,True,1.7696307869921017,1.152921504606847,16
0,2,8,1,64,False,lustre,True,10,16,write,4096,True,1.7790897472284266,1.152921504606847,16
0,2,8,1,64,False,lustre,True,10,16,write,4096,True,1.791406238428084,1.152921504606847,16
0,2,8,1,64,False,lustre,True,10,16,write,4096,True,1.8173347900878525,1.152921504606847,16
0,2,8,1,64,False,lustre,True,10,16,write,4096,True,1.7674786450495905,1.152921504606847,16
0,2,8,1,64,False,lustre,True,10,16,write,4096,True,1.8842611696381826,1.152921504606847,16
0,1,144,4,64,False,lustre,True,10,16,write,4096,True,1.1695702136173212,41.50517416584649,144
0,1,144,4,64,False,lustre,True,10,16,write,4096,True,1.1393605489919305,41.50517416584649,144
0,1,144,4,64,False,lustre,True,10,16,write,4096,True,1.1337024921063263,41.50517416584649,144
0,1,144,4,64,False,lustre,True,10,16,write,4096,True,1.1569279541322317,41.50517416584649,144
0,1,144,4,64,False,lustre,True,10,16,write,4096,True,1.1412926921632092,41.50517416584649,144
0,1,144,4,64,False,lustre,True,10,16,write,4096,True,1.1344104915809958,41.50517416584649,144
0,1,144,4,64,False,lustre,True,10,16,write,4096,True,1.1539681292440795,41.50517416584649,144
0,1,144,4,64,False,lustre,True,10,16,write,4096,True,1.1587195534015693,41.50517416584649,144
0,1,144,4,64,False,lustre,True,10,16,write,4096,True,1.1191472593119816,41.50517416584649,144
0,1,144,4,64,False,lustre,True,10,16,write,4096,True,1.1221088739100666,41.50517416584649,144
0,4,24,32,64,True,lustre,True,10,16,write,4096,True,25.810064288747046,221.3609288845146,96
0,4,24,32,64,True,lustre,True,10,16,write,4096,True,15.845515511516595,221.3609288845146,96
0,4,24,32,64,True,lustre,True,10,16,write,4096,True,15.528948068465851,221.3609288845146,96
0,4,24,32,64,True,lustre,True,10,16,write,4096,True,15.100437045888256,221.3609288845146,96
0,4,24,32,64,True,lustre,True,10,16,write,4096,True,15.548676866310611,221.3609288845146,96
0,4,24,32,64,True,lustre,True,10,16,write,4096,True,15.99249835278531,221.3609288845146,96
0,4,24,32,64,True,lustre,True,10,16,write,4096,True,15.588255920812932,221.3609288845146,96
0,4,24,32,64,True,lustre,True,10,16,write,4096,True,14.289220045449786,221.3609288845146,96
0,4,24,32,64,True,lustre,True,10,16,write,4096,True,12.893498416938591,221.3609288845146,96
0,4,24,32,64,True,lustre,True,10,16,write,4096,True,18.108474498192333,221.3609288845146,96
0,2,8,1,64,True,lustre,True,10,16,write,4096,True,8.159010450045784,1.152921504606847,16
0,2,8,1,64,True,lustre,True,10,16,write,4096,True,15.060253028216607,1.152921504606847,16
0,2,8,1,64,True,lustre,True,10,16,write,4096,True,15.606238926990098,1.152921504606847,16
0,2,8,1,64,True,lustre,True,10,16,write,4096,True,17.71840230363898,1.152921504606847,16
0,2,8,1,64,True,lustre,True,10,16,write,4096,True,11.912778338572476,1.152921504606847,16
0,2,8,1,64,True,lustre,True,10,16,write,4096,True,14.760590458937411,1.152921504606847,16
0,2,8,1,64,True,lustre,True,10,16,write,4096,True,13.330960298784321,1.152921504606847,16
0,2,8,1,64,True,lustre,True,10,16,write,4096,True,12.931577589739616,1.152921504606847,16
0,2,8,1,64,True,lustre,True,10,16,write,4096,True,12.300316645485925,1.152921504606847,16
0,2,8,1,64,True,lustre,True,10,16,write,4096,True,19.67373730740267,1.152921504606847,16
0,1,24,4,64,True,lustre,True,10,16,write,4096,True,12.530095591362699,6.9175290276410815,24
0,1,24,4,64,True,lustre,True,10,16,write,4096,True,12.965868159329212,6.9175290276410815,24
0,1,24,4,64,True,lustre,True,10,16,write,4096,True,8.534964176545259,6.9175290276410815,24
0,1,24,4,64,True,lustre,True,10,16,write,4096,True,13.97855880397512,6.9175290276410815,24
0,1,24,4,64,True,lustre,True,10,16,write,4096,True,15.68319571963315,6.9175290276410815,24
0,1,24,4,64,True,lustre,True,10,16,write,4096,True,14.187040159813867,6.9175290276410815,24
0,1,24,4,64,True,lustre,True,10,16,write,4096,True,15.59051239929247,6.9175290276410815,24
0,1,24,4,64,True,lustre,True,10,16,write,4096,True,17.30668179497342,6.9175290276410815,24
0,1,24,4,64,True,lustre,True,10,16,write,4096,True,15.88433416380307,6.9175290276410815,24
0,1,24,4,64,True,lustre,True,10,16,write,4096,True,15.434662398815675,6.9175290276410815,24
0,4,12,4,64,False,lustre,True,10,16,write,4096,True,3.1613093420096408,13.835058055282163,48
0,4,12,4,64,False,lustre,True,10,16,write,4096,True,3.213708955440592,13.835058055282163,48
0,4,12,4,64,False,lustre,True,10,16,write,4096,True,4.0425137323382145,13.835058055282163,48
0,4,12,4,64,False,lustre,True,10,16,write,4096,True,3.707215057830155,13.835058055282163,48
0,4,12,4,64,False,lustre,True,10,16,write,4096,True,3.5980862006566525,13.835058055282163,48
0,4,12,4,64,False,lustre,True,10,16,write,4096,True,3.6291824551776606,13.835058055282163,48
0,4,12,4,64,False,lustre,True,10,16,write,4096,True,4.004279682403609,13.835058055282163,48
0,4,12,4,64,False,lustre,True,10,16,write,4096,True,4.351916397088625,13.835058055282163,48
0,4,12,4,64,False,lustre,True,10,16,write,4096,True,4.45329677075452,13.835058055282163,48
0,4,12,4,64,False,lustre,True,10,16,write,4096,True,4.349808028495916,13.835058055282163,48
0,1,2,1,64,True,lustre,True,10,16,write,4096,True,2.917420580074036,0.14411518807585588,2
0,1,2,1,64,True,lustre,True,10,16,write,4096,True,3.88847045228175,0.14411518807585588,2
0,1,2,1,64,True,lustre,True,10,16,write,4096,True,6.588215474880332,0.14411518807585588,2
0,1,2,1,64,True,lustre,True,10,16,write,4096,True,1.1632394578058032,0.14411518807585588,2
0,1,2,1,64,True,lustre,True,10,16,write,4096,True,5.581270930374965,0.14411518807585588,2
0,1,2,1,64,True,lustre,True,10,16,write,4096,True,2.532853402762248,0.14411518807585588,2
0,1,2,1,64,True,lustre,True,10,16,write,4096,True,2.658034331916605,0.14411518807585588,2
0,1,2,1,64,True,lustre,True,10,16,write,4096,True,3.476757706662158,0.14411518807585588,2
0,1,2,1,64,True,lustre,True,10,16,write,4096,True,4.68126971771374,0.14411518807585588,2
0,1,2,1,64,True,lustre,True,10,16,write,4096,True,10.603531268005522,0.14411518807585588,2
0,1,1,4,64,True,lustre,True,10,16,write,4096,True,1.307423728148634,0.28823037615171176,1
0,1,1,4,64,True,lustre,True,10,16,write,4096,True,2.4849233582017862,0.28823037615171176,1
0,1,1,4,64,True,lustre,True,10,16,write,4096,True,3.4273050472124695,0.28823037615171176,1
0,1,1,4,64,True,lustre,True,10,16,write,4096,True,2.9888837674082636,0.28823037615171176,1
0,1,1,4,64,True,lustre,True,10,16,write,4096,True,3.467568993926703,0.28823037615171176,1
0,1,1,4,64,True,lustre,True,10,16,write,4096,True,1.4614892665477033,0.28823037615171176,1
0,1,1,4,64,True,lustre,True,10,16,write,4096,True,1.7325416543293424,0.28823037615171176,1
0,1,1,4,64,True,lustre,True,10,16,write,4096,True,2.0958708334571856,0.28823037615171176,1
0,1,1,4,64,True,lustre,True,10,16,write,4096,True,1.5683899410120625,0.28823037615171176,1
0,1,1,4,64,True,lustre,True,10,16,write,4096,True,1.5609322400545635,0.28823037615171176,1
0,4,16,1,64,False,lustre,True,10,16,write,4096,True,2.208117630730515,4.611686018427388,64
0,4,16,1,64,False,lustre,True,10,16,write,4096,True,2.9036449986733897,4.611686018427388,64
0,4,16,1,64,False,lustre,True,10,16,write,4096,True,4.251806237222201,4.611686018427388,64
0,4,16,1,64,False,lustre,True,10,16,write,4096,True,4.143355084493082,4.611686018427388,64
0,4,16,1,64,False,lustre,True,10,16,write,4096,True,4.374497029971423,4.611686018427388,64
0,4,16,1,64,False,lustre,True,10,16,write,4096,True,4.143565438287558,4.611686018427388,64
0,4,16,1,64,False,lustre,True,10,16,write,4096,True,3.7898586292196055,4.611686018427388,64
0,4,16,1,64,False,lustre,True,10,16,write,4096,True,3.9688536300007335,4.611686018427388,64
0,4,16,1,64,False,lustre,True,10,16,write,4096,True,3.7775116440704863,4.611686018427388,64
0,4,16,1,64,False,lustre,True,10,16,write,4096,True,3.48556589391746,4.611686018427388,64
0,8,16,32,64,True,lustre,True,10,16,write,4096,True,26.68034795631831,295.14790517935285,128
0,8,16,32,64,True,lustre,True,10,16,write,4096,True,24.165175624563016,295.14790517935285,128
0,8,16,32,64,True,lustre,True,10,16,write,4096,True,24.783600159368916,295.14790517935285,128
0,8,16,32,64,True,lustre,True,10,16,write,4096,True,21.028128526719605,295.14790517935285,128
0,8,16,32,64,True,lustre,True,10,16,write,4096,True,23.68486799708513,295.14790517935285,128
0,8,16,32,64,True,lustre,True,10,16,write,4096,True,18.072512566630785,295.14790517935285,128
0,8,16,32,64,True,lustre,True,10,16,write,4096,True,19.21958443311459,295.14790517935285,128
0,8,16,32,64,True,lustre,True,10,16,write,4096,True,18.544377492236457,295.14790517935285,128
0,8,16,32,64,True,lustre,True,10,16,write,4096,True,15.9805279514258,295.14790517935285,128
0,8,16,32,64,True,lustre,True,10,16,write,4096,True,18.03285784923637,295.14790517935285,128
0,4,16,32,64,True,lustre,True,10,16,write,4096,True,22.219189841736497,147.57395258967642,64
0,4,16,32,64,True,lustre,True,10,16,write,4096,True,17.38611834796949,147.57395258967642,64
0,4,16,32,64,True,lustre,True,10,16,write,4096,True,18.546959226381333,147.57395258967642,64
0,4,16,32,64,True,lustre,True,10,16,write,4096,True,14.343364711705103,147.57395258967642,64
0,4,16,32,64,True,lustre,True,10,16,write,4096,True,11.894174748676141,147.57395258967642,64
0,4,16,32,64,True,lustre,True,10,16,write,4096,True,13.302672167749897,147.57395258967642,64
0,4,16,32,64,True,lustre,True,10,16,write,4096,True,12.390621161413463,147.57395258967642,64
0,4,16,32,64,True,lustre,True,10,16,write,4096,True,13.38618983672057,147.57395258967642,64
0,4,16,32,64,True,lustre,True,10,16,write,4096,True,13.48571967661149,147.57395258967642,64
0,4,16,32,64,True,lustre,True,10,16,write,4096,True,15.1865005513675,147.57395258967642,64
0,2,12,1,64,False,lustre,True,10,16,write,4096,True,1.4077233484869227,1.7293822569102704,24
0,2,12,1,64,False,lustre,True,10,16,write,4096,True,1.7890419691029669,1.7293822569102704,24
0,2,12,1,64,False,lustre,True,10,16,write,4096,True,1.7939638756696896,1.7293822569102704,24
0,2,12,1,64,False,lustre,True,10,16,write,4096,True,1.7771231468591144,1.7293822569102704,24
0,2,12,1,64,False,lustre,True,10,16,write,4096,True,1.4128543399545639,1.7293822569102704,24
0,2,12,1,64,False,lustre,True,10,16,write,4096,True,1.8113810551511513,1.7293822569102704,24
0,2,12,1,64,False,lustre,True,10,16,write,4096,True,1.8017619394267939,1.7293822569102704,24
0,2,12,1,64,False,lustre,True,10,16,write,4096,True,1.759728615938177,1.7293822569102704,24
0,2,12,1,64,False,lustre,True,10,16,write,4096,True,1.7993014163037608,1.7293822569102704,24
0,2,12,1,64,False,lustre,True,10,16,write,4096,True,1.709551498953532,1.7293822569102704,24
0,4,2,4,64,True,lustre,True,10,16,write,4096,True,7.257850217316555,2.305843009213694,8
0,4,2,4,64,True,lustre,True,10,16,write,4096,True,13.142500094302095,2.305843009213694,8
0,4,2,4,64,True,lustre,True,10,16,write,4096,True,14.98398311993119,2.305843009213694,8
0,4,2,4,64,True,lustre,True,10,16,write,4096,True,11.63148866792444,2.305843009213694,8
0,4,2,4,64,True,lustre,True,10,16,write,4096,True,15.009736818808236,2.305843009213694,8
0,4,2,4,64,True,lustre,True,10,16,write,4096,True,13.261638023523844,2.305843009213694,8
0,4,2,4,64,True,lustre,True,10,16,write,4096,True,16.28860753067867,2.305843009213694,8
0,4,2,4,64,True,lustre,True,10,16,write,4096,True,14.779355433546144,2.305843009213694,8
0,4,2,4,64,True,lustre,True,10,16,write,4096,True,14.722667215025615,2.305843009213694,8
0,4,2,4,64,True,lustre,True,10,16,write,4096,True,14.378682380143484,2.305843009213694,8
0,2,1,32,64,True,lustre,True,10,16,write,4096,True,2.8102131618529103,4.611686018427388,2
0,2,1,32,64,True,lustre,True,10,16,write,4096,True,2.872699787436018,4.611686018427388,2
0,2,1,32,64,True,lustre,True,10,16,write,4096,True,2.664787769548674,4.611686018427388,2
0,2,1,32,64,True,lustre,True,10,16,write,4096,True,2.470692882953959,4.611686018427388,2
0,2,1,32,64,True,lustre,True,10,16,write,4096,True,2.6782270877671253,4.611686018427388,2
0,2,1,32,64,True,lustre,True,10,16,write,4096,True,2.2147087136483377,4.611686018427388,2
0,2,1,32,64,True,lustre,True,10,16,write,4096,True,2.408710663087302,4.611686018427388,2
0,2,1,32,64,True,lustre,True,10,16,write,4096,True,2.8805148081315446,4.611686018427388,2
0,2,1,32,64,True,lustre,True,10,16,write,4096,True,2.618807676309421,4.611686018427388,2
0,2,1,32,64,True,lustre,True,10,16,write,4096,True,2.7858484352292447,4.611686018427388,2
0,8,24,4,64,False,lustre,True,10,16,write,4096,True,6.598164616052189,55.34023222112865,192
0,8,24,4,64,False,lustre,True,10,16,write,4096,True,5.67927010044084,55.34023222112865,192
0,8,24,4,64,False,lustre,True,10,16,write,4096,True,6.047252325816247,55.34023222112865,192
0,8,24,4,64,False,lustre,True,10,16,write,4096,True,5.041297415575207,55.34023222112865,192
0,8,24,4,64,False,lustre,True,10,16,write,4096,True,6.911132109106912,55.34023222112865,192
0,8,24,4,64,False,lustre,True,10,16,write,4096,True,6.55574853914842,55.34023222112865,192
0,8,24,4,64,False,lustre,True,10,16,write,4096,True,8.237679095218384,55.34023222112865,192
0,8,24,4,64,False,lustre,True,10,16,write,4096,True,8.365840233726287,55.34023222112865,192
0,8,24,4,64,False,lustre,True,10,16,write,4096,True,8.899082110291785,55.34023222112865,192
0,8,24,4,64,False,lustre,True,10,16,write,4096,True,8.209918093101829,55.34023222112865,192
0,1,12,32,64,True,lustre,True,10,16,write,4096,True,11.70138450718695,27.670116110564326,12
0,1,12,32,64,True,lustre,True,10,16,write,4096,True,10.129088144222106,27.670116110564326,12
0,1,12,32,64,True,lustre,True,10,16,write,4096,True,10.42337733781125,27.670116110564326,12
0,1,12,32,64,True,lustre,True,10,16,write,4096,True,10.693318065089914,27.670116110564326,12
0,1,12,32,64,True,lustre,True,10,16,write,4096,True,11.180987579342139,27.670116110564326,12
0,1,12,32,64,True,lustre,True,10,16,write,4096,True,10.085138343615853,27.670116110564326,12
0,1,12,32,64,True,lustre,True,10,16,write,4096,True,9.606156138729787,27.670116110564326,12
0,1,12,32,64,True,lustre,True,10,16,write,4096,True,8.800548196707465,27.670116110564326,12
0,1,12,32,64,True,lustre,True,10,16,write,4096,True,8.793798829558453,27.670116110564326,12
0,1,12,32,64,True,lustre,True,10,16,write,4096,True,10.740202897156188,27.670116110564326,12
0,1,288,4,64,False,lustre,True,10,16,write,4096,True,1.18776914145782,83.01034833169298,288
0,1,288,4,64,False,lustre,True,10,16,write,4096,True,1.151856718493283,83.01034833169298,288
0,1,288,4,64,False,lustre,True,10,16,write,4096,True,1.2268522386112155,83.01034833169298,288
0,1,288,4,64,False,lustre,True,10,16,write,4096,True,1.1767135591244544,83.01034833169298,288
0,1,288,4,64,False,lustre,True,10,16,write,4096,True,1.2031517113461263,83.01034833169298,288
0,1,288,4,64,False,lustre,True,10,16,write,4096,True,1.186081931170938,83.01034833169298,288
0,1,288,4,64,False,lustre,True,10,16,write,4096,True,1.1834172396880627,83.01034833169298,288
0,1,288,4,64,False,lustre,True,10,16,write,4096,True,1.1543304434245902,83.01034833169298,288
0,1,288,4,64,False,lustre,True,10,16,write,4096,True,1.168582707001705,83.01034833169298,288
0,1,288,4,64,False,lustre,True,10,16,write,4096,True,1.1855428890390396,83.01034833169298,288
0,1,24,4,64,False,lustre,True,10,16,write,4096,True,1.2983233188155638,6.9175290276410815,24
0,1,24,4,64,False,lustre,True,10,16,write,4096,True,1.155665269652006,6.9175290276410815,24
0,1,24,4,64,False,lustre,True,10,16,write,4096,True,1.116332186706229,6.9175290276410815,24
0,1,24,4,64,False,lustre,True,10,16,write,4096,True,1.1699175667408843,6.9175290276410815,24
0,1,24,4,64,False,lustre,True,10,16,write,4096,True,1.1038911977305272,6.9175290276410815,24
0,1,24,4,64,False,lustre,True,10,16,write,4096,True,1.2138982309015924,6.9175290276410815,24
0,1,24,4,64,False,lustre,True,10,16,write,4096,True,1.1422657972736938,6.9175290276410815,24
0,1,24,4,64,False,lustre,True,10,16,write,4096,True,1.217550016708563,6.9175290276410815,24
0,1,24,4,64,False,lustre,True,10,16,write,4096,True,1.1920666801597781,6.9175290276410815,24
0,1,24,4,64,False,lustre,True,10,16,write,4096,True,1.217033989728777,6.9175290276410815,24
0,2,2,4,64,True,lustre,True,10,16,write,4096,True,9.1218011288224,1.152921504606847,4
0,2,2,4,64,True,lustre,True,10,16,write,4096,True,10.960053310128275,1.152921504606847,4
0,2,2,4,64,True,lustre,True,10,16,write,4096,True,11.845698210870085,1.152921504606847,4
0,2,2,4,64,True,lustre,True,10,16,write,4096,True,10.098623356475573,1.152921504606847,4
0,2,2,4,64,True,lustre,True,10,16,write,4096,True,11.656879054881214,1.152921504606847,4
0,2,2,4,64,True,lustre,True,10,16,write,4096,True,8.415404027069057,1.152921504606847,4
0,2,2,4,64,True,lustre,True,10,16,write,4096,True,12.100548406085652,1.152921504606847,4
0,2,2,4,64,True,lustre,True,10,16,write,4096,True,12.124051050777487,1.152921504606847,4
0,2,2,4,64,True,lustre,True,10,16,write,4096,True,13.512108338067215,1.152921504606847,4
0,2,2,4,64,True,lustre,True,10,16,write,4096,True,11.14320183492912,1.152921504606847,4
0,8,288,1,64,False,lustre,True,10,16,write,4096,True,8.627205335485245,166.02069666338596,2304
0,8,288,1,64,False,lustre,True,10,16,write,4096,True,8.446473948926604,166.02069666338596,2304
0,8,288,1,64,False,lustre,True,10,16,write,4096,True,7.535071137163142,166.02069666338596,2304
0,8,288,1,64,False,lustre,True,10,16,write,4096,True,7.05413042722193,166.02069666338596,2304
0,8,288,1,64,False,lustre,True,10,16,write,4096,True,6.976092678507859,166.02069666338596,2304
0,8,288,1,64,False,lustre,True,10,16,write,4096,True,7.142658250719434,166.02069666338596,2304
0,8,288,1,64,False,lustre,True,10,16,write,4096,True,7.802223542644821,166.02069666338596,2304
0,8,288,1,64,False,lustre,True,10,16,write,4096,True,7.813988336412082,166.02069666338596,2304
0,8,288,1,64,False,lustre,True,10,16,write,4096,True,7.8978204834661145,166.02069666338596,2304
0,8,288,1,64,False,lustre,True,10,16,write,4096,True,6.635274244091319,166.02069666338596,2304
0,1,16,4,64,False,lustre,True,10,16,write,4096,True,1.1737558629507265,4.611686018427388,16
0,1,16,4,64,False,lustre,True,10,16,write,4096,True,1.1380936658749166,4.611686018427388,16
0,1,16,4,64,False,lustre,True,10,16,write,4096,True,1.1500368434579669,4.611686018427388,16
0,1,16,4,64,False,lustre,True,10,16,write,4096,True,1.1277375230401134,4.611686018427388,16
0,1,16,4,64,False,lustre,True,10,16,write,4096,True,1.092746876028775,4.611686018427388,16
0,1,16,4,64,False,lustre,True,10,16,write,4096,True,1.0945138205917762,4.611686018427388,16
0,1,16,4,64,False,lustre,True,10,16,write,4096,True,1.1473471380559905,4.611686018427388,16
0,1,16,4,64,False,lustre,True,10,16,write,4096,True,1.1654576991550396,4.611686018427388,16
0,1,16,4,64,False,lustre,True,10,16,write,4096,True,1.1366685102494085,4.611686018427388,16
0,1,16,4,64,False,lustre,True,10,16,write,4096,True,1.1329556759278636,4.611686018427388,16
0,1,24,32,64,True,lustre,True,10,16,write,4096,True,12.4837973844104,55.34023222112865,24
0,1,24,32,64,True,lustre,True,10,16,write,4096,True,12.28070347777212,55.34023222112865,24
0,1,24,32,64,True,lustre,True,10,16,write,4096,True,12.157633412253995,55.34023222112865,24
0,1,24,32,64,True,lustre,True,10,16,write,4096,True,12.700920484831052,55.34023222112865,24
0,1,24,32,64,True,lustre,True,10,16,write,4096,True,11.517708474407907,55.34023222112865,24
0,1,24,32,64,True,lustre,True,10,16,write,4096,True,11.322275671163744,55.34023222112865,24
0,1,24,32,64,True,lustre,True,10,16,write,4096,True,11.854857342555222,55.34023222112865,24
0,1,24,32,64,True,lustre,True,10,16,write,4096,True,12.22604935557359,55.34023222112865,24
0,1,24,32,64,True,lustre,True,10,16,write,4096,True,11.06261969637994,55.34023222112865,24
0,1,24,32,64,True,lustre,True,10,16,write,4096,True,10.845087231229702,55.34023222112865,24
0,4,1,32,64,False,lustre,True,10,16,write,4096,True,8.67044486617803,9.223372036854776,4
0,4,1,32,64,False,lustre,True,10,16,write,4096,True,8.828150101438675,9.223372036854776,4
0,4,1,32,64,False,lustre,True,10,16,write,4096,True,7.929102092548756,9.223372036854776,4
0,4,1,32,64,False,lustre,True,10,16,write,4096,True,7.589873558476994,9.223372036854776,4
0,4,1,32,64,False,lustre,True,10,16,write,4096,True,8.159164617827763,9.223372036854776,4
0,4,1,32,64,False,lustre,True,10,16,write,4096,True,8.368391184564931,9.223372036854776,4
0,4,1,32,64,False,lustre,True,10,16,write,4096,True,8.343790648543957,9.223372036854776,4
0,4,1,32,64,False,lustre,True,10,16,write,4096,True,8.247064509681667,9.223372036854776,4
0,4,1,32,64,False,lustre,True,10,16,write,4096,True,8.340681604545296,9.223372036854776,4
0,4,1,32,64,False,lustre,True,10,16,write,4096,True,8.487251058853879,9.223372036854776,4
0,2,8,32,64,False,lustre,True,10,16,write,4096,True,2.2238579634144804,36.893488147419106,16
0,2,8,32,64,False,lustre,True,10,16,write,4096,True,2.036215585998508,36.893488147419106,16
0,2,8,32,64,False,lustre,True,10,16,write,4096,True,2.6641812782057657,36.893488147419106,16
0,2,8,32,64,False,lustre,True,10,16,write,4096,True,3.483884680894798,36.893488147419106,16
0,2,8,32,64,False,lustre,True,10,16,write,4096,True,4.364644452764938,36.893488147419106,16
0,2,8,32,64,False,lustre,True,10,16,write,4096,True,4.374871719438321,36.893488147419106,16
0,2,8,32,64,False,lustre,True,10,16,write,4096,True,4.814165706276576,36.893488147419106,16
0,2,8,32,64,False,lustre,True,10,16,write,4096,True,5.796937967240131,36.893488147419106,16
0,2,8,32,64,False,lustre,True,10,16,write,4096,True,5.349524707987576,36.893488147419106,16
0,2,8,32,64,False,lustre,True,10,16,write,4096,True,5.275698583646273,36.893488147419106,16
0,1,2,4,64,True,lustre,True,10,16,write,4096,True,5.246542691381938,0.5764607523034235,2
0,1,2,4,64,True,lustre,True,10,16,write,4096,True,5.014678719707339,0.5764607523034235,2
0,1,2,4,64,True,lustre,True,10,16,write,4096,True,5.995046789025611,0.5764607523034235,2
0,1,2,4,64,True,lustre,True,10,16,write,4096,True,5.453783839408669,0.5764607523034235,2
0,1,2,4,64,True,lustre,True,10,16,write,4096,True,4.537383354028946,0.5764607523034235,2
0,1,2,4,64,True,lustre,True,10,16,write,4096,True,3.3959375479007132,0.5764607523034235,2
0,1,2,4,64,True,lustre,True,10,16,write,4096,True,5.769209364871123,0.5764607523034235,2
0,1,2,4,64,True,lustre,True,10,16,write,4096,True,3.3407179416980655,0.5764607523034235,2
0,1,2,4,64,True,lustre,True,10,16,write,4096,True,3.186444821350829,0.5764607523034235,2
0,1,2,4,64,True,lustre,True,10,16,write,4096,True,2.6495915217948185,0.5764607523034235,2
0,2,12,4,64,False,lustre,True,10,16,write,4096,True,1.6349849726225638,6.9175290276410815,24
0,2,12,4,64,False,lustre,True,10,16,write,4096,True,1.7507474575958928,6.9175290276410815,24
0,2,12,4,64,False,lustre,True,10,16,write,4096,True,2.3593214223219414,6.9175290276410815,24
0,2,12,4,64,False,lustre,True,10,16,write,4096,True,2.4456989156392983,6.9175290276410815,24
0,2,12,4,64,False,lustre,True,10,16,write,4096,True,2.579212263855269,6.9175290276410815,24
0,2,12,4,64,False,lustre,True,10,16,write,4096,True,3.1539289205152867,6.9175290276410815,24
0,2,12,4,64,False,lustre,True,10,16,write,4096,True,2.923937859128991,6.9175290276410815,24
0,2,12,4,64,False,lustre,True,10,16,write,4096,True,2.9169451364202548,6.9175290276410815,24
0,2,12,4,64,False,lustre,True,10,16,write,4096,True,2.847192317133022,6.9175290276410815,24
0,2,12,4,64,False,lustre,True,10,16,write,4096,True,2.645353852435895,6.9175290276410815,24
0,4,12,32,64,False,lustre,True,10,16,write,4096,True,3.477551955470341,110.6804644422573,48
0,4,12,32,64,False,lustre,True,10,16,write,4096,True,4.742802378190495,110.6804644422573,48
0,4,12,32,64,False,lustre,True,10,16,write,4096,True,5.873517568725488,110.6804644422573,48
0,4,12,32,64,False,lustre,True,10,16,write,4096,True,9.68558795242958,110.6804644422573,48
0,4,12,32,64,False,lustre,True,10,16,write,4096,True,8.332640070050026,110.6804644422573,48
0,4,12,32,64,False,lustre,True,10,16,write,4096,True,11.435307348922377,110.6804644422573,48
0,4,12,32,64,False,lustre,True,10,16,write,4096,True,13.906673706477727,110.6804644422573,48
0,4,12,32,64,False,lustre,True,10,16,write,4096,True,17.191133740282357,110.6804644422573,48
0,4,12,32,64,False,lustre,True,10,16,write,4096,True,12.233196109516404,110.6804644422573,48
0,4,12,32,64,False,lustre,True,10,16,write,4096,True,14.679556047699291,110.6804644422573,48
0,8,1,1,64,False,lustre,True,10,16,write,4096,True,1.3297522676244922,0.5764607523034235,8
0,8,1,1,64,False,lustre,True,10,16,write,4096,True,1.4150100735891529,0.5764607523034235,8
0,8,1,1,64,False,lustre,True,10,16,write,4096,True,2.152063212692305,0.5764607523034235,8
0,8,1,1,64,False,lustre,True,10,16,write,4096,True,2.544869354527879,0.5764607523034235,8
0,8,1,1,64,False,lustre,True,10,16,write,4096,True,2.6049766114106583,0.5764607523034235,8
0,8,1,1,64,False,lustre,True,10,16,write,4096,True,3.003699058029599,0.5764607523034235,8
0,8,1,1,64,False,lustre,True,10,16,write,4096,True,3.3808092852836227,0.5764607523034235,8
0,8,1,1,64,False,lustre,True,10,16,write,4096,True,3.0977555703613358,0.5764607523034235,8
0,8,1,1,64,False,lustre,True,10,16,write,4096,True,3.3155517659343023,0.5764607523034235,8
0,8,1,1,64,False,lustre,True,10,16,write,4096,True,2.9024904614750238,0.5764607523034235,8
0,2,144,4,64,True,lustre,True,10,16,write,4096,True,21.113145789530947,83.01034833169298,288
0,2,144,4,64,True,lustre,True,10,16,write,4096,True,18.83448854553271,83.01034833169298,288
0,2,144,4,64,True,lustre,True,10,16,write,4096,True,7.8832462255898355,83.01034833169298,288
0,2,144,4,64,True,lustre,True,10,16,write,4096,True,9.969848932641044,83.01034833169298,288
0,2,144,4,64,True,lustre,True,10,16,write,4096,True,17.2560633354925,83.01034833169298,288
0,2,144,4,64,True,lustre,True,10,16,write,4096,True,28.17905840500114,83.01034833169298,288
0,2,144,4,64,True,lustre,True,10,16,write,4096,True,26.787000567063437,83.01034833169298,288
0,2,144,4,64,True,lustre,True,10,16,write,4096,True,29.805256690405837,83.01034833169298,288
0,2,144,4,64,True,lustre,True,10,16,write,4096,True,24.916917587298208,83.01034833169298,288
0,2,144,4,64,True,lustre,True,10,16,write,4096,True,37.462527593934674,83.01034833169298,288
0,8,144,1,64,False,lustre,True,10,16,write,4096,True,7.2823660427183246,83.01034833169298,1152
0,8,144,1,64,False,lustre,True,10,16,write,4096,True,7.680096360462041,83.01034833169298,1152
0,8,144,1,64,False,lustre,True,10,16,write,4096,True,7.7750727403491435,83.01034833169298,1152
0,8,144,1,64,False,lustre,True,10,16,write,4096,True,6.88111372750495,83.01034833169298,1152
0,8,144,1,64,False,lustre,True,10,16,write,4096,True,6.948596054872182,83.01034833169298,1152
0,8,144,1,64,False,lustre,True,10,16,write,4096,True,8.510810978110145,83.01034833169298,1152
0,8,144,1,64,False,lustre,True,10,16,write,4096,True,8.012759752183992,83.01034833169298,1152
0,8,144,1,64,False,lustre,True,10,16,write,4096,True,7.912451375555137,83.01034833169298,1152
0,8,144,1,64,False,lustre,True,10,16,write,4096,True,7.707505738637589,83.01034833169298,1152
0,8,144,1,64,False,lustre,True,10,16,write,4096,True,7.387932110061884,83.01034833169298,1152
0,8,144,4,64,True,lustre,True,10,16,write,4096,True,38.8699205086863,332.0413933267719,1152
0,8,144,4,64,True,lustre,True,10,16,write,4096,True,33.60579318574671,332.0413933267719,1152
0,8,144,4,64,True,lustre,True,10,16,write,4096,True,18.293535923365557,332.0413933267719,1152
0,8,144,4,64,True,lustre,True,10,16,write,4096,True,18.14044084943923,332.0413933267719,1152
0,8,144,4,64,True,lustre,True,10,16,write,4096,True,26.87475783877382,332.0413933267719,1152
0,8,144,4,64,True,lustre,True,10,16,write,4096,True,37.83617274409288,332.0413933267719,1152
0,8,144,4,64,True,lustre,True,10,16,write,4096,True,41.81743203424042,332.0413933267719,1152
0,8,144,4,64,True,lustre,True,10,16,write,4096,True,50.24169713479167,332.0413933267719,1152
0,8,144,4,64,True,lustre,True,10,16,write,4096,True,50.10757524215959,332.0413933267719,1152
0,8,144,4,64,True,lustre,True,10,16,write,4096,True,51.61736469002192,332.0413933267719,1152
0,4,2,32,64,True,lustre,True,10,16,write,4096,True,9.608126658806428,18.446744073709553,8
0,4,2,32,64,True,lustre,True,10,16,write,4096,True,6.8010926525474344,18.446744073709553,8
0,4,2,32,64,True,lustre,True,10,16,write,4096,True,6.172538366101186,18.446744073709553,8
0,4,2,32,64,True,lustre,True,10,16,write,4096,True,6.400145379030939,18.446744073709553,8
0,4,2,32,64,True,lustre,True,10,16,write,4096,True,6.480772061899037,18.446744073709553,8
0,4,2,32,64,True,lustre,True,10,16,write,4096,True,6.440457216743517,18.446744073709553,8
0,4,2,32,64,True,lustre,True,10,16,write,4096,True,5.964136387509926,18.446744073709553,8
0,4,2,32,64,True,lustre,True,10,16,write,4096,True,6.231333987224136,18.446744073709553,8
0,4,2,32,64,True,lustre,True,10,16,write,4096,True,4.929444464448595,18.446744073709553,8
0,4,2,32,64,True,lustre,True,10,16,write,4096,True,5.918071029701864,18.446744073709553,8
0,4,8,1,64,False,lustre,True,10,16,write,4096,True,1.7743937135161258,2.305843009213694,32
0,4,8,1,64,False,lustre,True,10,16,write,4096,True,2.4552546166787943,2.305843009213694,32
0,4,8,1,64,False,lustre,True,10,16,write,4096,True,3.1120096624988878,2.305843009213694,32
0,4,8,1,64,False,lustre,True,10,16,write,4096,True,3.8944429240327954,2.305843009213694,32
0,4,8,1,64,False,lustre,True,10,16,write,4096,True,4.176609362093886,2.305843009213694,32
0,4,8,1,64,False,lustre,True,10,16,write,4096,True,3.8958345434401536,2.305843009213694,32
0,4,8,1,64,False,lustre,True,10,16,write,4096,True,3.8876733190901507,2.305843009213694,32
0,4,8,1,64,False,lustre,True,10,16,write,4096,True,4.2794309417872425,2.305843009213694,32
0,4,8,1,64,False,lustre,True,10,16,write,4096,True,3.6202537603943474,2.305843009213694,32
0,4,8,1,64,False,lustre,True,10,16,write,4096,True,3.62242226995462,2.305843009213694,32
0,4,12,1,64,False,lustre,True,10,16,write,4096,True,2.701530426690308,3.4587645138205407,48
0,4,12,1,64,False,lustre,True,10,16,write,4096,True,2.7148653777201774,3.4587645138205407,48
0,4,12,1,64,False,lustre,True,10,16,write,4096,True,2.5724439241884562,3.4587645138205407,48
0,4,12,1,64,False,lustre,True,10,16,write,4096,True,2.9922618196424238,3.4587645138205407,48
0,4,12,1,64,False,lustre,True,10,16,write,4096,True,3.800008376892834,3.4587645138205407,48
0,4,12,1,64,False,lustre,True,10,16,write,4096,True,3.6493635980293315,3.4587645138205407,48
0,4,12,1,64,False,lustre,True,10,16,write,4096,True,2.9400570659358665,3.4587645138205407,48
0,4,12,1,64,False,lustre,True,10,16,write,4096,True,3.652457866378836,3.4587645138205407,48
0,4,12,1,64,False,lustre,True,10,16,write,4096,True,3.9379799998653624,3.4587645138205407,48
0,4,12,1,64,False,lustre,True,10,16,write,4096,True,3.9631786069067894,3.4587645138205407,48
0,8,24,32,64,False,lustre,True,10,16,write,4096,True,6.776178470474357,442.7218577690292,192
0,8,24,32,64,False,lustre,True,10,16,write,4096,True,7.759386498460987,442.7218577690292,192
0,8,24,32,64,False,lustre,True,10,16,write,4096,True,9.616285726149542,442.7218577690292,192
0,8,24,32,64,False,lustre,True,10,16,write,4096,True,13.54120862760308,442.7218577690292,192
0,8,24,32,64,False,lustre,True,10,16,write,4096,True,17.724431658606488,442.7218577690292,192
0,8,24,32,64,False,lustre,True,10,16,write,4096,True,20.910856843624167,442.7218577690292,192
0,8,24,32,64,False,lustre,True,10,16,write,4096,True,19.288239538312286,442.7218577690292,192
0,8,24,32,64,False,lustre,True,10,16,write,4096,True,19.391265442734085,442.7218577690292,192
0,8,24,32,64,False,lustre,True,10,16,write,4096,True,19.787815878558124,442.7218577690292,192
0,8,24,32,64,False,lustre,True,10,16,write,4096,True,23.344118345629102,442.7218577690292,192
0,4,1,4,64,True,lustre,True,10,16,write,4096,True,7.107254143427387,1.152921504606847,4
0,4,1,4,64,True,lustre,True,10,16,write,4096,True,10.049208167354076,1.152921504606847,4
0,4,1,4,64,True,lustre,True,10,16,write,4096,True,9.670252235876532,1.152921504606847,4
0,4,1,4,64,True,lustre,True,10,16,write,4096,True,8.943029432857257,1.152921504606847,4
0,4,1,4,64,True,lustre,True,10,16,write,4096,True,11.82424411038676,1.152921504606847,4
0,4,1,4,64,True,lustre,True,10,16,write,4096,True,11.7681052623127,1.152921504606847,4
0,4,1,4,64,True,lustre,True,10,16,write,4096,True,10.412022544416258,1.152921504606847,4
0,4,1,4,64,True,lustre,True,10,16,write,4096,True,8.331013555449502,1.152921504606847,4
0,4,1,4,64,True,lustre,True,10,16,write,4096,True,10.790946514357195,1.152921504606847,4
0,4,1,4,64,True,lustre,True,10,16,write,4096,True,10.10794828739284,1.152921504606847,4
0,2,1,4,64,False,lustre,True,10,16,write,4096,True,2.836365154066852,0.5764607523034235,2
0,2,1,4,64,False,lustre,True,10,16,write,4096,True,3.947504013637599,0.5764607523034235,2
0,2,1,4,64,False,lustre,True,10,16,write,4096,True,3.72721611891442,0.5764607523034235,2
0,2,1,4,64,False,lustre,True,10,16,write,4096,True,3.9382294596339587,0.5764607523034235,2
0,2,1,4,64,False,lustre,True,10,16,write,4096,True,3.7787063211573493,0.5764607523034235,2
0,2,1,4,64,False,lustre,True,10,16,write,4096,True,4.087916795751515,0.5764607523034235,2
0,2,1,4,64,False,lustre,True,10,16,write,4096,True,4.098745401414975,0.5764607523034235,2
0,2,1,4,64,False,lustre,True,10,16,write,4096,True,4.184863340635745,0.5764607523034235,2
0,2,1,4,64,False,lustre,True,10,16,write,4096,True,4.263346396843427,0.5764607523034235,2
0,2,1,4,64,False,lustre,True,10,16,write,4096,True,4.063395676673837,0.5764607523034235,2
0,2,24,1,64,False,lustre,True,10,16,write,4096,True,1.6435357256316203,3.4587645138205407,48
0,2,24,1,64,False,lustre,True,10,16,write,4096,True,1.5122370804240284,3.4587645138205407,48
0,2,24,1,64,False,lustre,True,10,16,write,4096,True,1.967629990196684,3.4587645138205407,48
0,2,24,1,64,False,lustre,True,10,16,write,4096,True,1.922217416577439,3.4587645138205407,48
0,2,24,1,64,False,lustre,True,10,16,write,4096,True,1.971213771444034,3.4587645138205407,48
0,2,24,1,64,False,lustre,True,10,16,write,4096,True,1.8581202361176097,3.4587645138205407,48
0,2,24,1,64,False,lustre,True,10,16,write,4096,True,1.9098093851353488,3.4587645138205407,48
0,2,24,1,64,False,lustre,True,10,16,write,4096,True,1.9517529149500084,3.4587645138205407,48
0,2,24,1,64,False,lustre,True,10,16,write,4096,True,1.9220740237219653,3.4587645138205407,48
0,2,24,1,64,False,lustre,True,10,16,write,4096,True,2.023256060402826,3.4587645138205407,48
0,1,12,32,64,False,lustre,True,10,16,write,4096,True,1.0944211834032527,27.670116110564326,12
0,1,12,32,64,False,lustre,True,10,16,write,4096,True,1.0900591409719906,27.670116110564326,12
0,1,12,32,64,False,lustre,True,10,16,write,4096,True,1.2051130665011367,27.670116110564326,12
0,1,12,32,64,False,lustre,True,10,16,write,4096,True,1.3964309672639605,27.670116110564326,12
0,1,12,32,64,False,lustre,True,10,16,write,4096,True,1.4597331312709552,27.670116110564326,12
0,1,12,32,64,False,lustre,True,10,16,write,4096,True,1.5641451564653759,27.670116110564326,12
0,1,12,32,64,False,lustre,True,10,16,write,4096,True,2.1933065750656957,27.670116110564326,12
0,1,12,32,64,False,lustre,True,10,16,write,4096,True,2.7463835237414536,27.670116110564326,12
0,1,12,32,64,False,lustre,True,10,16,write,4096,True,2.8040609775765257,27.670116110564326,12
0,1,12,32,64,False,lustre,True,10,16,write,4096,True,3.8972917249529337,27.670116110564326,12
0,4,288,32,64,True,lustre,True,10,16,write,4096,True,21.558512488373015,2656.3311466141754,1152
0,4,288,32,64,True,lustre,True,10,16,write,4096,True,16.71461599772046,2656.3311466141754,1152
0,4,288,32,64,True,lustre,True,10,16,write,4096,True,13.544045574522247,2656.3311466141754,1152
0,4,288,32,64,True,lustre,True,10,16,write,4096,True,13.335739350581052,2656.3311466141754,1152
0,4,288,32,64,True,lustre,True,10,16,write,4096,True,13.955032090549613,2656.3311466141754,1152
0,4,288,32,64,True,lustre,True,10,16,write,4096,True,13.903627000542578,2656.3311466141754,1152
0,4,288,32,64,True,lustre,True,10,16,write,4096,True,16.68999583513422,2656.3311466141754,1152
0,4,288,32,64,True,lustre,True,10,16,write,4096,True,19.380276717865332,2656.3311466141754,1152
0,4,288,32,64,True,lustre,True,10,16,write,4096,True,28.565655511250412,2656.3311466141754,1152
0,4,288,32,64,True,lustre,True,10,16,write,4096,True,30.04593156729736,2656.3311466141754,1152
0,8,12,1,64,True,lustre,True,10,16,write,4096,True,14.619824734976094,6.9175290276410815,96
0,8,12,1,64,True,lustre,True,10,16,write,4096,True,9.959130391889468,6.9175290276410815,96
0,8,12,1,64,True,lustre,True,10,16,write,4096,True,14.26635195138084,6.9175290276410815,96
0,8,12,1,64,True,lustre,True,10,16,write,4096,True,20.879205975496816,6.9175290276410815,96
0,8,12,1,64,True,lustre,True,10,16,write,4096,True,21.36369109378031,6.9175290276410815,96
0,8,12,1,64,True,lustre,True,10,16,write,4096,True,26.723721000297576,6.9175290276410815,96
0,8,12,1,64,True,lustre,True,10,16,write,4096,True,19.953608301889826,6.9175290276410815,96
0,8,12,1,64,True,lustre,True,10,16,write,4096,True,37.85047756611638,6.9175290276410815,96
0,8,12,1,64,True,lustre,True,10,16,write,4096,True,28.697460497560094,6.9175290276410815,96
0,8,12,1,64,True,lustre,True,10,16,write,4096,True,30.97476247043226,6.9175290276410815,96
0,2,8,4,64,True,lustre,True,10,16,write,4096,True,19.347003767517617,4.611686018427388,16
0,2,8,4,64,True,lustre,True,10,16,write,4096,True,23.79809095967334,4.611686018427388,16
0,2,8,4,64,True,lustre,True,10,16,write,4096,True,18.15423807638888,4.611686018427388,16
0,2,8,4,64,True,lustre,True,10,16,write,4096,True,21.693011886249234,4.611686018427388,16
0,2,8,4,64,True,lustre,True,10,16,write,4096,True,16.007917923128296,4.611686018427388,16
0,2,8,4,64,True,lustre,True,10,16,write,4096,True,23.341152430766225,4.611686018427388,16
0,2,8,4,64,True,lustre,True,10,16,write,4096,True,20.833108004234436,4.611686018427388,16
0,2,8,4,64,True,lustre,True,10,16,write,4096,True,19.582132779506868,4.611686018427388,16
0,2,8,4,64,True,lustre,True,10,16,write,4096,True,18.280175544305223,4.611686018427388,16
0,2,8,4,64,True,lustre,True,10,16,write,4096,True,24.097008078082023,4.611686018427388,16
0,2,16,1,64,True,lustre,True,10,16,write,4096,True,8.912880887710822,2.305843009213694,32
0,2,16,1,64,True,lustre,True,10,16,write,4096,True,20.307042052605567,2.305843009213694,32
0,2,16,1,64,True,lustre,True,10,16,write,4096,True,12.20072029055722,2.305843009213694,32
0,2,16,1,64,True,lustre,True,10,16,write,4096,True,23.086918917708946,2.305843009213694,32
0,2,16,1,64,True,lustre,True,10,16,write,4096,True,16.859064254448036,2.305843009213694,32
0,2,16,1,64,True,lustre,True,10,16,write,4096,True,20.157108828132987,2.305843009213694,32
0,2,16,1,64,True,lustre,True,10,16,write,4096,True,18.346570770414704,2.305843009213694,32
0,2,16,1,64,True,lustre,True,10,16,write,4096,True,22.41628456571518,2.305843009213694,32
0,2,16,1,64,True,lustre,True,10,16,write,4096,True,18.133369784424044,2.305843009213694,32
0,2,16,1,64,True,lustre,True,10,16,write,4096,True,21.248658323768833,2.305843009213694,32
0,4,2,1,64,True,lustre,True,10,16,write,4096,True,4.110502699777694,0.5764607523034235,8
0,4,2,1,64,True,lustre,True,10,16,write,4096,True,9.12446921102576,0.5764607523034235,8
0,4,2,1,64,True,lustre,True,10,16,write,4096,True,10.741641423785392,0.5764607523034235,8
0,4,2,1,64,True,lustre,True,10,16,write,4096,True,12.567473055829238,0.5764607523034235,8
0,4,2,1,64,True,lustre,True,10,16,write,4096,True,13.030274932216509,0.5764607523034235,8
0,4,2,1,64,True,lustre,True,10,16,write,4096,True,6.939149192242179,0.5764607523034235,8
0,4,2,1,64,True,lustre,True,10,16,write,4096,True,9.677361249971884,0.5764607523034235,8
0,4,2,1,64,True,lustre,True,10,16,write,4096,True,7.113148366154629,0.5764607523034235,8
0,4,2,1,64,True,lustre,True,10,16,write,4096,True,9.15859669664409,0.5764607523034235,8
0,4,2,1,64,True,lustre,True,10,16,write,4096,True,12.196462234608342,0.5764607523034235,8
0,2,24,1,64,True,lustre,True,10,16,write,4096,True,6.637087285231652,3.4587645138205407,48
0,2,24,1,64,True,lustre,True,10,16,write,4096,True,8.20340450054618,3.4587645138205407,48
0,2,24,1,64,True,lustre,True,10,16,write,4096,True,20.55975954947853,3.4587645138205407,48
0,2,24,1,64,True,lustre,True,10,16,write,4096,True,16.17473752338412,3.4587645138205407,48
0,2,24,1,64,True,lustre,True,10,16,write,4096,True,17.95146418774335,3.4587645138205407,48
0,2,24,1,64,True,lustre,True,10,16,write,4096,True,16.628930199831768,3.4587645138205407,48
0,2,24,1,64,True,lustre,True,10,16,write,4096,True,16.902397887789334,3.4587645138205407,48
0,2,24,1,64,True,lustre,True,10,16,write,4096,True,24.197502340534065,3.4587645138205407,48
0,2,24,1,64,True,lustre,True,10,16,write,4096,True,22.081591355845067,3.4587645138205407,48
0,2,24,1,64,True,lustre,True,10,16,write,4096,True,29.10722438544335,3.4587645138205407,48
0,2,16,4,64,True,lustre,True,10,16,write,4096,True,23.53055545605672,9.223372036854776,32
0,2,16,4,64,True,lustre,True,10,16,write,4096,True,21.27945759731118,9.223372036854776,32
0,2,16,4,64,True,lustre,True,10,16,write,4096,True,25.65539978059261,9.223372036854776,32
0,2,16,4,64,True,lustre,True,10,16,write,4096,True,24.612988586730253,9.223372036854776,32
0,2,16,4,64,True,lustre,True,10,16,write,4096,True,23.044429192972522,9.223372036854776,32
0,2,16,4,64,True,lustre,True,10,16,write,4096,True,25.00734510329214,9.223372036854776,32
0,2,16,4,64,True,lustre,True,10,16,write,4096,True,24.82730574699994,9.223372036854776,32
0,2,16,4,64,True,lustre,True,10,16,write,4096,True,29.32021639946017,9.223372036854776,32
0,2,16,4,64,True,lustre,True,10,16,write,4096,True,31.093205249295472,9.223372036854776,32
0,2,16,4,64,True,lustre,True,10,16,write,4096,True,35.66916008312576,9.223372036854776,32
0,2,144,32,64,False,lustre,True,10,16,write,4096,True,1.5483167098152641,664.0827866535438,288
0,2,144,32,64,False,lustre,True,10,16,write,4096,True,1.831329936400219,664.0827866535438,288
0,2,144,32,64,False,lustre,True,10,16,write,4096,True,2.818153735332029,664.0827866535438,288
0,2,144,32,64,False,lustre,True,10,16,write,4096,True,3.8432712334782027,664.0827866535438,288
0,2,144,32,64,False,lustre,True,10,16,write,4096,True,4.992286320417546,664.0827866535438,288
0,2,144,32,64,False,lustre,True,10,16,write,4096,True,5.323095235752653,664.0827866535438,288
0,2,144,32,64,False,lustre,True,10,16,write,4096,True,5.539868548836388,664.0827866535438,288
0,2,144,32,64,False,lustre,True,10,16,write,4096,True,5.648126622497514,664.0827866535438,288
0,2,144,32,64,False,lustre,True,10,16,write,4096,True,5.148927111836778,664.0827866535438,288
0,2,144,32,64,False,lustre,True,10,16,write,4096,True,6.037084009201832,664.0827866535438,288
0,2,144,1,64,False,lustre,True,10,16,write,4096,True,1.8570753635296864,20.752587082923245,288
0,2,144,1,64,False,lustre,True,10,16,write,4096,True,1.2655971497443648,20.752587082923245,288
0,2,144,1,64,False,lustre,True,10,16,write,4096,True,2.0980990071288685,20.752587082923245,288
0,2,144,1,64,False,lustre,True,10,16,write,4096,True,1.5432675341075182,20.752587082923245,288
0,2,144,1,64,False,lustre,True,10,16,write,4096,True,2.0259074238397177,20.752587082923245,288
0,2,144,1,64,False,lustre,True,10,16,write,4096,True,1.937800119316855,20.752587082923245,288
0,2,144,1,64,False,lustre,True,10,16,write,4096,True,1.9437127091923525,20.752587082923245,288
0,2,144,1,64,False,lustre,True,10,16,write,4096,True,1.9033715871473669,20.752587082923245,288
0,2,144,1,64,False,lustre,True,10,16,write,4096,True,1.9970211353487068,20.752587082923245,288
0,2,144,1,64,False,lustre,True,10,16,write,4096,True,2.0240476897622033,20.752587082923245,288
0,4,8,32,64,True,lustre,True,10,16,write,4096,True,16.166935749778393,73.78697629483821,32
0,4,8,32,64,True,lustre,True,10,16,write,4096,True,15.697166600131265,73.78697629483821,32
0,4,8,32,64,True,lustre,True,10,16,write,4096,True,10.564230067991597,73.78697629483821,32
0,4,8,32,64,True,lustre,True,10,16,write,4096,True,15.588363303530201,73.78697629483821,32
0,4,8,32,64,True,lustre,True,10,16,write,4096,True,15.644295790163548,73.78697629483821,32
0,4,8,32,64,True,lustre,True,10,16,write,4096,True,17.119333602604783,73.78697629483821,32
0,4,8,32,64,True,lustre,True,10,16,write,4096,True,12.255492847562373,73.78697629483821,32
0,4,8,32,64,True,lustre,True,10,16,write,4096,True,11.902441464478247,73.78697629483821,32
0,4,8,32,64,True,lustre,True,10,16,write,4096,True,16.763428501598025,73.78697629483821,32
0,4,8,32,64,True,lustre,True,10,16,write,4096,True,18.548174098899306,73.78697629483821,32
0,2,288,4,64,True,lustre,True,10,16,write,4096,True,19.482615137573855,166.02069666338596,576
0,2,288,4,64,True,lustre,True,10,16,write,4096,True,14.358513382328386,166.02069666338596,576
0,2,288,4,64,True,lustre,True,10,16,write,4096,True,7.3274673182417995,166.02069666338596,576
0,2,288,4,64,True,lustre,True,10,16,write,4096,True,8.726819603779104,166.02069666338596,576
0,2,288,4,64,True,lustre,True,10,16,write,4096,True,14.773149272732178,166.02069666338596,576
0,2,288,4,64,True,lustre,True,10,16,write,4096,True,21.46173634642416,166.02069666338596,576
0,2,288,4,64,True,lustre,True,10,16,write,4096,True,28.765183487313074,166.02069666338596,576
0,2,288,4,64,True,lustre,True,10,16,write,4096,True,33.53606128331735,166.02069666338596,576
0,2,288,4,64,True,lustre,True,10,16,write,4096,True,44.543170345790905,166.02069666338596,576
0,2,288,4,64,True,lustre,True,10,16,write,4096,True,41.616443971557906,166.02069666338596,576
0,8,24,1,64,True,lustre,True,10,16,write,4096,True,7.5126067503763405,13.835058055282163,192
0,8,24,1,64,True,lustre,True,10,16,write,4096,True,3.78825154136763,13.835058055282163,192
0,8,24,1,64,True,lustre,True,10,16,write,4096,True,7.469284513475963,13.835058055282163,192
0,8,24,1,64,True,lustre,True,10,16,write,4096,True,17.838026306444327,13.835058055282163,192
0,8,24,1,64,True,lustre,True,10,16,write,4096,True,8.821001279168598,13.835058055282163,192
0,8,24,1,64,True,lustre,True,10,16,write,4096,True,13.246777024844391,13.835058055282163,192
0,8,24,1,64,True,lustre,True,10,16,write,4096,True,7.937985479083498,13.835058055282163,192
0,8,24,1,64,True,lustre,True,10,16,write,4096,True,8.336050779128545,13.835058055282163,192
0,8,24,1,64,True,lustre,True,10,16,write,4096,True,15.081940953107793,13.835058055282163,192
0,8,24,1,64,True,lustre,True,10,16,write,4096,True,17.57473387589154,13.835058055282163,192
0,8,16,4,64,False,lustre,True,10,16,write,4096,True,6.879614102287971,36.893488147419106,128
0,8,16,4,64,False,lustre,True,10,16,write,4096,True,8.080268761286053,36.893488147419106,128
0,8,16,4,64,False,lustre,True,10,16,write,4096,True,7.986796239491775,36.893488147419106,128
0,8,16,4,64,False,lustre,True,10,16,write,4096,True,10.502590905131251,36.893488147419106,128
0,8,16,4,64,False,lustre,True,10,16,write,4096,True,11.821731832774688,36.893488147419106,128
0,8,16,4,64,False,lustre,True,10,16,write,4096,True,11.488429007601482,36.893488147419106,128
0,8,16,4,64,False,lustre,True,10,16,write,4096,True,11.215265760999992,36.893488147419106,128
0,8,16,4,64,False,lustre,True,10,16,write,4096,True,10.98145499633845,36.893488147419106,128
0,8,16,4,64,False,lustre,True,10,16,write,4096,True,11.537559961069753,36.893488147419106,128
0,8,16,4,64,False,lustre,True,10,16,write,4096,True,11.537487673481028,36.893488147419106,128
0,4,16,1,64,True,lustre,True,10,16,write,4096,True,9.994093331848338,4.611686018427388,64
0,4,16,1,64,True,lustre,True,10,16,write,4096,True,16.35783996106665,4.611686018427388,64
0,4,16,1,64,True,lustre,True,10,16,write,4096,True,20.141271135482523,4.611686018427388,64
0,4,16,1,64,True,lustre,True,10,16,write,4096,True,13.363519048895041,4.611686018427388,64
0,4,16,1,64,True,lustre,True,10,16,write,4096,True,20.209731917816985,4.611686018427388,64
0,4,16,1,64,True,lustre,True,10,16,write,4096,True,23.340731175074506,4.611686018427388,64
0,4,16,1,64,True,lustre,True,10,16,write,4096,True,22.116303952415638,4.611686018427388,64
0,4,16,1,64,True,lustre,True,10,16,write,4096,True,23.586490515300397,4.611686018427388,64
0,4,16,1,64,True,lustre,True,10,16,write,4096,True,32.437573648302944,4.611686018427388,64
0,4,16,1,64,True,lustre,True,10,16,write,4096,True,30.49708688825185,4.611686018427388,64
0,2,288,1,64,True,lustre,True,10,16,write,4096,True,6.985329357222034,41.50517416584649,576
0,2,288,1,64,True,lustre,True,10,16,write,4096,True,5.626723331915457,41.50517416584649,576
0,2,288,1,64,True,lustre,True,10,16,write,4096,True,11.956718827781673,41.50517416584649,576
0,2,288,1,64,True,lustre,True,10,16,write,4096,True,15.426526955115992,41.50517416584649,576
0,2,288,1,64,True,lustre,True,10,16,write,4096,True,24.142840150612834,41.50517416584649,576
0,2,288,1,64,True,lustre,True,10,16,write,4096,True,38.891384629952036,41.50517416584649,576
0,2,288,1,64,True,lustre,True,10,16,write,4096,True,44.474303373331445,41.50517416584649,576
0,2,288,1,64,True,lustre,True,10,16,write,4096,True,38.87804279689797,41.50517416584649,576
0,2,288,1,64,True,lustre,True,10,16,write,4096,True,38.20677255728193,41.50517416584649,576
0,2,288,1,64,True,lustre,True,10,16,write,4096,True,43.62943827198154,41.50517416584649,576
0,4,16,4,64,False,lustre,True,10,16,write,4096,True,3.464706966266794,18.446744073709553,64
0,4,16,4,64,False,lustre,True,10,16,write,4096,True,3.3243342225385333,18.446744073709553,64
0,4,16,4,64,False,lustre,True,10,16,write,4096,True,3.547632307666958,18.446744073709553,64
0,4,16,4,64,False,lustre,True,10,16,write,4096,True,4.929074877870507,18.446744073709553,64
0,4,16,4,64,False,lustre,True,10,16,write,4096,True,4.33265020487349,18.446744073709553,64
0,4,16,4,64,False,lustre,True,10,16,write,4096,True,4.7862353438333365,18.446744073709553,64
0,4,16,4,64,False,lustre,True,10,16,write,4096,True,4.654779258680718,18.446744073709553,64
0,4,16,4,64,False,lustre,True,10,16,write,4096,True,5.2509322359989286,18.446744073709553,64
0,4,16,4,64,False,lustre,True,10,16,write,4096,True,3.8519730196060795,18.446744073709553,64
0,4,16,4,64,False,lustre,True,10,16,write,4096,True,5.187997431012343,18.446744073709553,64
0,8,24,32,64,True,lustre,True,10,16,write,4096,True,22.452643238999162,442.7218577690292,192
0,8,24,32,64,True,lustre,True,10,16,write,4096,True,19.553956814722603,442.7218577690292,192
0,8,24,32,64,True,lustre,True,10,16,write,4096,True,14.315773678321069,442.7218577690292,192
0,8,24,32,64,True,lustre,True,10,16,write,4096,True,16.76048294720324,442.7218577690292,192
0,8,24,32,64,True,lustre,True,10,16,write,4096,True,16.678271624923973,442.7218577690292,192
0,8,24,32,64,True,lustre,True,10,16,write,4096,True,20.530154609477353,442.7218577690292,192
0,8,24,32,64,True,lustre,True,10,16,write,4096,True,20.27758150668391,442.7218577690292,192
0,8,24,32,64,True,lustre,True,10,16,write,4096,True,23.759121191929424,442.7218577690292,192
0,8,24,32,64,True,lustre,True,10,16,write,4096,True,20.229192412315008,442.7218577690292,192
0,8,24,32,64,True,lustre,True,10,16,write,4096,True,20.466310158063344,442.7218577690292,192
0,2,144,1,64,True,lustre,True,10,16,write,4096,True,7.624696377909508,20.752587082923245,288
0,2,144,1,64,True,lustre,True,10,16,write,4096,True,9.918164312927107,20.752587082923245,288
0,2,144,1,64,True,lustre,True,10,16,write,4096,True,9.02753843086993,20.752587082923245,288
0,2,144,1,64,True,lustre,True,10,16,write,4096,True,12.096658719009818,20.752587082923245,288
0,2,144,1,64,True,lustre,True,10,16,write,4096,True,19.98664292849719,20.752587082923245,288
0,2,144,1,64,True,lustre,True,10,16,write,4096,True,24.333770176152218,20.752587082923245,288
0,2,144,1,64,True,lustre,True,10,16,write,4096,True,28.061219993907848,20.752587082923245,288
0,2,144,1,64,True,lustre,True,10,16,write,4096,True,29.816301968439568,20.752587082923245,288
0,2,144,1,64,True,lustre,True,10,16,write,4096,True,28.097813986949227,20.752587082923245,288
0,2,144,1,64,True,lustre,True,10,16,write,4096,True,33.74056440090367,20.752587082923245,288
0,1,16,32,64,True,lustre,True,10,16,write,4096,True,12.087093775536312,36.893488147419106,16
0,1,16,32,64,True,lustre,True,10,16,write,4096,True,11.31720630507373,36.893488147419106,16
0,1,16,32,64,True,lustre,True,10,16,write,4096,True,11.225161130737643,36.893488147419106,16
0,1,16,32,64,True,lustre,True,10,16,write,4096,True,11.926950791212457,36.893488147419106,16
0,1,16,32,64,True,lustre,True,10,16,write,4096,True,10.948596413331268,36.893488147419106,16
0,1,16,32,64,True,lustre,True,10,16,write,4096,True,11.318947284755787,36.893488147419106,16
0,1,16,32,64,True,lustre,True,10,16,write,4096,True,8.487592330407763,36.893488147419106,16
0,1,16,32,64,True,lustre,True,10,16,write,4096,True,8.298304082267812,36.893488147419106,16
0,1,16,32,64,True,lustre,True,10,16,write,4096,True,8.416056256554137,36.893488147419106,16
0,1,16,32,64,True,lustre,True,10,16,write,4096,True,8.86721197116754,36.893488147419106,16
0,2,288,1,64,False,lustre,True,10,16,write,4096,True,1.6206443011152052,41.50517416584649,576
0,2,288,1,64,False,lustre,True,10,16,write,4096,True,1.5762403431809853,41.50517416584649,576
0,2,288,1,64,False,lustre,True,10,16,write,4096,True,1.9996978052082934,41.50517416584649,576
0,2,288,1,64,False,lustre,True,10,16,write,4096,True,2.280399635870771,41.50517416584649,576
0,2,288,1,64,False,lustre,True,10,16,write,4096,True,1.8428655503845586,41.50517416584649,576
0,2,288,1,64,False,lustre,True,10,16,write,4096,True,1.820852083543235,41.50517416584649,576
0,2,288,1,64,False,lustre,True,10,16,write,4096,True,1.8031240502698802,41.50517416584649,576
0,2,288,1,64,False,lustre,True,10,16,write,4096,True,1.8445632934719334,41.50517416584649,576
0,2,288,1,64,False,lustre,True,10,16,write,4096,True,1.8854539964600667,41.50517416584649,576
0,2,288,1,64,False,lustre,True,10,16,write,4096,True,1.9085503066290526,41.50517416584649,576
0,4,12,1,64,True,lustre,True,10,16,write,4096,True,9.756113247549923,3.4587645138205407,48
0,4,12,1,64,True,lustre,True,10,16,write,4096,True,21.29747283005982,3.4587645138205407,48
0,4,12,1,64,True,lustre,True,10,16,write,4096,True,12.91662071681931,3.4587645138205407,48
0,4,12,1,64,True,lustre,True,10,16,write,4096,True,19.713520914355925,3.4587645138205407,48
0,4,12,1,64,True,lustre,True,10,16,write,4096,True,14.054079357336894,3.4587645138205407,48
0,4,12,1,64,True,lustre,True,10,16,write,4096,True,22.639132502190336,3.4587645138205407,48
0,4,12,1,64,True,lustre,True,10,16,write,4096,True,13.212841495684408,3.4587645138205407,48
0,4,12,1,64,True,lustre,True,10,16,write,4096,True,15.629580436568379,3.4587645138205407,48
0,4,12,1,64,True,lustre,True,10,16,write,4096,True,18.151902395583875,3.4587645138205407,48
0,4,12,1,64,True,lustre,True,10,16,write,4096,True,19.66049892460992,3.4587645138205407,48
0,8,1,4,64,True,lustre,True,10,16,write,4096,True,14.382459810071303,2.305843009213694,8
0,8,1,4,64,True,lustre,True,10,16,write,4096,True,16.31932580660443,2.305843009213694,8
0,8,1,4,64,True,lustre,True,10,16,write,4096,True,13.79759878061611,2.305843009213694,8
0,8,1,4,64,True,lustre,True,10,16,write,4096,True,16.325507323465768,2.305843009213694,8
0,8,1,4,64,True,lustre,True,10,16,write,4096,True,18.490313976617745,2.305843009213694,8
0,8,1,4,64,True,lustre,True,10,16,write,4096,True,13.517200007970118,2.305843009213694,8
0,8,1,4,64,True,lustre,True,10,16,write,4096,True,14.620628219292058,2.305843009213694,8
0,8,1,4,64,True,lustre,True,10,16,write,4096,True,6.675172246781832,2.305843009213694,8
0,8,1,4,64,True,lustre,True,10,16,write,4096,True,17.01844244995588,2.305843009213694,8
0,8,1,4,64,True,lustre,True,10,16,write,4096,True,17.323500544431734,2.305843009213694,8
0,2,2,1,64,False,lustre,True,10,16,write,4096,True,0.9997193818699202,0.28823037615171176,4
0,2,2,1,64,False,lustre,True,10,16,write,4096,True,1.2397006318906612,0.28823037615171176,4
0,2,2,1,64,False,lustre,True,10,16,write,4096,True,1.1961585193898514,0.28823037615171176,4
0,2,2,1,64,False,lustre,True,10,16,write,4096,True,1.8603495194630102,0.28823037615171176,4
0,2,2,1,64,False,lustre,True,10,16,write,4096,True,1.6410637036112197,0.28823037615171176,4
0,2,2,1,64,False,lustre,True,10,16,write,4096,True,2.5209456053844663,0.28823037615171176,4
0,2,2,1,64,False,lustre,True,10,16,write,4096,True,3.244710008140942,0.28823037615171176,4
0,2,2,1,64,False,lustre,True,10,16,write,4096,True,3.808602698570739,0.28823037615171176,4
0,2,2,1,64,False,lustre,True,10,16,write,4096,True,4.001747954468049,0.28823037615171176,4
0,2,2,1,64,False,lustre,True,10,16,write,4096,True,3.812989500136647,0.28823037615171176,4
0,2,1,4,64,True,lustre,True,10,16,write,4096,True,3.6574795530761994,0.5764607523034235,2
0,2,1,4,64,True,lustre,True,10,16,write,4096,True,5.077386792132625,0.5764607523034235,2
0,2,1,4,64,True,lustre,True,10,16,write,4096,True,5.518596859627824,0.5764607523034235,2
0,2,1,4,64,True,lustre,True,10,16,write,4096,True,6.151962532528997,0.5764607523034235,2
0,2,1,4,64,True,lustre,True,10,16,write,4096,True,5.588836628272888,0.5764607523034235,2
0,2,1,4,64,True,lustre,True,10,16,write,4096,True,6.352453799866924,0.5764607523034235,2
0,2,1,4,64,True,lustre,True,10,16,write,4096,True,4.292658326595842,0.5764607523034235,2
0,2,1,4,64,True,lustre,True,10,16,write,4096,True,4.414715064740813,0.5764607523034235,2
0,2,1,4,64,True,lustre,True,10,16,write,4096,True,5.15437416074961,0.5764607523034235,2
0,2,1,4,64,True,lustre,True,10,16,write,4096,True,6.051202597692712,0.5764607523034235,2
0,1,16,32,64,False,lustre,True,10,16,write,4096,True,1.1030992353010336,36.893488147419106,16
0,1,16,32,64,False,lustre,True,10,16,write,4096,True,1.1083562356291703,36.893488147419106,16
0,1,16,32,64,False,lustre,True,10,16,write,4096,True,1.1161507977325933,36.893488147419106,16
0,1,16,32,64,False,lustre,True,10,16,write,4096,True,1.1793253010366873,36.893488147419106,16
0,1,16,32,64,False,lustre,True,10,16,write,4096,True,1.2807454971967256,36.893488147419106,16
0,1,16,32,64,False,lustre,True,10,16,write,4096,True,1.528345909634026,36.893488147419106,16
0,1,16,32,64,False,lustre,True,10,16,write,4096,True,1.758413143410093,36.893488147419106,16
0,1,16,32,64,False,lustre,True,10,16,write,4096,True,2.0399199547030804,36.893488147419106,16
0,1,16,32,64,False,lustre,True,10,16,write,4096,True,2.154509001469059,36.893488147419106,16
0,1,16,32,64,False,lustre,True,10,16,write,4096,True,2.8520214640729615,36.893488147419106,16
0,4,288,4,64,True,lustre,True,10,16,write,4096,True,29.733514998519006,332.0413933267719,1152
0,4,288,4,64,True,lustre,True,10,16,write,4096,True,18.893163876305444,332.0413933267719,1152
0,4,288,4,64,True,lustre,True,10,16,write,4096,True,13.879048002287753,332.0413933267719,1152
0,4,288,4,64,True,lustre,True,10,16,write,4096,True,19.203102046673198,332.0413933267719,1152
0,4,288,4,64,True,lustre,True,10,16,write,4096,True,25.6938753787775,332.0413933267719,1152
0,4,288,4,64,True,lustre,True,10,16,write,4096,True,40.75010892082758,332.0413933267719,1152
0,4,288,4,64,True,lustre,True,10,16,write,4096,True,40.5745111580107,332.0413933267719,1152
0,4,288,4,64,True,lustre,True,10,16,write,4096,True,60.04037298726437,332.0413933267719,1152
0,4,288,4,64,True,lustre,True,10,16,write,4096,True,83.92826904973424,332.0413933267719,1152
0,4,288,4,64,True,lustre,True,10,16,write,4096,True,107.9645762260245,332.0413933267719,1152
0,1,16,1,64,False,lustre,True,10,16,write,4096,True,1.1993549649537447,1.152921504606847,16
0,1,16,1,64,False,lustre,True,10,16,write,4096,True,1.185923597880711,1.152921504606847,16
0,1,16,1,64,False,lustre,True,10,16,write,4096,True,1.2235834946909971,1.152921504606847,16
0,1,16,1,64,False,lustre,True,10,16,write,4096,True,1.1895301407127137,1.152921504606847,16
0,1,16,1,64,False,lustre,True,10,16,write,4096,True,1.167574601337525,1.152921504606847,16
0,1,16,1,64,False,lustre,True,10,16,write,4096,True,1.1997780726089873,1.152921504606847,16
0,1,16,1,64,False,lustre,True,10,16,write,4096,True,1.144163244468276,1.152921504606847,16
0,1,16,1,64,False,lustre,True,10,16,write,4096,True,1.12615683197919,1.152921504606847,16
0,1,16,1,64,False,lustre,True,10,16,write,4096,True,1.172837679067937,1.152921504606847,16
0,1,16,1,64,False,lustre,True,10,16,write,4096,True,1.0937220477404521,1.152921504606847,16
0,1,144,4,64,True,lustre,True,10,16,write,4096,True,11.367938648834674,41.50517416584649,144
0,1,144,4,64,True,lustre,True,10,16,write,4096,True,10.509953417261672,41.50517416584649,144
0,1,144,4,64,True,lustre,True,10,16,write,4096,True,5.870855739369883,41.50517416584649,144
0,1,144,4,64,True,lustre,True,10,16,write,4096,True,6.468175935084169,41.50517416584649,144
0,1,144,4,64,True,lustre,True,10,16,write,4096,True,8.559988264379816,41.50517416584649,144
0,1,144,4,64,True,lustre,True,10,16,write,4096,True,13.344681699778743,41.50517416584649,144
0,1,144,4,64,True,lustre,True,10,16,write,4096,True,19.073251244713624,41.50517416584649,144
0,1,144,4,64,True,lustre,True,10,16,write,4096,True,21.091403839220135,41.50517416584649,144
0,1,144,4,64,True,lustre,True,10,16,write,4096,True,25.68329652615007,41.50517416584649,144
0,1,144,4,64,True,lustre,True,10,16,write,4096,True,26.647649953673724,41.50517416584649,144
0,1,2,32,64,True,lustre,True,10,16,write,4096,True,2.882893378292088,4.611686018427388,2
0,1,2,32,64,True,lustre,True,10,16,write,4096,True,2.9636838218190693,4.611686018427388,2
0,1,2,32,64,True,lustre,True,10,16,write,4096,True,2.6391048525182117,4.611686018427388,2
0,1,2,32,64,True,lustre,True,10,16,write,4096,True,2.8596199348144395,4.611686018427388,2
0,1,2,32,64,True,lustre,True,10,16,write,4096,True,2.93491716217624,4.611686018427388,2
0,1,2,32,64,True,lustre,True,10,16,write,4096,True,2.851060858582557,4.611686018427388,2
0,1,2,32,64,True,lustre,True,10,16,write,4096,True,2.5282375280938,4.611686018427388,2
0,1,2,32,64,True,lustre,True,10,16,write,4096,True,2.8690739432677455,4.611686018427388,2
0,1,2,32,64,True,lustre,True,10,16,write,4096,True,2.4608324076231423,4.611686018427388,2
0,1,2,32,64,True,lustre,True,10,16,write,4096,True,3.0261071373808193,4.611686018427388,2
0,4,8,4,64,False,lustre,True,10,16,write,4096,True,3.4133607369827823,9.223372036854776,32
0,4,8,4,64,False,lustre,True,10,16,write,4096,True,3.2611909385119717,9.223372036854776,32
0,4,8,4,64,False,lustre,True,10,16,write,4096,True,3.469041153358894,9.223372036854776,32
0,4,8,4,64,False,lustre,True,10,16,write,4096,True,3.8854315013788465,9.223372036854776,32
0,4,8,4,64,False,lustre,True,10,16,write,4096,True,4.928545253066826,9.223372036854776,32
0,4,8,4,64,False,lustre,True,10,16,write,4096,True,5.730286922747724,9.223372036854776,32
0,4,8,4,64,False,lustre,True,10,16,write,4096,True,5.833035259679169,9.223372036854776,32
0,4,8,4,64,False,lustre,True,10,16,write,4096,True,5.763264738202967,9.223372036854776,32
0,4,8,4,64,False,lustre,True,10,16,write,4096,True,5.780734863244462,9.223372036854776,32
0,4,8,4,64,False,lustre,True,10,16,write,4096,True,5.689098205732102,9.223372036854776,32
0,1,1,1,64,False,lustre,True,10,16,write,4096,True,1.2038702383518833,0.07205759403792794,1
0,1,1,1,64,False,lustre,True,10,16,write,4096,True,1.6712200942483175,0.07205759403792794,1
0,1,1,1,64,False,lustre,True,10,16,write,4096,True,1.6361054180729537,0.07205759403792794,1
0,1,1,1,64,False,lustre,True,10,16,write,4096,True,1.6354832019562309,0.07205759403792794,1
0,1,1,1,64,False,lustre,True,10,16,write,4096,True,1.6828533772307521,0.07205759403792794,1
0,1,1,1,64,False,lustre,True,10,16,write,4096,True,1.6436029100813234,0.07205759403792794,1
0,1,1,1,64,False,lustre,True,10,16,write,4096,True,1.6690286727856765,0.07205759403792794,1
0,1,1,1,64,False,lustre,True,10,16,write,4096,True,1.6443955803022858,0.07205759403792794,1
0,1,1,1,64,False,lustre,True,10,16,write,4096,True,1.6648691018863662,0.07205759403792794,1
0,1,1,1,64,False,lustre,True,10,16,write,4096,True,1.669745351686958,0.07205759403792794,1
0,1,2,4,64,False,lustre,True,10,16,write,4096,True,1.303211658660142,0.5764607523034235,2
0,1,2,4,64,False,lustre,True,10,16,write,4096,True,1.352162465704785,0.5764607523034235,2
0,1,2,4,64,False,lustre,True,10,16,write,4096,True,1.352860743502248,0.5764607523034235,2
0,1,2,4,64,False,lustre,True,10,16,write,4096,True,1.2925178180487356,0.5764607523034235,2
0,1,2,4,64,False,lustre,True,10,16,write,4096,True,1.1984379050200793,0.5764607523034235,2
0,1,2,4,64,False,lustre,True,10,16,write,4096,True,1.1467123752031017,0.5764607523034235,2
0,1,2,4,64,False,lustre,True,10,16,write,4096,True,1.1602769497077157,0.5764607523034235,2
0,1,2,4,64,False,lustre,True,10,16,write,4096,True,1.3392519385979766,0.5764607523034235,2
0,1,2,4,64,False,lustre,True,10,16,write,4096,True,1.212021669592778,0.5764607523034235,2
0,1,2,4,64,False,lustre,True,10,16,write,4096,True,1.3033781497976897,0.5764607523034235,2
0,2,12,4,64,True,lustre,True,10,16,write,4096,True,22.492434634269177,6.9175290276410815,24
0,2,12,4,64,True,lustre,True,10,16,write,4096,True,24.434464586774368,6.9175290276410815,24
0,2,12,4,64,True,lustre,True,10,16,write,4096,True,23.084082007375333,6.9175290276410815,24
0,2,12,4,64,True,lustre,True,10,16,write,4096,True,25.21250337423495,6.9175290276410815,24
0,2,12,4,64,True,lustre,True,10,16,write,4096,True,22.281155475450152,6.9175290276410815,24
0,2,12,4,64,True,lustre,True,10,16,write,4096,True,23.053775583794568,6.9175290276410815,24
0,2,12,4,64,True,lustre,True,10,16,write,4096,True,23.282847281788335,6.9175290276410815,24
0,2,12,4,64,True,lustre,True,10,16,write,4096,True,23.391250440241816,6.9175290276410815,24
0,2,12,4,64,True,lustre,True,10,16,write,4096,True,19.980085956441137,6.9175290276410815,24
0,2,12,4,64,True,lustre,True,10,16,write,4096,True,22.76083994537405,6.9175290276410815,24
0,1,12,4,64,True,lustre,True,10,16,write,4096,True,12.758379185032073,3.4587645138205407,12
0,1,12,4,64,True,lustre,True,10,16,write,4096,True,11.013654310321167,3.4587645138205407,12
0,1,12,4,64,True,lustre,True,10,16,write,4096,True,13.788763970458914,3.4587645138205407,12
0,1,12,4,64,True,lustre,True,10,16,write,4096,True,10.852078077516735,3.4587645138205407,12
0,1,12,4,64,True,lustre,True,10,16,write,4096,True,15.166644933715688,3.4587645138205407,12
0,1,12,4,64,True,lustre,True,10,16,write,4096,True,14.826123887666387,3.4587645138205407,12
0,1,12,4,64,True,lustre,True,10,16,write,4096,True,15.846774765548075,3.4587645138205407,12
0,1,12,4,64,True,lustre,True,10,16,write,4096,True,14.406467842878582,3.4587645138205407,12
0,1,12,4,64,True,lustre,True,10,16,write,4096,True,17.24900124911585,3.4587645138205407,12
0,1,12,4,64,True,lustre,True,10,16,write,4096,True,16.67226521929669,3.4587645138205407,12
0,1,8,32,64,False,lustre,True,10,16,write,4096,True,1.1000748610357136,18.446744073709553,8
0,1,8,32,64,False,lustre,True,10,16,write,4096,True,1.1459147997942825,18.446744073709553,8
0,1,8,32,64,False,lustre,True,10,16,write,4096,True,1.3364179774339613,18.446744073709553,8
0,1,8,32,64,False,lustre,True,10,16,write,4096,True,1.7381570505896493,18.446744073709553,8
0,1,8,32,64,False,lustre,True,10,16,write,4096,True,2.1633294739308835,18.446744073709553,8
0,1,8,32,64,False,lustre,True,10,16,write,4096,True,2.2301629426466527,18.446744073709553,8
0,1,8,32,64,False,lustre,True,10,16,write,4096,True,2.26646810916243,18.446744073709553,8
0,1,8,32,64,False,lustre,True,10,16,write,4096,True,2.304021605572165,18.446744073709553,8
0,1,8,32,64,False,lustre,True,10,16,write,4096,True,3.018568981458485,18.446744073709553,8
0,1,8,32,64,False,lustre,True,10,16,write,4096,True,3.3227393218835544,18.446744073709553,8
0,4,288,1,64,True,lustre,True,10,16,write,4096,True,10.130702909163231,83.01034833169298,1152
0,4,288,1,64,True,lustre,True,10,16,write,4096,True,8.35784109829916,83.01034833169298,1152
0,4,288,1,64,True,lustre,True,10,16,write,4096,True,7.885147443793799,83.01034833169298,1152
0,4,288,1,64,True,lustre,True,10,16,write,4096,True,7.157224207691573,83.01034833169298,1152
0,4,288,1,64,True,lustre,True,10,16,write,4096,True,8.156727957037116,83.01034833169298,1152
0,4,288,1,64,True,lustre,True,10,16,write,4096,True,9.74100999849489,83.01034833169298,1152
0,4,288,1,64,True,lustre,True,10,16,write,4096,True,9.683829357014965,83.01034833169298,1152
0,4,288,1,64,True,lustre,True,10,16,write,4096,True,14.300175435911092,83.01034833169298,1152
0,4,288,1,64,True,lustre,True,10,16,write,4096,True,15.795112480170404,83.01034833169298,1152
0,4,288,1,64,True,lustre,True,10,16,write,4096,True,15.772022914110693,83.01034833169298,1152
0,4,16,32,64,False,lustre,True,10,16,write,4096,True,3.380197965420999,147.57395258967642,64
0,4,16,32,64,False,lustre,True,10,16,write,4096,True,3.7262686909178444,147.57395258967642,64
0,4,16,32,64,False,lustre,True,10,16,write,4096,True,3.713239399610452,147.57395258967642,64
0,4,16,32,64,False,lustre,True,10,16,write,4096,True,4.769223199109651,147.57395258967642,64
0,4,16,32,64,False,lustre,True,10,16,write,4096,True,6.893425840345795,147.57395258967642,64
0,4,16,32,64,False,lustre,True,10,16,write,4096,True,7.93263070650785,147.57395258967642,64
0,4,16,32,64,False,lustre,True,10,16,write,4096,True,12.484121576515276,147.57395258967642,64
0,4,16,32,64,False,lustre,True,10,16,write,4096,True,15.239893560242496,147.57395258967642,64
0,4,16,32,64,False,lustre,True,10,16,write,4096,True,16.269161381191424,147.57395258967642,64
0,4,16,32,64,False,lustre,True,10,16,write,4096,True,27.09030334235437,147.57395258967642,64
0,4,24,4,64,True,lustre,True,10,16,write,4096,True,32.57299403288619,27.670116110564326,96
0,4,24,4,64,True,lustre,True,10,16,write,4096,True,31.640950814200277,27.670116110564326,96
0,4,24,4,64,True,lustre,True,10,16,write,4096,True,35.65478613811002,27.670116110564326,96
0,4,24,4,64,True,lustre,True,10,16,write,4096,True,35.485515642034485,27.670116110564326,96
0,4,24,4,64,True,lustre,True,10,16,write,4096,True,32.582555833601,27.670116110564326,96
0,4,24,4,64,True,lustre,True,10,16,write,4096,True,32.047810872675946,27.670116110564326,96
0,4,24,4,64,True,lustre,True,10,16,write,4096,True,34.603045483828346,27.670116110564326,96
0,4,24,4,64,True,lustre,True,10,16,write,4096,True,33.62718480841244,27.670116110564326,96
0,4,24,4,64,True,lustre,True,10,16,write,4096,True,33.798854799780116,27.670116110564326,96
0,4,24,4,64,True,lustre,True,10,16,write,4096,True,40.71401843651993,27.670116110564326,96
0,4,1,1,64,True,lustre,True,10,16,write,4096,True,3.340685554524151,0.28823037615171176,4
0,4,1,1,64,True,lustre,True,10,16,write,4096,True,7.6022795217027195,0.28823037615171176,4
0,4,1,1,64,True,lustre,True,10,16,write,4096,True,7.482215041803761,0.28823037615171176,4
0,4,1,1,64,True,lustre,True,10,16,write,4096,True,7.480878443416936,0.28823037615171176,4
0,4,1,1,64,True,lustre,True,10,16,write,4096,True,5.544569788534788,0.28823037615171176,4
0,4,1,1,64,True,lustre,True,10,16,write,4096,True,8.31972045464174,0.28823037615171176,4
0,4,1,1,64,True,lustre,True,10,16,write,4096,True,6.951819789522762,0.28823037615171176,4
0,4,1,1,64,True,lustre,True,10,16,write,4096,True,5.607796983627102,0.28823037615171176,4
0,4,1,1,64,True,lustre,True,10,16,write,4096,True,14.202474290136092,0.28823037615171176,4
0,4,1,1,64,True,lustre,True,10,16,write,4096,True,13.35429355459155,0.28823037615171176,4
0,8,1,1,64,True,lustre,True,10,16,write,4096,True,2.494002697180836,0.5764607523034235,8
0,8,1,1,64,True,lustre,True,10,16,write,4096,True,13.688184218465146,0.5764607523034235,8
0,8,1,1,64,True,lustre,True,10,16,write,4096,True,12.997158239775036,0.5764607523034235,8
0,8,1,1,64,True,lustre,True,10,16,write,4096,True,7.905594925836405,0.5764607523034235,8
0,8,1,1,64,True,lustre,True,10,16,write,4096,True,10.657916365624757,0.5764607523034235,8
0,8,1,1,64,True,lustre,True,10,16,write,4096,True,10.415104096530875,0.5764607523034235,8
0,8,1,1,64,True,lustre,True,10,16,write,4096,True,6.546515267219173,0.5764607523034235,8
0,8,1,1,64,True,lustre,True,10,16,write,4096,True,7.056916941305691,0.5764607523034235,8
0,8,1,1,64,True,lustre,True,10,16,write,4096,True,6.068613615967195,0.5764607523034235,8
0,8,1,1,64,True,lustre,True,10,16,write,4096,True,20.15826246092211,0.5764607523034235,8
0,1,8,32,64,True,lustre,True,10,16,write,4096,True,8.355581352980014,18.446744073709553,8
0,1,8,32,64,True,lustre,True,10,16,write,4096,True,8.202801355915255,18.446744073709553,8
0,1,8,32,64,True,lustre,True,10,16,write,4096,True,6.092471259084257,18.446744073709553,8
0,1,8,32,64,True,lustre,True,10,16,write,4096,True,4.961749919127229,18.446744073709553,8
0,1,8,32,64,True,lustre,True,10,16,write,4096,True,8.285014157142689,18.446744073709553,8
0,1,8,32,64,True,lustre,True,10,16,write,4096,True,7.987596594466923,18.446744073709553,8
0,1,8,32,64,True,lustre,True,10,16,write,4096,True,8.371301238039141,18.446744073709553,8
0,1,8,32,64,True,lustre,True,10,16,write,4096,True,7.907125292023853,18.446744073709553,8
0,1,8,32,64,True,lustre,True,10,16,write,4096,True,6.0694263472877035,18.446744073709553,8
0,1,8,32,64,True,lustre,True,10,16,write,4096,True,5.999098438984002,18.446744073709553,8
0,2,24,32,64,True,lustre,True,10,16,write,4096,True,19.93079318201678,110.6804644422573,48
0,2,24,32,64,True,lustre,True,10,16,write,4096,True,15.807720970393158,110.6804644422573,48
0,2,24,32,64,True,lustre,True,10,16,write,4096,True,15.935473167746409,110.6804644422573,48
0,2,24,32,64,True,lustre,True,10,16,write,4096,True,17.849797567286444,110.6804644422573,48
0,2,24,32,64,True,lustre,True,10,16,write,4096,True,14.97613344840031,110.6804644422573,48
0,2,24,32,64,True,lustre,True,10,16,write,4096,True,11.63434280207931,110.6804644422573,48
0,2,24,32,64,True,lustre,True,10,16,write,4096,True,9.86753133986486,110.6804644422573,48
0,2,24,32,64,True,lustre,True,10,16,write,4096,True,11.765718056091861,110.6804644422573,48
0,2,24,32,64,True,lustre,True,10,16,write,4096,True,11.894105841977394,110.6804644422573,48
0,2,24,32,64,True,lustre,True,10,16,write,4096,True,12.590644773799772,110.6804644422573,48
0,4,24,1,64,False,lustre,True,10,16,write,4096,True,3.8260119456415684,6.9175290276410815,96
0,4,24,1,64,False,lustre,True,10,16,write,4096,True,3.359068443126004,6.9175290276410815,96
0,4,24,1,64,False,lustre,True,10,16,write,4096,True,2.843439333447028,6.9175290276410815,96
0,4,24,1,64,False,lustre,True,10,16,write,4096,True,3.670328774557314,6.9175290276410815,96
0,4,24,1,64,False,lustre,True,10,16,write,4096,True,3.2962819403363404,6.9175290276410815,96
0,4,24,1,64,False,lustre,True,10,16,write,4096,True,3.2464880921351513,6.9175290276410815,96
0,4,24,1,64,False,lustre,True,10,16,write,4096,True,3.6004844936010603,6.9175290276410815,96
0,4,24,1,64,False,lustre,True,10,16,write,4096,True,3.2381195870347215,6.9175290276410815,96
0,4,24,1,64,False,lustre,True,10,16,write,4096,True,3.6242596499527124,6.9175290276410815,96
0,4,24,1,64,False,lustre,True,10,16,write,4096,True,3.4691576470485233,6.9175290276410815,96
0,8,144,32,64,True,lustre,True,10,16,write,4096,True,26.293669020159005,2656.3311466141754,1152
0,8,144,32,64,True,lustre,True,10,16,write,4096,True,18.87600744847193,2656.3311466141754,1152
0,8,144,32,64,True,lustre,True,10,16,write,4096,True,14.129791868418152,2656.3311466141754,1152
0,8,144,32,64,True,lustre,True,10,16,write,4096,True,16.595917489339826,2656.3311466141754,1152
0,8,144,32,64,True,lustre,True,10,16,write,4096,True,18.798981727090933,2656.3311466141754,1152
0,8,144,32,64,True,lustre,True,10,16,write,4096,True,14.428634393258305,2656.3311466141754,1152
0,8,144,32,64,True,lustre,True,10,16,write,4096,True,17.47906225527257,2656.3311466141754,1152
0,8,144,32,64,True,lustre,True,10,16,write,4096,True,20.021759064982017,2656.3311466141754,1152
0,8,144,32,64,True,lustre,True,10,16,write,4096,True,32.759447079806534,2656.3311466141754,1152
0,8,144,32,64,True,lustre,True,10,16,write,4096,True,30.217914557278228,2656.3311466141754,1152
0,2,8,4,64,False,lustre,True,10,16,write,4096,True,1.742192762760866,4.611686018427388,16
0,2,8,4,64,False,lustre,True,10,16,write,4096,True,1.7917911865512226,4.611686018427388,16
0,2,8,4,64,False,lustre,True,10,16,write,4096,True,1.8076825548088082,4.611686018427388,16
0,2,8,4,64,False,lustre,True,10,16,write,4096,True,1.9075165792377684,4.611686018427388,16
0,2,8,4,64,False,lustre,True,10,16,write,4096,True,1.952068664661336,4.611686018427388,16
0,2,8,4,64,False,lustre,True,10,16,write,4096,True,2.0145203161594374,4.611686018427388,16
0,2,8,4,64,False,lustre,True,10,16,write,4096,True,2.0068966118404075,4.611686018427388,16
0,2,8,4,64,False,lustre,True,10,16,write,4096,True,1.9793969642192535,4.611686018427388,16
0,2,8,4,64,False,lustre,True,10,16,write,4096,True,2.1199992317201657,4.611686018427388,16
0,2,8,4,64,False,lustre,True,10,16,write,4096,True,2.1381693642374953,4.611686018427388,16
0,4,2,32,64,False,lustre,True,10,16,write,4096,True,5.5873476687700085,18.446744073709553,8
0,4,2,32,64,False,lustre,True,10,16,write,4096,True,5.579573527487279,18.446744073709553,8
0,4,2,32,64,False,lustre,True,10,16,write,4096,True,5.5201560963967635,18.446744073709553,8
0,4,2,32,64,False,lustre,True,10,16,write,4096,True,5.512521753052304,18.446744073709553,8
0,4,2,32,64,False,lustre,True,10,16,write,4096,True,5.563648069808035,18.446744073709553,8
0,4,2,32,64,False,lustre,True,10,16,write,4096,True,5.413527806370868,18.446744073709553,8
0,4,2,32,64,False,lustre,True,10,16,write,4096,True,5.62367577515848,18.446744073709553,8
0,4,2,32,64,False,lustre,True,10,16,write,4096,True,5.715992346353415,18.446744073709553,8
0,4,2,32,64,False,lustre,True,10,16,write,4096,True,5.280429740504907,18.446744073709553,8
0,4,2,32,64,False,lustre,True,10,16,write,4096,True,5.667258436644146,18.446744073709553,8
0,4,144,32,64,False,lustre,True,10,16,write,4096,True,2.961826769628237,1328.1655733070877,576
0,4,144,32,64,False,lustre,True,10,16,write,4096,True,3.493997546062008,1328.1655733070877,576
0,4,144,32,64,False,lustre,True,10,16,write,4096,True,4.716991983431985,1328.1655733070877,576
0,4,144,32,64,False,lustre,True,10,16,write,4096,True,5.706644614803308,1328.1655733070877,576
0,4,144,32,64,False,lustre,True,10,16,write,4096,True,8.131706339906602,1328.1655733070877,576
0,4,144,32,64,False,lustre,True,10,16,write,4096,True,8.399137392308889,1328.1655733070877,576
0,4,144,32,64,False,lustre,True,10,16,write,4096,True,6.072238232446781,1328.1655733070877,576
0,4,144,32,64,False,lustre,True,10,16,write,4096,True,8.391990155630266,1328.1655733070877,576
0,4,144,32,64,False,lustre,True,10,16,write,4096,True,12.414058321625351,1328.1655733070877,576
0,4,144,32,64,False,lustre,True,10,16,write,4096,True,13.363101240967934,1328.1655733070877,576
0,2,144,4,64,False,lustre,True,10,16,write,4096,True,2.070836027819193,83.01034833169298,288
0,2,144,4,64,False,lustre,True,10,16,write,4096,True,1.6393359078925058,83.01034833169298,288
0,2,144,4,64,False,lustre,True,10,16,write,4096,True,2.642754352779478,83.01034833169298,288
0,2,144,4,64,False,lustre,True,10,16,write,4096,True,2.642944987954044,83.01034833169298,288
0,2,144,4,64,False,lustre,True,10,16,write,4096,True,1.371649010356477,83.01034833169298,288
0,2,144,4,64,False,lustre,True,10,16,write,4096,True,2.3127014143606934,83.01034833169298,288
0,2,144,4,64,False,lustre,True,10,16,write,4096,True,2.2679849701017294,83.01034833169298,288
0,2,144,4,64,False,lustre,True,10,16,write,4096,True,2.2974934957104076,83.01034833169298,288
0,2,144,4,64,False,lustre,True,10,16,write,4096,True,2.422518015821785,83.01034833169298,288
0,2,144,4,64,False,lustre,True,10,16,write,4096,True,2.305745564697228,83.01034833169298,288
0,1,2,1,64,False,lustre,True,10,16,write,4096,True,1.1213909921867287,0.14411518807585588,2
0,1,2,1,64,False,lustre,True,10,16,write,4096,True,1.1915921249786277,0.14411518807585588,2
0,1,2,1,64,False,lustre,True,10,16,write,4096,True,1.3728272967929693,0.14411518807585588,2
0,1,2,1,64,False,lustre,True,10,16,write,4096,True,1.0480008604028714,0.14411518807585588,2
0,1,2,1,64,False,lustre,True,10,16,write,4096,True,0.9869397613885911,0.14411518807585588,2
0,1,2,1,64,False,lustre,True,10,16,write,4096,True,1.3794208285104372,0.14411518807585588,2
0,1,2,1,64,False,lustre,True,10,16,write,4096,True,0.5670465696545914,0.14411518807585588,2
0,1,2,1,64,False,lustre,True,10,16,write,4096,True,1.427349008042264,0.14411518807585588,2
0,1,2,1,64,False,lustre,True,10,16,write,4096,True,1.3657153012754693,0.14411518807585588,2
0,1,2,1,64,False,lustre,True,10,16,write,4096,True,1.3556864651566622,0.14411518807585588,2
0,2,2,1,64,True,lustre,True,10,16,write,4096,True,6.895486149251132,0.28823037615171176,4
0,2,2,1,64,True,lustre,True,10,16,write,4096,True,5.902980312251826,0.28823037615171176,4
0,2,2,1,64,True,lustre,True,10,16,write,4096,True,8.510138630336767,0.28823037615171176,4
0,2,2,1,64,True,lustre,True,10,16,write,4096,True,6.516092063227035,0.28823037615171176,4
0,2,2,1,64,True,lustre,True,10,16,write,4096,True,11.279455638978362,0.28823037615171176,4
0,2,2,1,64,True,lustre,True,10,16,write,4096,True,4.687714682607292,0.28823037615171176,4
0,2,2,1,64,True,lustre,True,10,16,write,4096,True,6.9269722606196025,0.28823037615171176,4
0,2,2,1,64,True,lustre,True,10,16,write,4096,True,5.020770713688887,0.28823037615171176,4
0,2,2,1,64,True,lustre,True,10,16,write,4096,True,10.040739895734768,0.28823037615171176,4
0,2,2,1,64,True,lustre,True,10,16,write,4096,True,10.228755719912808,0.28823037615171176,4
0,8,1,32,64,False,lustre,True,10,16,write,4096,True,17.142284399752008,18.446744073709553,8
0,8,1,32,64,False,lustre,True,10,16,write,4096,True,16.84028871943839,18.446744073709553,8
0,8,1,32,64,False,lustre,True,10,16,write,4096,True,16.888079347148203,18.446744073709553,8
0,8,1,32,64,False,lustre,True,10,16,write,4096,True,15.383525565872512,18.446744073709553,8
0,8,1,32,64,False,lustre,True,10,16,write,4096,True,16.88376643263767,18.446744073709553,8
0,8,1,32,64,False,lustre,True,10,16,write,4096,True,16.651935908226495,18.446744073709553,8
0,8,1,32,64,False,lustre,True,10,16,write,4096,True,17.12249942778601,18.446744073709553,8
0,8,1,32,64,False,lustre,True,10,16,write,4096,True,17.209620763347594,18.446744073709553,8
0,8,1,32,64,False,lustre,True,10,16,write,4096,True,13.363420994184589,18.446744073709553,8
0,8,1,32,64,False,lustre,True,10,16,write,4096,True,17.04621370884937,18.446744073709553,8
0,4,12,4,64,True,lustre,True,10,16,write,4096,True,33.84720930274771,13.835058055282163,48
0,4,12,4,64,True,lustre,True,10,16,write,4096,True,33.91625431054888,13.835058055282163,48
0,4,12,4,64,True,lustre,True,10,16,write,4096,True,36.918573667800906,13.835058055282163,48
0,4,12,4,64,True,lustre,True,10,16,write,4096,True,40.24164914227376,13.835058055282163,48
0,4,12,4,64,True,lustre,True,10,16,write,4096,True,26.112076964041574,13.835058055282163,48
0,4,12,4,64,True,lustre,True,10,16,write,4096,True,36.4476845046962,13.835058055282163,48
0,4,12,4,64,True,lustre,True,10,16,write,4096,True,38.03242105430164,13.835058055282163,48
0,4,12,4,64,True,lustre,True,10,16,write,4096,True,34.90587399706689,13.835058055282163,48
0,4,12,4,64,True,lustre,True,10,16,write,4096,True,33.74912410534918,13.835058055282163,48
0,4,12,4,64,True,lustre,True,10,16,write,4096,True,32.675570538746115,13.835058055282163,48
0,4,288,1,64,False,lustre,True,10,16,write,4096,True,3.8050179491523832,83.01034833169298,1152
0,4,288,1,64,False,lustre,True,10,16,write,4096,True,3.818634902023044,83.01034833169298,1152
0,4,288,1,64,False,lustre,True,10,16,write,4096,True,2.9175390460425294,83.01034833169298,1152
0,4,288,1,64,False,lustre,True,10,16,write,4096,True,4.072491504229739,83.01034833169298,1152
0,4,288,1,64,False,lustre,True,10,16,write,4096,True,3.887212733990149,83.01034833169298,1152
0,4,288,1,64,False,lustre,True,10,16,write,4096,True,4.199488397838486,83.01034833169298,1152
0,4,288,1,64,False,lustre,True,10,16,write,4096,True,3.4897834971937867,83.01034833169298,1152
0,4,288,1,64,False,lustre,True,10,16,write,4096,True,3.9295201824065784,83.01034833169298,1152
0,4,288,1,64,False,lustre,True,10,16,write,4096,True,4.060473001153967,83.01034833169298,1152
0,4,288,1,64,False,lustre,True,10,16,write,4096,True,3.8732632777468115,83.01034833169298,1152
0,8,12,32,64,True,lustre,True,10,16,write,4096,True,24.589206571608116,221.3609288845146,96
0,8,12,32,64,True,lustre,True,10,16,write,4096,True,15.75210908501651,221.3609288845146,96
0,8,12,32,64,True,lustre,True,10,16,write,4096,True,14.365647718257378,221.3609288845146,96
0,8,12,32,64,True,lustre,True,10,16,write,4096,True,17.13620484028338,221.3609288845146,96
0,8,12,32,64,True,lustre,True,10,16,write,4096,True,20.146498494807407,221.3609288845146,96
0,8,12,32,64,True,lustre,True,10,16,write,4096,True,19.363482481079814,221.3609288845146,96
0,8,12,32,64,True,lustre,True,10,16,write,4096,True,16.955890445247515,221.3609288845146,96
0,8,12,32,64,True,lustre,True,10,16,write,4096,True,21.90542041285362,221.3609288845146,96
0,8,12,32,64,True,lustre,True,10,16,write,4096,True,28.46049034885091,221.3609288845146,96
0,8,12,32,64,True,lustre,True,10,16,write,4096,True,17.67991535722364,221.3609288845146,96
0,8,12,32,64,False,lustre,True,10,16,write,4096,True,5.570526364498976,221.3609288845146,96
0,8,12,32,64,False,lustre,True,10,16,write,4096,True,6.844632356634825,221.3609288845146,96
0,8,12,32,64,False,lustre,True,10,16,write,4096,True,9.142445328587915,221.3609288845146,96
0,8,12,32,64,False,lustre,True,10,16,write,4096,True,12.351351319301637,221.3609288845146,96
0,8,12,32,64,False,lustre,True,10,16,write,4096,True,13.718756587291319,221.3609288845146,96
0,8,12,32,64,False,lustre,True,10,16,write,4096,True,13.994610269881683,221.3609288845146,96
0,8,12,32,64,False,lustre,True,10,16,write,4096,True,12.495018642093356,221.3609288845146,96
0,8,12,32,64,False,lustre,True,10,16,write,4096,True,15.974667960964906,221.3609288845146,96
0,8,12,32,64,False,lustre,True,10,16,write,4096,True,15.072137986407613,221.3609288845146,96
0,8,12,32,64,False,lustre,True,10,16,write,4096,True,22.24948331678644,221.3609288845146,96
0,8,16,32,64,False,lustre,True,10,16,write,4096,True,6.067788583201563,295.14790517935285,128
0,8,16,32,64,False,lustre,True,10,16,write,4096,True,7.650811766619862,295.14790517935285,128
0,8,16,32,64,False,lustre,True,10,16,write,4096,True,11.080828731198778,295.14790517935285,128
0,8,16,32,64,False,lustre,True,10,16,write,4096,True,11.172057349523477,295.14790517935285,128
0,8,16,32,64,False,lustre,True,10,16,write,4096,True,10.56005525618644,295.14790517935285,128
0,8,16,32,64,False,lustre,True,10,16,write,4096,True,20.42612349500594,295.14790517935285,128
0,8,16,32,64,False,lustre,True,10,16,write,4096,True,16.979106181225077,295.14790517935285,128
0,8,16,32,64,False,lustre,True,10,16,write,4096,True,24.35525780227515,295.14790517935285,128
0,8,16,32,64,False,lustre,True,10,16,write,4096,True,22.23981156932729,295.14790517935285,128
0,8,16,32,64,False,lustre,True,10,16,write,4096,True,17.213641872751637,295.14790517935285,128
0,8,16,4,64,True,lustre,True,10,16,write,4096,True,35.36759310704277,36.893488147419106,128
0,8,16,4,64,True,lustre,True,10,16,write,4096,True,45.3578185397175,36.893488147419106,128
0,8,16,4,64,True,lustre,True,10,16,write,4096,True,34.001036544743755,36.893488147419106,128
0,8,16,4,64,True,lustre,True,10,16,write,4096,True,42.935305679671096,36.893488147419106,128
0,8,16,4,64,True,lustre,True,10,16,write,4096,True,46.23252604825525,36.893488147419106,128
0,8,16,4,64,True,lustre,True,10,16,write,4096,True,17.218392565203022,36.893488147419106,128
0,8,16,4,64,True,lustre,True,10,16,write,4096,True,9.91877801230111,36.893488147419106,128
0,8,16,4,64,True,lustre,True,10,16,write,4096,True,13.661149116729185,36.893488147419106,128
0,8,16,4,64,True,lustre,True,10,16,write,4096,True,18.52767368065703,36.893488147419106,128
0,8,16,4,64,True,lustre,True,10,16,write,4096,True,26.829050911788485,36.893488147419106,128
0,8,24,4,64,True,lustre,True,10,16,write,4096,True,40.107616286785635,55.34023222112865,192
0,8,24,4,64,True,lustre,True,10,16,write,4096,True,19.75335702848589,55.34023222112865,192
0,8,24,4,64,True,lustre,True,10,16,write,4096,True,25.790327060619447,55.34023222112865,192
0,8,24,4,64,True,lustre,True,10,16,write,4096,True,32.660230566684085,55.34023222112865,192
0,8,24,4,64,True,lustre,True,10,16,write,4096,True,18.37952075156116,55.34023222112865,192
0,8,24,4,64,True,lustre,True,10,16,write,4096,True,18.815097745695095,55.34023222112865,192
0,8,24,4,64,True,lustre,True,10,16,write,4096,True,18.431644014686256,55.34023222112865,192
0,8,24,4,64,True,lustre,True,10,16,write,4096,True,19.18375097210179,55.34023222112865,192
0,8,24,4,64,True,lustre,True,10,16,write,4096,True,32.646276829697904,55.34023222112865,192
0,8,24,4,64,True,lustre,True,10,16,write,4096,True,23.294282308883712,55.34023222112865,192
0,1,24,32,64,False,lustre,True,10,16,write,4096,True,1.068874960291104,55.34023222112865,24
0,1,24,32,64,False,lustre,True,10,16,write,4096,True,1.034695709445528,55.34023222112865,24
0,1,24,32,64,False,lustre,True,10,16,write,4096,True,1.1511718610594848,55.34023222112865,24
0,1,24,32,64,False,lustre,True,10,16,write,4096,True,1.387926834324319,55.34023222112865,24
0,1,24,32,64,False,lustre,True,10,16,write,4096,True,2.0873171074850254,55.34023222112865,24
0,1,24,32,64,False,lustre,True,10,16,write,4096,True,2.4628621309553806,55.34023222112865,24
0,1,24,32,64,False,lustre,True,10,16,write,4096,True,3.0480559754441976,55.34023222112865,24
0,1,24,32,64,False,lustre,True,10,16,write,4096,True,3.364685298959503,55.34023222112865,24
0,1,24,32,64,False,lustre,True,10,16,write,4096,True,3.7316387688136867,55.34023222112865,24
0,1,24,32,64,False,lustre,True,10,16,write,4096,True,4.444135864738758,55.34023222112865,24
0,4,8,32,64,False,lustre,True,10,16,write,4096,True,3.5774438830596815,73.78697629483821,32
0,4,8,32,64,False,lustre,True,10,16,write,4096,True,3.492468245161834,73.78697629483821,32
0,4,8,32,64,False,lustre,True,10,16,write,4096,True,4.698111564288115,73.78697629483821,32
0,4,8,32,64,False,lustre,True,10,16,write,4096,True,5.07680404226038,73.78697629483821,32
0,4,8,32,64,False,lustre,True,10,16,write,4096,True,5.385480081388116,73.78697629483821,32
0,4,8,32,64,False,lustre,True,10,16,write,4096,True,7.391531087200793,73.78697629483821,32
0,4,8,32,64,False,lustre,True,10,16,write,4096,True,7.5696088649553595,73.78697629483821,32
0,4,8,32,64,False,lustre,True,10,16,write,4096,True,7.82923245420354,73.78697629483821,32
0,4,8,32,64,False,lustre,True,10,16,write,4096,True,9.769626389073563,73.78697629483821,32
0,4,8,32,64,False,lustre,True,10,16,write,4096,True,9.578061175668093,73.78697629483821,32
