repeatIndex,nodes,tasksPerNode,chunkSize,chunksPerTask,direct,filesystem,singleFile,repeat,stripes,operation,alignment,strided,bandwidth,dataSize,tasks
0,4,8,4,64,False,vast,True,10,16,write,4096,False,10.121503222745794,9.223372036854776,32
0,4,8,4,64,False,vast,True,10,16,write,4096,False,9.772219703400769,9.223372036854776,32
0,4,8,4,64,False,vast,True,10,16,write,4096,False,9.946685512542912,9.223372036854776,32
0,4,8,4,64,False,vast,True,10,16,write,4096,False,10.729202339899613,9.223372036854776,32
0,4,8,4,64,False,vast,True,10,16,write,4096,False,9.34021914319492,9.223372036854776,32
0,4,8,4,64,False,vast,True,10,16,write,4096,False,9.623659258327882,9.223372036854776,32
0,4,8,4,64,False,vast,True,10,16,write,4096,False,9.9879482127208,9.223372036854776,32
0,4,8,4,64,False,vast,True,10,16,write,4096,False,8.81814635009234,9.223372036854776,32
0,4,8,4,64,False,vast,True,10,16,write,4096,False,9.007193638965232,9.223372036854776,32
0,4,8,4,64,False,vast,True,10,16,write,4096,False,9.98119083366473,9.223372036854776,32
0,8,2,32,64,True,vast,True,10,16,write,4096,False,10.616990555534748,36.893488147419106,16
0,8,2,32,64,True,vast,True,10,16,write,4096,False,10.947299349983968,36.893488147419106,16
0,8,2,32,64,True,vast,True,10,16,write,4096,False,11.719226032177689,36.893488147419106,16
0,8,2,32,64,True,vast,True,10,16,write,4096,False,12.104084092056242,36.893488147419106,16
0,8,2,32,64,True,vast,True,10,16,write,4096,False,13.873785511931251,36.893488147419106,16
0,8,2,32,64,True,vast,True,10,16,write,4096,False,13.791430292052977,36.893488147419106,16
0,8,2,32,64,True,vast,True,10,16,write,4096,False,13.880070195265015,36.893488147419106,16
0,8,2,32,64,True,vast,True,10,16,write,4096,False,16.641216084083602,36.893488147419106,16
0,8,2,32,64,True,vast,True,10,16,write,4096,False,17.262646187758097,36.893488147419106,16
0,8,2,32,64,True,vast,True,10,16,write,4096,False,17.05259450178315,36.893488147419106,16
0,8,8,32,64,True,vast,True,10,16,write,4096,False,28.87691681050196,147.57395258967642,64
0,8,8,32,64,True,vast,True,10,16,write,4096,False,29.670711998255843,147.57395258967642,64
0,8,8,32,64,True,vast,True,10,16,write,4096,False,32.97875770404324,147.57395258967642,64
0,8,8,32,64,True,vast,True,10,16,write,4096,False,29.371532359725613,147.57395258967642,64
0,8,8,32,64,True,vast,True,10,16,write,4096,False,32.406673460975504,147.57395258967642,64
0,8,8,32,64,True,vast,True,10,16,write,4096,False,34.29633507630477,147.57395258967642,64
0,8,8,32,64,True,vast,True,10,16,write,4096,False,40.37233473943169,147.57395258967642,64
0,8,8,32,64,True,vast,True,10,16,write,4096,False,37.13887751645765,147.57395258967642,64
0,8,8,32,64,True,vast,True,10,16,write,4096,False,40.858771669003104,147.57395258967642,64
0,8,8,32,64,True,vast,True,10,16,write,4096,False,35.787482952869375,147.57395258967642,64
0,2,288,1,64,False,vast,True,10,16,write,4096,False,23.314800358036404,41.50517416584649,576
0,2,288,1,64,False,vast,True,10,16,write,4096,False,23.705171519859068,41.50517416584649,576
0,2,288,1,64,False,vast,True,10,16,write,4096,False,23.320382645273096,41.50517416584649,576
0,2,288,1,64,False,vast,True,10,16,write,4096,False,23.630552467662984,41.50517416584649,576
0,2,288,1,64,False,vast,True,10,16,write,4096,False,24.773428044470347,41.50517416584649,576
0,2,288,1,64,False,vast,True,10,16,write,4096,False,23.313965022109443,41.50517416584649,576
0,2,288,1,64,False,vast,True,10,16,write,4096,False,24.392781037312727,41.50517416584649,576
0,2,288,1,64,False,vast,True,10,16,write,4096,False,23.161997059454915,41.50517416584649,576
0,2,288,1,64,False,vast,True,10,16,write,4096,False,23.933870151929174,41.50517416584649,576
0,2,288,1,64,False,vast,True,10,16,write,4096,False,24.49098555986972,41.50517416584649,576
0,1,24,4,64,True,vast,True,10,16,write,4096,False,11.756879909328084,6.9175290276410815,24
0,1,24,4,64,True,vast,True,10,16,write,4096,False,13.033318067633537,6.9175290276410815,24
0,1,24,4,64,True,vast,True,10,16,write,4096,False,16.813902534174293,6.9175290276410815,24
0,1,24,4,64,True,vast,True,10,16,write,4096,False,14.817362681051591,6.9175290276410815,24
0,1,24,4,64,True,vast,True,10,16,write,4096,False,19.843000565187904,6.9175290276410815,24
0,1,24,4,64,True,vast,True,10,16,write,4096,False,18.453632231385832,6.9175290276410815,24
0,1,24,4,64,True,vast,True,10,16,write,4096,False,27.549556005488512,6.9175290276410815,24
0,1,24,4,64,True,vast,True,10,16,write,4096,False,33.866216204358174,6.9175290276410815,24
0,1,24,4,64,True,vast,True,10,16,write,4096,False,31.951303947454598,6.9175290276410815,24
0,1,24,4,64,True,vast,True,10,16,write,4096,False,29.83169528106285,6.9175290276410815,24
0,4,16,32,64,False,vast,True,10,16,write,4096,False,26.68310193212236,147.57395258967642,64
0,4,16,32,64,False,vast,True,10,16,write,4096,False,27.923732896085156,147.57395258967642,64
0,4,16,32,64,False,vast,True,10,16,write,4096,False,31.51149324837863,147.57395258967642,64
0,4,16,32,64,False,vast,True,10,16,write,4096,False,26.900347922832164,147.57395258967642,64
0,4,16,32,64,False,vast,True,10,16,write,4096,False,27.646994741385726,147.57395258967642,64
0,4,16,32,64,False,vast,True,10,16,write,4096,False,28.969339422864152,147.57395258967642,64
0,4,16,32,64,False,vast,True,10,16,write,4096,False,28.23354462490382,147.57395258967642,64
0,4,16,32,64,False,vast,True,10,16,write,4096,False,28.850104140411922,147.57395258967642,64
0,4,16,32,64,False,vast,True,10,16,write,4096,False,27.20450880574389,147.57395258967642,64
0,4,16,32,64,False,vast,True,10,16,write,4096,False,29.29725864716859,147.57395258967642,64
0,4,144,32,64,False,vast,True,10,16,write,4096,False,47.993593901516185,1328.1655733070877,576
0,4,144,32,64,False,vast,True,10,16,write,4096,False,49.178638566016325,1328.1655733070877,576
0,4,144,32,64,False,vast,True,10,16,write,4096,False,45.529649885956324,1328.1655733070877,576
0,4,144,32,64,False,vast,True,10,16,write,4096,False,50.12180705466994,1328.1655733070877,576
0,4,144,32,64,False,vast,True,10,16,write,4096,False,52.08321568825329,1328.1655733070877,576
0,4,144,32,64,False,vast,True,10,16,write,4096,False,49.25832382557453,1328.1655733070877,576
0,4,144,32,64,False,vast,True,10,16,write,4096,False,53.93679032774856,1328.1655733070877,576
0,4,144,32,64,False,vast,True,10,16,write,4096,False,64.21364555700292,1328.1655733070877,576
0,4,144,32,64,False,vast,True,10,16,write,4096,False,79.56398374682811,1328.1655733070877,576
0,4,144,32,64,False,vast,True,10,16,write,4096,False,79.17917123961281,1328.1655733070877,576
0,4,144,32,64,True,vast,True,10,16,write,4096,False,48.030162224734276,1328.1655733070877,576
0,4,144,32,64,True,vast,True,10,16,write,4096,False,64.4545749579615,1328.1655733070877,576
0,4,144,32,64,True,vast,True,10,16,write,4096,False,66.8330891217734,1328.1655733070877,576
0,4,144,32,64,True,vast,True,10,16,write,4096,False,61.22052668103371,1328.1655733070877,576
0,4,144,32,64,True,vast,True,10,16,write,4096,False,62.701281244865115,1328.1655733070877,576
0,4,144,32,64,True,vast,True,10,16,write,4096,False,62.857185684901424,1328.1655733070877,576
0,4,144,32,64,True,vast,True,10,16,write,4096,False,63.03719651115003,1328.1655733070877,576
0,4,144,32,64,True,vast,True,10,16,write,4096,False,67.48296968539402,1328.1655733070877,576
0,4,144,32,64,True,vast,True,10,16,write,4096,False,73.55544277507619,1328.1655733070877,576
0,4,144,32,64,True,vast,True,10,16,write,4096,False,80.24054399191927,1328.1655733070877,576
0,2,1,4,64,True,vast,True,10,16,write,4096,False,3.669267659314853,0.5764607523034235,2
0,2,1,4,64,True,vast,True,10,16,write,4096,False,4.077191670211104,0.5764607523034235,2
0,2,1,4,64,True,vast,True,10,16,write,4096,False,3.9899918537106998,0.5764607523034235,2
0,2,1,4,64,True,vast,True,10,16,write,4096,False,4.0085562411894715,0.5764607523034235,2
0,2,1,4,64,True,vast,True,10,16,write,4096,False,3.995460303897685,0.5764607523034235,2
0,2,1,4,64,True,vast,True,10,16,write,4096,False,4.008251966417213,0.5764607523034235,2
0,2,1,4,64,True,vast,True,10,16,write,4096,False,4.012315613965177,0.5764607523034235,2
0,2,1,4,64,True,vast,True,10,16,write,4096,False,4.056718674719472,0.5764607523034235,2
0,2,1,4,64,True,vast,True,10,16,write,4096,False,4.120985486710318,0.5764607523034235,2
0,2,1,4,64,True,vast,True,10,16,write,4096,False,3.7022359192612635,0.5764607523034235,2
0,4,2,1,64,False,vast,True,10,16,write,4096,False,7.3798410390385305,0.5764607523034235,8
0,4,2,1,64,False,vast,True,10,16,write,4096,False,7.918964294983834,0.5764607523034235,8
0,4,2,1,64,False,vast,True,10,16,write,4096,False,8.508224597834763,0.5764607523034235,8
0,4,2,1,64,False,vast,True,10,16,write,4096,False,6.859922240884316,0.5764607523034235,8
0,4,2,1,64,False,vast,True,10,16,write,4096,False,8.705624824229647,0.5764607523034235,8
0,4,2,1,64,False,vast,True,10,16,write,4096,False,8.910518510088464,0.5764607523034235,8
0,4,2,1,64,False,vast,True,10,16,write,4096,False,8.784889276530098,0.5764607523034235,8
0,4,2,1,64,False,vast,True,10,16,write,4096,False,7.4510001083992385,0.5764607523034235,8
0,4,2,1,64,False,vast,True,10,16,write,4096,False,7.7277044116427485,0.5764607523034235,8
0,4,2,1,64,False,vast,True,10,16,write,4096,False,7.577019153193236,0.5764607523034235,8
0,1,8,4,64,False,vast,True,10,16,write,4096,False,9.476700043791404,2.305843009213694,8
0,1,8,4,64,False,vast,True,10,16,write,4096,False,9.024544944624042,2.305843009213694,8
0,1,8,4,64,False,vast,True,10,16,write,4096,False,8.377305084733283,2.305843009213694,8
0,1,8,4,64,False,vast,True,10,16,write,4096,False,7.936962819678696,2.305843009213694,8
0,1,8,4,64,False,vast,True,10,16,write,4096,False,8.656170430898763,2.305843009213694,8
0,1,8,4,64,False,vast,True,10,16,write,4096,False,8.121100227429723,2.305843009213694,8
0,1,8,4,64,False,vast,True,10,16,write,4096,False,8.183648616307496,2.305843009213694,8
0,1,8,4,64,False,vast,True,10,16,write,4096,False,8.891496157182154,2.305843009213694,8
0,1,8,4,64,False,vast,True,10,16,write,4096,False,8.03613465827582,2.305843009213694,8
0,1,8,4,64,False,vast,True,10,16,write,4096,False,7.4186696812771045,2.305843009213694,8
0,4,12,32,64,False,vast,True,10,16,write,4096,False,25.57857452247829,110.6804644422573,48
0,4,12,32,64,False,vast,True,10,16,write,4096,False,27.5475945755298,110.6804644422573,48
0,4,12,32,64,False,vast,True,10,16,write,4096,False,27.517218334141496,110.6804644422573,48
0,4,12,32,64,False,vast,True,10,16,write,4096,False,31.35071823135462,110.6804644422573,48
0,4,12,32,64,False,vast,True,10,16,write,4096,False,24.711178039329106,110.6804644422573,48
0,4,12,32,64,False,vast,True,10,16,write,4096,False,27.55756475080273,110.6804644422573,48
0,4,12,32,64,False,vast,True,10,16,write,4096,False,27.940601794414388,110.6804644422573,48
0,4,12,32,64,False,vast,True,10,16,write,4096,False,26.22179976821028,110.6804644422573,48
0,4,12,32,64,False,vast,True,10,16,write,4096,False,27.10473434452906,110.6804644422573,48
0,4,12,32,64,False,vast,True,10,16,write,4096,False,26.0854915292059,110.6804644422573,48
0,2,144,4,64,True,vast,True,10,16,write,4096,False,23.755425747600796,83.01034833169298,288
0,2,144,4,64,True,vast,True,10,16,write,4096,False,27.786227582529328,83.01034833169298,288
0,2,144,4,64,True,vast,True,10,16,write,4096,False,33.139622993783306,83.01034833169298,288
0,2,144,4,64,True,vast,True,10,16,write,4096,False,32.19729759955338,83.01034833169298,288
0,2,144,4,64,True,vast,True,10,16,write,4096,False,31.151472273627764,83.01034833169298,288
0,2,144,4,64,True,vast,True,10,16,write,4096,False,25.660284143658878,83.01034833169298,288
0,2,144,4,64,True,vast,True,10,16,write,4096,False,28.65737500581471,83.01034833169298,288
0,2,144,4,64,True,vast,True,10,16,write,4096,False,33.70949251996553,83.01034833169298,288
0,2,144,4,64,True,vast,True,10,16,write,4096,False,33.198396374443846,83.01034833169298,288
0,2,144,4,64,True,vast,True,10,16,write,4096,False,38.811213687916286,83.01034833169298,288
0,4,288,32,64,False,vast,True,10,16,write,4096,False,37.99843683213296,2656.3311466141754,1152
0,4,288,32,64,False,vast,True,10,16,write,4096,False,21.837490302006042,2656.3311466141754,1152
0,4,288,32,64,False,vast,True,10,16,write,4096,False,24.366237513576138,2656.3311466141754,1152
0,4,288,32,64,False,vast,True,10,16,write,4096,False,36.02033602942691,2656.3311466141754,1152
0,4,288,32,64,False,vast,True,10,16,write,4096,False,52.343876261948935,2656.3311466141754,1152
0,4,288,32,64,False,vast,True,10,16,write,4096,False,68.8253562071857,2656.3311466141754,1152
0,4,288,32,64,False,vast,True,10,16,write,4096,False,88.67110216788184,2656.3311466141754,1152
0,4,288,32,64,False,vast,True,10,16,write,4096,False,103.62949023607564,2656.3311466141754,1152
0,4,288,32,64,False,vast,True,10,16,write,4096,False,124.7780522281045,2656.3311466141754,1152
0,4,288,32,64,False,vast,True,10,16,write,4096,False,117.45971260525938,2656.3311466141754,1152
0,1,24,1,64,False,vast,True,10,16,write,4096,False,7.217070817644276,1.7293822569102704,24
0,1,24,1,64,False,vast,True,10,16,write,4096,False,8.98961959987559,1.7293822569102704,24
0,1,24,1,64,False,vast,True,10,16,write,4096,False,9.371910292234757,1.7293822569102704,24
0,1,24,1,64,False,vast,True,10,16,write,4096,False,6.758377150139375,1.7293822569102704,24
0,1,24,1,64,False,vast,True,10,16,write,4096,False,10.483037481471928,1.7293822569102704,24
0,1,24,1,64,False,vast,True,10,16,write,4096,False,9.472101626119665,1.7293822569102704,24
0,1,24,1,64,False,vast,True,10,16,write,4096,False,6.9043400237079275,1.7293822569102704,24
0,1,24,1,64,False,vast,True,10,16,write,4096,False,9.11956962404398,1.7293822569102704,24
0,1,24,1,64,False,vast,True,10,16,write,4096,False,9.294785972755745,1.7293822569102704,24
0,1,24,1,64,False,vast,True,10,16,write,4096,False,10.030336739653565,1.7293822569102704,24
0,2,144,1,64,False,vast,True,10,16,write,4096,False,20.310997715086728,20.752587082923245,288
0,2,144,1,64,False,vast,True,10,16,write,4096,False,21.270212685396633,20.752587082923245,288
0,2,144,1,64,False,vast,True,10,16,write,4096,False,21.07778906193378,20.752587082923245,288
0,2,144,1,64,False,vast,True,10,16,write,4096,False,21.09713201728027,20.752587082923245,288
0,2,144,1,64,False,vast,True,10,16,write,4096,False,19.39084736668318,20.752587082923245,288
0,2,144,1,64,False,vast,True,10,16,write,4096,False,24.187337814789622,20.752587082923245,288
0,2,144,1,64,False,vast,True,10,16,write,4096,False,20.02942520572602,20.752587082923245,288
0,2,144,1,64,False,vast,True,10,16,write,4096,False,20.624404755702187,20.752587082923245,288
0,2,144,1,64,False,vast,True,10,16,write,4096,False,20.678473186340412,20.752587082923245,288
0,2,144,1,64,False,vast,True,10,16,write,4096,False,18.73109736662087,20.752587082923245,288
0,1,12,4,64,False,vast,True,10,16,write,4096,False,8.820759254516235,3.4587645138205407,12
0,1,12,4,64,False,vast,True,10,16,write,4096,False,8.773156944849045,3.4587645138205407,12
0,1,12,4,64,False,vast,True,10,16,write,4096,False,9.082955170296177,3.4587645138205407,12
0,1,12,4,64,False,vast,True,10,16,write,4096,False,8.384995137053421,3.4587645138205407,12
0,1,12,4,64,False,vast,True,10,16,write,4096,False,8.912036332266862,3.4587645138205407,12
0,1,12,4,64,False,vast,True,10,16,write,4096,False,8.766214755159458,3.4587645138205407,12
0,1,12,4,64,False,vast,True,10,16,write,4096,False,9.273580604884726,3.4587645138205407,12
0,1,12,4,64,False,vast,True,10,16,write,4096,False,11.275266018493134,3.4587645138205407,12
0,1,12,4,64,False,vast,True,10,16,write,4096,False,8.66087454513703,3.4587645138205407,12
0,1,12,4,64,False,vast,True,10,16,write,4096,False,9.041279559193661,3.4587645138205407,12
0,4,24,4,64,True,vast,True,10,16,write,4096,False,14.748991994158768,27.670116110564326,96
0,4,24,4,64,True,vast,True,10,16,write,4096,False,19.82696470374451,27.670116110564326,96
0,4,24,4,64,True,vast,True,10,16,write,4096,False,18.01810728271611,27.670116110564326,96
0,4,24,4,64,True,vast,True,10,16,write,4096,False,20.273268141565058,27.670116110564326,96
0,4,24,4,64,True,vast,True,10,16,write,4096,False,23.057789218871353,27.670116110564326,96
0,4,24,4,64,True,vast,True,10,16,write,4096,False,28.53644451795356,27.670116110564326,96
0,4,24,4,64,True,vast,True,10,16,write,4096,False,28.955238376387275,27.670116110564326,96
0,4,24,4,64,True,vast,True,10,16,write,4096,False,29.22827644297092,27.670116110564326,96
0,4,24,4,64,True,vast,True,10,16,write,4096,False,33.20662824036028,27.670116110564326,96
0,4,24,4,64,True,vast,True,10,16,write,4096,False,35.1715649601487,27.670116110564326,96
0,8,288,4,64,False,vast,True,10,16,write,4096,False,34.08894582158795,664.0827866535438,2304
0,8,288,4,64,False,vast,True,10,16,write,4096,False,58.918361792953334,664.0827866535438,2304
0,8,288,4,64,False,vast,True,10,16,write,4096,False,46.222166790541685,664.0827866535438,2304
0,8,288,4,64,False,vast,True,10,16,write,4096,False,42.84383165645961,664.0827866535438,2304
0,8,288,4,64,False,vast,True,10,16,write,4096,False,52.719385657206885,664.0827866535438,2304
0,8,288,4,64,False,vast,True,10,16,write,4096,False,47.78016315260249,664.0827866535438,2304
0,8,288,4,64,False,vast,True,10,16,write,4096,False,59.04533612767831,664.0827866535438,2304
0,8,288,4,64,False,vast,True,10,16,write,4096,False,58.451569134089404,664.0827866535438,2304
0,8,288,4,64,False,vast,True,10,16,write,4096,False,57.221557520848904,664.0827866535438,2304
0,8,288,4,64,False,vast,True,10,16,write,4096,False,57.27172445653083,664.0827866535438,2304
0,2,8,1,64,True,vast,True,10,16,write,4096,False,8.289304079955809,1.152921504606847,16
0,2,8,1,64,True,vast,True,10,16,write,4096,False,11.418427530992183,1.152921504606847,16
0,2,8,1,64,True,vast,True,10,16,write,4096,False,11.567379450709279,1.152921504606847,16
0,2,8,1,64,True,vast,True,10,16,write,4096,False,11.595889916607664,1.152921504606847,16
0,2,8,1,64,True,vast,True,10,16,write,4096,False,10.258353245977919,1.152921504606847,16
0,2,8,1,64,True,vast,True,10,16,write,4096,False,21.591057254926362,1.152921504606847,16
0,2,8,1,64,True,vast,True,10,16,write,4096,False,20.239736514107005,1.152921504606847,16
0,2,8,1,64,True,vast,True,10,16,write,4096,False,10.928072563070891,1.152921504606847,16
0,2,8,1,64,True,vast,True,10,16,write,4096,False,12.763099999924242,1.152921504606847,16
0,2,8,1,64,True,vast,True,10,16,write,4096,False,19.50325195911607,1.152921504606847,16
0,8,288,32,64,True,vast,True,10,16,write,4096,False,42.84652134864574,5312.662293228351,2304
0,8,288,32,64,True,vast,True,10,16,write,4096,False,50.53662044245359,5312.662293228351,2304
0,8,288,32,64,True,vast,True,10,16,write,4096,False,60.07300452173216,5312.662293228351,2304
0,8,288,32,64,True,vast,True,10,16,write,4096,False,64.24029479539621,5312.662293228351,2304
0,8,288,32,64,True,vast,True,10,16,write,4096,False,67.91497872966387,5312.662293228351,2304
0,8,288,32,64,True,vast,True,10,16,write,4096,False,67.55584820333169,5312.662293228351,2304
0,8,288,32,64,True,vast,True,10,16,write,4096,False,68.43673744604808,5312.662293228351,2304
0,8,288,32,64,True,vast,True,10,16,write,4096,False,77.05876085412595,5312.662293228351,2304
0,8,288,32,64,True,vast,True,10,16,write,4096,False,83.35523100782669,5312.662293228351,2304
0,8,288,32,64,True,vast,True,10,16,write,4096,False,87.12357602596992,5312.662293228351,2304
0,1,8,32,64,True,vast,True,10,16,write,4096,False,10.265608597589134,18.446744073709553,8
0,1,8,32,64,True,vast,True,10,16,write,4096,False,11.07165789767404,18.446744073709553,8
0,1,8,32,64,True,vast,True,10,16,write,4096,False,12.078709064485635,18.446744073709553,8
0,1,8,32,64,True,vast,True,10,16,write,4096,False,11.543822067439281,18.446744073709553,8
0,1,8,32,64,True,vast,True,10,16,write,4096,False,12.538966766440268,18.446744073709553,8
0,1,8,32,64,True,vast,True,10,16,write,4096,False,11.96583871349835,18.446744073709553,8
0,1,8,32,64,True,vast,True,10,16,write,4096,False,11.834269530719485,18.446744073709553,8
0,1,8,32,64,True,vast,True,10,16,write,4096,False,12.100416957976071,18.446744073709553,8
0,1,8,32,64,True,vast,True,10,16,write,4096,False,11.677020487470612,18.446744073709553,8
0,1,8,32,64,True,vast,True,10,16,write,4096,False,11.617296459822255,18.446744073709553,8
0,2,8,32,64,False,vast,True,10,16,write,4096,False,20.610599680117545,36.893488147419106,16
0,2,8,32,64,False,vast,True,10,16,write,4096,False,21.488981158638783,36.893488147419106,16
0,2,8,32,64,False,vast,True,10,16,write,4096,False,20.695577754852856,36.893488147419106,16
0,2,8,32,64,False,vast,True,10,16,write,4096,False,21.116680565482646,36.893488147419106,16
0,2,8,32,64,False,vast,True,10,16,write,4096,False,20.781017153496396,36.893488147419106,16
0,2,8,32,64,False,vast,True,10,16,write,4096,False,21.350286620648504,36.893488147419106,16
0,2,8,32,64,False,vast,True,10,16,write,4096,False,21.508247714625835,36.893488147419106,16
0,2,8,32,64,False,vast,True,10,16,write,4096,False,21.814492006245246,36.893488147419106,16
0,2,8,32,64,False,vast,True,10,16,write,4096,False,22.000951940286896,36.893488147419106,16
0,2,8,32,64,False,vast,True,10,16,write,4096,False,21.090852374851757,36.893488147419106,16
0,2,2,1,64,True,vast,True,10,16,write,4096,False,5.81138145553196,0.28823037615171176,4
0,2,2,1,64,True,vast,True,10,16,write,4096,False,5.640088995746544,0.28823037615171176,4
0,2,2,1,64,True,vast,True,10,16,write,4096,False,6.2685127535643215,0.28823037615171176,4
0,2,2,1,64,True,vast,True,10,16,write,4096,False,6.493011609848735,0.28823037615171176,4
0,2,2,1,64,True,vast,True,10,16,write,4096,False,6.871962451071778,0.28823037615171176,4
0,2,2,1,64,True,vast,True,10,16,write,4096,False,6.508596771595136,0.28823037615171176,4
0,2,2,1,64,True,vast,True,10,16,write,4096,False,6.844933993750989,0.28823037615171176,4
0,2,2,1,64,True,vast,True,10,16,write,4096,False,6.32634221871864,0.28823037615171176,4
0,2,2,1,64,True,vast,True,10,16,write,4096,False,6.310306413523327,0.28823037615171176,4
0,2,2,1,64,True,vast,True,10,16,write,4096,False,5.64486613195625,0.28823037615171176,4
0,4,1,32,64,True,vast,True,10,16,write,4096,False,5.847869528933886,9.223372036854776,4
0,4,1,32,64,True,vast,True,10,16,write,4096,False,6.441998171379538,9.223372036854776,4
0,4,1,32,64,True,vast,True,10,16,write,4096,False,6.294503263385968,9.223372036854776,4
0,4,1,32,64,True,vast,True,10,16,write,4096,False,6.118741217584857,9.223372036854776,4
0,4,1,32,64,True,vast,True,10,16,write,4096,False,6.84438294520804,9.223372036854776,4
0,4,1,32,64,True,vast,True,10,16,write,4096,False,6.382787785706457,9.223372036854776,4
0,4,1,32,64,True,vast,True,10,16,write,4096,False,6.796917840628097,9.223372036854776,4
0,4,1,32,64,True,vast,True,10,16,write,4096,False,6.741017410152441,9.223372036854776,4
0,4,1,32,64,True,vast,True,10,16,write,4096,False,6.755440248967918,9.223372036854776,4
0,4,1,32,64,True,vast,True,10,16,write,4096,False,6.74092493049839,9.223372036854776,4
0,4,24,32,64,True,vast,True,10,16,write,4096,False,35.064962861457346,221.3609288845146,96
0,4,24,32,64,True,vast,True,10,16,write,4096,False,49.021483006014186,221.3609288845146,96
0,4,24,32,64,True,vast,True,10,16,write,4096,False,50.58136842585053,221.3609288845146,96
0,4,24,32,64,True,vast,True,10,16,write,4096,False,47.503202658234706,221.3609288845146,96
0,4,24,32,64,True,vast,True,10,16,write,4096,False,52.07773501620503,221.3609288845146,96
0,4,24,32,64,True,vast,True,10,16,write,4096,False,60.023900976138286,221.3609288845146,96
0,4,24,32,64,True,vast,True,10,16,write,4096,False,55.57885891151317,221.3609288845146,96
0,4,24,32,64,True,vast,True,10,16,write,4096,False,67.76935075467581,221.3609288845146,96
0,4,24,32,64,True,vast,True,10,16,write,4096,False,68.09500922942611,221.3609288845146,96
0,4,24,32,64,True,vast,True,10,16,write,4096,False,74.21652415535445,221.3609288845146,96
0,1,24,32,64,False,vast,True,10,16,write,4096,False,14.955136099024164,55.34023222112865,24
0,1,24,32,64,False,vast,True,10,16,write,4096,False,15.645362649029382,55.34023222112865,24
0,1,24,32,64,False,vast,True,10,16,write,4096,False,15.450145576419123,55.34023222112865,24
0,1,24,32,64,False,vast,True,10,16,write,4096,False,15.881311807822843,55.34023222112865,24
0,1,24,32,64,False,vast,True,10,16,write,4096,False,15.604637099821876,55.34023222112865,24
0,1,24,32,64,False,vast,True,10,16,write,4096,False,16.001949989994923,55.34023222112865,24
0,1,24,32,64,False,vast,True,10,16,write,4096,False,15.808539406204657,55.34023222112865,24
0,1,24,32,64,False,vast,True,10,16,write,4096,False,15.989935598536805,55.34023222112865,24
0,1,24,32,64,False,vast,True,10,16,write,4096,False,15.603447868358694,55.34023222112865,24
0,1,24,32,64,False,vast,True,10,16,write,4096,False,15.485551272584054,55.34023222112865,24
0,2,1,32,64,True,vast,True,10,16,write,4096,False,3.7642585269665,4.611686018427388,2
0,2,1,32,64,True,vast,True,10,16,write,4096,False,4.058426386451934,4.611686018427388,2
0,2,1,32,64,True,vast,True,10,16,write,4096,False,3.982959964438107,4.611686018427388,2
0,2,1,32,64,True,vast,True,10,16,write,4096,False,3.9315533448099123,4.611686018427388,2
0,2,1,32,64,True,vast,True,10,16,write,4096,False,4.04908677681544,4.611686018427388,2
0,2,1,32,64,True,vast,True,10,16,write,4096,False,4.028137139506695,4.611686018427388,2
0,2,1,32,64,True,vast,True,10,16,write,4096,False,3.904544436235645,4.611686018427388,2
0,2,1,32,64,True,vast,True,10,16,write,4096,False,3.808641024714758,4.611686018427388,2
0,2,1,32,64,True,vast,True,10,16,write,4096,False,3.6202053911820546,4.611686018427388,2
0,2,1,32,64,True,vast,True,10,16,write,4096,False,4.041931187315189,4.611686018427388,2
0,4,2,4,64,False,vast,True,10,16,write,4096,False,6.270088170199748,2.305843009213694,8
0,4,2,4,64,False,vast,True,10,16,write,4096,False,7.585700775578843,2.305843009213694,8
0,4,2,4,64,False,vast,True,10,16,write,4096,False,9.460573957193478,2.305843009213694,8
0,4,2,4,64,False,vast,True,10,16,write,4096,False,8.633437377868075,2.305843009213694,8
0,4,2,4,64,False,vast,True,10,16,write,4096,False,10.08873312945771,2.305843009213694,8
0,4,2,4,64,False,vast,True,10,16,write,4096,False,9.486579233048715,2.305843009213694,8
0,4,2,4,64,False,vast,True,10,16,write,4096,False,8.259620030586465,2.305843009213694,8
0,4,2,4,64,False,vast,True,10,16,write,4096,False,6.747763136404194,2.305843009213694,8
0,4,2,4,64,False,vast,True,10,16,write,4096,False,7.5517681091987585,2.305843009213694,8
0,4,2,4,64,False,vast,True,10,16,write,4096,False,7.506804679247154,2.305843009213694,8
0,1,2,1,64,True,vast,True,10,16,write,4096,False,3.744332472445605,0.14411518807585588,2
0,1,2,1,64,True,vast,True,10,16,write,4096,False,3.7851915115981565,0.14411518807585588,2
0,1,2,1,64,True,vast,True,10,16,write,4096,False,3.905760908619173,0.14411518807585588,2
0,1,2,1,64,True,vast,True,10,16,write,4096,False,3.856774410200362,0.14411518807585588,2
0,1,2,1,64,True,vast,True,10,16,write,4096,False,3.9180908398255476,0.14411518807585588,2
0,1,2,1,64,True,vast,True,10,16,write,4096,False,3.9367262179624567,0.14411518807585588,2
0,1,2,1,64,True,vast,True,10,16,write,4096,False,3.7056489850620498,0.14411518807585588,2
0,1,2,1,64,True,vast,True,10,16,write,4096,False,3.9664326898690274,0.14411518807585588,2
0,1,2,1,64,True,vast,True,10,16,write,4096,False,4.072478108160155,0.14411518807585588,2
0,1,2,1,64,True,vast,True,10,16,write,4096,False,3.938156111885487,0.14411518807585588,2
0,8,16,4,64,True,vast,True,10,16,write,4096,False,15.197623547377473,36.893488147419106,128
0,8,16,4,64,True,vast,True,10,16,write,4096,False,20.94461431374909,36.893488147419106,128
0,8,16,4,64,True,vast,True,10,16,write,4096,False,25.220658137960253,36.893488147419106,128
0,8,16,4,64,True,vast,True,10,16,write,4096,False,27.606326518362685,36.893488147419106,128
0,8,16,4,64,True,vast,True,10,16,write,4096,False,31.579205812152956,36.893488147419106,128
0,8,16,4,64,True,vast,True,10,16,write,4096,False,40.452631767304986,36.893488147419106,128
0,8,16,4,64,True,vast,True,10,16,write,4096,False,42.16463000567047,36.893488147419106,128
0,8,16,4,64,True,vast,True,10,16,write,4096,False,35.90992494026319,36.893488147419106,128
0,8,16,4,64,True,vast,True,10,16,write,4096,False,80.39007726208048,36.893488147419106,128
0,8,16,4,64,True,vast,True,10,16,write,4096,False,95.42310073273006,36.893488147419106,128
0,2,16,4,64,False,vast,True,10,16,write,4096,False,13.401220060726919,9.223372036854776,32
0,2,16,4,64,False,vast,True,10,16,write,4096,False,14.54087874767923,9.223372036854776,32
0,2,16,4,64,False,vast,True,10,16,write,4096,False,16.065045774740984,9.223372036854776,32
0,2,16,4,64,False,vast,True,10,16,write,4096,False,14.239974359235106,9.223372036854776,32
0,2,16,4,64,False,vast,True,10,16,write,4096,False,17.206455945885423,9.223372036854776,32
0,2,16,4,64,False,vast,True,10,16,write,4096,False,14.895596484292522,9.223372036854776,32
0,2,16,4,64,False,vast,True,10,16,write,4096,False,14.940119990118008,9.223372036854776,32
0,2,16,4,64,False,vast,True,10,16,write,4096,False,14.395631610154812,9.223372036854776,32
0,2,16,4,64,False,vast,True,10,16,write,4096,False,13.822243316576769,9.223372036854776,32
0,2,16,4,64,False,vast,True,10,16,write,4096,False,15.169703416881465,9.223372036854776,32
0,1,2,32,64,True,vast,True,10,16,write,4096,False,3.9788140757256647,4.611686018427388,2
0,1,2,32,64,True,vast,True,10,16,write,4096,False,4.042582332028169,4.611686018427388,2
0,1,2,32,64,True,vast,True,10,16,write,4096,False,3.8862375507674,4.611686018427388,2
0,1,2,32,64,True,vast,True,10,16,write,4096,False,3.869106153038297,4.611686018427388,2
0,1,2,32,64,True,vast,True,10,16,write,4096,False,3.9842926762014423,4.611686018427388,2
0,1,2,32,64,True,vast,True,10,16,write,4096,False,3.859668893909191,4.611686018427388,2
0,1,2,32,64,True,vast,True,10,16,write,4096,False,3.5241890708635757,4.611686018427388,2
0,1,2,32,64,True,vast,True,10,16,write,4096,False,3.9536788066568263,4.611686018427388,2
0,1,2,32,64,True,vast,True,10,16,write,4096,False,3.535685001987393,4.611686018427388,2
0,1,2,32,64,True,vast,True,10,16,write,4096,False,3.6875022662857533,4.611686018427388,2
0,8,144,1,64,False,vast,True,10,16,write,4096,False,33.57558458914539,83.01034833169298,1152
0,8,144,1,64,False,vast,True,10,16,write,4096,False,34.440822871801956,83.01034833169298,1152
0,8,144,1,64,False,vast,True,10,16,write,4096,False,33.56556062957726,83.01034833169298,1152
0,8,144,1,64,False,vast,True,10,16,write,4096,False,32.94566529973315,83.01034833169298,1152
0,8,144,1,64,False,vast,True,10,16,write,4096,False,34.690279157934256,83.01034833169298,1152
0,8,144,1,64,False,vast,True,10,16,write,4096,False,32.978067022810876,83.01034833169298,1152
0,8,144,1,64,False,vast,True,10,16,write,4096,False,32.98964168826269,83.01034833169298,1152
0,8,144,1,64,False,vast,True,10,16,write,4096,False,31.289614519111694,83.01034833169298,1152
0,8,144,1,64,False,vast,True,10,16,write,4096,False,34.084267981107445,83.01034833169298,1152
0,8,144,1,64,False,vast,True,10,16,write,4096,False,32.18300573162308,83.01034833169298,1152
0,8,144,32,64,False,vast,True,10,16,write,4096,False,49.21875203024101,2656.3311466141754,1152
0,8,144,32,64,False,vast,True,10,16,write,4096,False,75.98667919621641,2656.3311466141754,1152
0,8,144,32,64,False,vast,True,10,16,write,4096,False,64.29525309785689,2656.3311466141754,1152
0,8,144,32,64,False,vast,True,10,16,write,4096,False,50.97704383526795,2656.3311466141754,1152
0,8,144,32,64,False,vast,True,10,16,write,4096,False,61.26309121803507,2656.3311466141754,1152
0,8,144,32,64,False,vast,True,10,16,write,4096,False,55.58315578437854,2656.3311466141754,1152
0,8,144,32,64,False,vast,True,10,16,write,4096,False,37.480435685683915,2656.3311466141754,1152
0,8,144,32,64,False,vast,True,10,16,write,4096,False,64.5827814517154,2656.3311466141754,1152
0,8,144,32,64,False,vast,True,10,16,write,4096,False,79.25739141235604,2656.3311466141754,1152
0,8,144,32,64,False,vast,True,10,16,write,4096,False,76.3135102864055,2656.3311466141754,1152
0,1,24,4,64,False,vast,True,10,16,write,4096,False,12.555277686676389,6.9175290276410815,24
0,1,24,4,64,False,vast,True,10,16,write,4096,False,11.536597475411565,6.9175290276410815,24
0,1,24,4,64,False,vast,True,10,16,write,4096,False,11.95439033862753,6.9175290276410815,24
0,1,24,4,64,False,vast,True,10,16,write,4096,False,11.876022429161878,6.9175290276410815,24
0,1,24,4,64,False,vast,True,10,16,write,4096,False,11.770073032255528,6.9175290276410815,24
0,1,24,4,64,False,vast,True,10,16,write,4096,False,11.711514541743782,6.9175290276410815,24
0,1,24,4,64,False,vast,True,10,16,write,4096,False,11.675454451115721,6.9175290276410815,24
0,1,24,4,64,False,vast,True,10,16,write,4096,False,11.607560854257075,6.9175290276410815,24
0,1,24,4,64,False,vast,True,10,16,write,4096,False,12.591202938244297,6.9175290276410815,24
0,1,24,4,64,False,vast,True,10,16,write,4096,False,12.156848324936268,6.9175290276410815,24
0,2,12,32,64,True,vast,True,10,16,write,4096,False,21.38897034270258,55.34023222112865,24
0,2,12,32,64,True,vast,True,10,16,write,4096,False,21.584625924303193,55.34023222112865,24
0,2,12,32,64,True,vast,True,10,16,write,4096,False,22.097660600056443,55.34023222112865,24
0,2,12,32,64,True,vast,True,10,16,write,4096,False,22.426483380198302,55.34023222112865,24
0,2,12,32,64,True,vast,True,10,16,write,4096,False,22.287792004866454,55.34023222112865,24
0,2,12,32,64,True,vast,True,10,16,write,4096,False,25.068944171677327,55.34023222112865,24
0,2,12,32,64,True,vast,True,10,16,write,4096,False,27.490673813639116,55.34023222112865,24
0,2,12,32,64,True,vast,True,10,16,write,4096,False,26.98217480038042,55.34023222112865,24
0,2,12,32,64,True,vast,True,10,16,write,4096,False,27.986365573100617,55.34023222112865,24
0,2,12,32,64,True,vast,True,10,16,write,4096,False,27.365254891725776,55.34023222112865,24
0,4,12,32,64,True,vast,True,10,16,write,4096,False,27.30930618683143,110.6804644422573,48
0,4,12,32,64,True,vast,True,10,16,write,4096,False,28.689420358166522,110.6804644422573,48
0,4,12,32,64,True,vast,True,10,16,write,4096,False,28.90616849859511,110.6804644422573,48
0,4,12,32,64,True,vast,True,10,16,write,4096,False,32.24226902808659,110.6804644422573,48
0,4,12,32,64,True,vast,True,10,16,write,4096,False,30.866223424265062,110.6804644422573,48
0,4,12,32,64,True,vast,True,10,16,write,4096,False,36.40899479197157,110.6804644422573,48
0,4,12,32,64,True,vast,True,10,16,write,4096,False,38.87157873406305,110.6804644422573,48
0,4,12,32,64,True,vast,True,10,16,write,4096,False,42.05230654294263,110.6804644422573,48
0,4,12,32,64,True,vast,True,10,16,write,4096,False,43.10902787047983,110.6804644422573,48
0,4,12,32,64,True,vast,True,10,16,write,4096,False,44.49840635998219,110.6804644422573,48
0,2,8,4,64,False,vast,True,10,16,write,4096,False,9.658613115053715,4.611686018427388,16
0,2,8,4,64,False,vast,True,10,16,write,4096,False,9.264349816539157,4.611686018427388,16
0,2,8,4,64,False,vast,True,10,16,write,4096,False,9.337212350312324,4.611686018427388,16
0,2,8,4,64,False,vast,True,10,16,write,4096,False,10.611495391260137,4.611686018427388,16
0,2,8,4,64,False,vast,True,10,16,write,4096,False,9.47316468454249,4.611686018427388,16
0,2,8,4,64,False,vast,True,10,16,write,4096,False,9.918906893865442,4.611686018427388,16
0,2,8,4,64,False,vast,True,10,16,write,4096,False,9.198986164204378,4.611686018427388,16
0,2,8,4,64,False,vast,True,10,16,write,4096,False,8.935881860980713,4.611686018427388,16
0,2,8,4,64,False,vast,True,10,16,write,4096,False,9.624892399546068,4.611686018427388,16
0,2,8,4,64,False,vast,True,10,16,write,4096,False,9.434582911289532,4.611686018427388,16
0,1,16,1,64,False,vast,True,10,16,write,4096,False,7.905866932748797,1.152921504606847,16
0,1,16,1,64,False,vast,True,10,16,write,4096,False,8.272915988032919,1.152921504606847,16
0,1,16,1,64,False,vast,True,10,16,write,4096,False,8.364930345809586,1.152921504606847,16
0,1,16,1,64,False,vast,True,10,16,write,4096,False,8.189257980594663,1.152921504606847,16
0,1,16,1,64,False,vast,True,10,16,write,4096,False,7.142982225470978,1.152921504606847,16
0,1,16,1,64,False,vast,True,10,16,write,4096,False,7.326472709504595,1.152921504606847,16
0,1,16,1,64,False,vast,True,10,16,write,4096,False,7.5845760948969065,1.152921504606847,16
0,1,16,1,64,False,vast,True,10,16,write,4096,False,6.536865878689192,1.152921504606847,16
0,1,16,1,64,False,vast,True,10,16,write,4096,False,7.718686273400598,1.152921504606847,16
0,1,16,1,64,False,vast,True,10,16,write,4096,False,7.507964474414153,1.152921504606847,16
0,2,12,4,64,True,vast,True,10,16,write,4096,False,11.441835490333714,6.9175290276410815,24
0,2,12,4,64,True,vast,True,10,16,write,4096,False,13.178929201854956,6.9175290276410815,24
0,2,12,4,64,True,vast,True,10,16,write,4096,False,15.504599558413869,6.9175290276410815,24
0,2,12,4,64,True,vast,True,10,16,write,4096,False,14.40180665149232,6.9175290276410815,24
0,2,12,4,64,True,vast,True,10,16,write,4096,False,17.41735147365505,6.9175290276410815,24
0,2,12,4,64,True,vast,True,10,16,write,4096,False,21.164363451712013,6.9175290276410815,24
0,2,12,4,64,True,vast,True,10,16,write,4096,False,25.672495979515876,6.9175290276410815,24
0,2,12,4,64,True,vast,True,10,16,write,4096,False,30.64642191510476,6.9175290276410815,24
0,2,12,4,64,True,vast,True,10,16,write,4096,False,32.52555189454128,6.9175290276410815,24
0,2,12,4,64,True,vast,True,10,16,write,4096,False,35.209863720680296,6.9175290276410815,24
0,1,288,4,64,True,vast,True,10,16,write,4096,False,18.156702041581518,83.01034833169298,288
0,1,288,4,64,True,vast,True,10,16,write,4096,False,26.380165688103993,83.01034833169298,288
0,1,288,4,64,True,vast,True,10,16,write,4096,False,27.92583357227786,83.01034833169298,288
0,1,288,4,64,True,vast,True,10,16,write,4096,False,38.33577937055161,83.01034833169298,288
0,1,288,4,64,True,vast,True,10,16,write,4096,False,38.67301681537631,83.01034833169298,288
0,1,288,4,64,True,vast,True,10,16,write,4096,False,23.320065354270554,83.01034833169298,288
0,1,288,4,64,True,vast,True,10,16,write,4096,False,24.97261043345914,83.01034833169298,288
0,1,288,4,64,True,vast,True,10,16,write,4096,False,19.518254348930725,83.01034833169298,288
0,1,288,4,64,True,vast,True,10,16,write,4096,False,20.45624126084889,83.01034833169298,288
0,1,288,4,64,True,vast,True,10,16,write,4096,False,21.120786691022182,83.01034833169298,288
0,1,1,4,64,True,vast,True,10,16,write,4096,False,2.0725369482205283,0.28823037615171176,1
0,1,1,4,64,True,vast,True,10,16,write,4096,False,2.093132237647886,0.28823037615171176,1
0,1,1,4,64,True,vast,True,10,16,write,4096,False,2.0761493006066294,0.28823037615171176,1
0,1,1,4,64,True,vast,True,10,16,write,4096,False,2.05896779874258,0.28823037615171176,1
0,1,1,4,64,True,vast,True,10,16,write,4096,False,2.0476791284081615,0.28823037615171176,1
0,1,1,4,64,True,vast,True,10,16,write,4096,False,2.0622666648722,0.28823037615171176,1
0,1,1,4,64,True,vast,True,10,16,write,4096,False,2.0365756175148264,0.28823037615171176,1
0,1,1,4,64,True,vast,True,10,16,write,4096,False,2.1339674566369315,0.28823037615171176,1
0,1,1,4,64,True,vast,True,10,16,write,4096,False,2.0933616090066653,0.28823037615171176,1
0,1,1,4,64,True,vast,True,10,16,write,4096,False,2.1219350408461453,0.28823037615171176,1
0,1,8,32,64,False,vast,True,10,16,write,4096,False,13.124276739512668,18.446744073709553,8
0,1,8,32,64,False,vast,True,10,16,write,4096,False,12.893229512126155,18.446744073709553,8
0,1,8,32,64,False,vast,True,10,16,write,4096,False,12.890481387850645,18.446744073709553,8
0,1,8,32,64,False,vast,True,10,16,write,4096,False,13.080132910694726,18.446744073709553,8
0,1,8,32,64,False,vast,True,10,16,write,4096,False,13.602807377314305,18.446744073709553,8
0,1,8,32,64,False,vast,True,10,16,write,4096,False,13.588592916772543,18.446744073709553,8
0,1,8,32,64,False,vast,True,10,16,write,4096,False,13.728785764095997,18.446744073709553,8
0,1,8,32,64,False,vast,True,10,16,write,4096,False,13.091121318042696,18.446744073709553,8
0,1,8,32,64,False,vast,True,10,16,write,4096,False,13.278231014777845,18.446744073709553,8
0,1,8,32,64,False,vast,True,10,16,write,4096,False,13.850672854646614,18.446744073709553,8
0,8,16,1,64,True,vast,True,10,16,write,4096,False,8.538886192964288,9.223372036854776,128
0,8,16,1,64,True,vast,True,10,16,write,4096,False,11.36853387146751,9.223372036854776,128
0,8,16,1,64,True,vast,True,10,16,write,4096,False,12.493759424370824,9.223372036854776,128
0,8,16,1,64,True,vast,True,10,16,write,4096,False,13.351019053670688,9.223372036854776,128
0,8,16,1,64,True,vast,True,10,16,write,4096,False,20.52191603343309,9.223372036854776,128
0,8,16,1,64,True,vast,True,10,16,write,4096,False,24.821638817622414,9.223372036854776,128
0,8,16,1,64,True,vast,True,10,16,write,4096,False,28.767159915689668,9.223372036854776,128
0,8,16,1,64,True,vast,True,10,16,write,4096,False,25.86709174459397,9.223372036854776,128
0,8,16,1,64,True,vast,True,10,16,write,4096,False,38.71186671607084,9.223372036854776,128
0,8,16,1,64,True,vast,True,10,16,write,4096,False,49.18033754668639,9.223372036854776,128
0,4,12,4,64,False,vast,True,10,16,write,4096,False,12.652694327572554,13.835058055282163,48
0,4,12,4,64,False,vast,True,10,16,write,4096,False,12.999078920724134,13.835058055282163,48
0,4,12,4,64,False,vast,True,10,16,write,4096,False,13.768806827156748,13.835058055282163,48
0,4,12,4,64,False,vast,True,10,16,write,4096,False,13.714087605899321,13.835058055282163,48
0,4,12,4,64,False,vast,True,10,16,write,4096,False,12.451255921801136,13.835058055282163,48
0,4,12,4,64,False,vast,True,10,16,write,4096,False,12.925720226714999,13.835058055282163,48
0,4,12,4,64,False,vast,True,10,16,write,4096,False,13.727325125987589,13.835058055282163,48
0,4,12,4,64,False,vast,True,10,16,write,4096,False,13.215221096788447,13.835058055282163,48
0,4,12,4,64,False,vast,True,10,16,write,4096,False,13.241789282790386,13.835058055282163,48
0,4,12,4,64,False,vast,True,10,16,write,4096,False,13.435133228287837,13.835058055282163,48
0,2,144,1,64,True,vast,True,10,16,write,4096,False,16.6830674836755,20.752587082923245,288
0,2,144,1,64,True,vast,True,10,16,write,4096,False,16.686586542295235,20.752587082923245,288
0,2,144,1,64,True,vast,True,10,16,write,4096,False,22.78641651278009,20.752587082923245,288
0,2,144,1,64,True,vast,True,10,16,write,4096,False,26.481101449353577,20.752587082923245,288
0,2,144,1,64,True,vast,True,10,16,write,4096,False,24.952216876079024,20.752587082923245,288
0,2,144,1,64,True,vast,True,10,16,write,4096,False,29.689061950613475,20.752587082923245,288
0,2,144,1,64,True,vast,True,10,16,write,4096,False,30.081858690788327,20.752587082923245,288
0,2,144,1,64,True,vast,True,10,16,write,4096,False,29.283491989349343,20.752587082923245,288
0,2,144,1,64,True,vast,True,10,16,write,4096,False,36.80184592419499,20.752587082923245,288
0,2,144,1,64,True,vast,True,10,16,write,4096,False,37.39884902272634,20.752587082923245,288
0,8,16,32,64,True,vast,True,10,16,write,4096,False,37.29217971548936,295.14790517935285,128
0,8,16,32,64,True,vast,True,10,16,write,4096,False,51.95626746502681,295.14790517935285,128
0,8,16,32,64,True,vast,True,10,16,write,4096,False,59.36130022091146,295.14790517935285,128
0,8,16,32,64,True,vast,True,10,16,write,4096,False,65.21499754417086,295.14790517935285,128
0,8,16,32,64,True,vast,True,10,16,write,4096,False,64.10636630184032,295.14790517935285,128
0,8,16,32,64,True,vast,True,10,16,write,4096,False,68.0837134200277,295.14790517935285,128
0,8,16,32,64,True,vast,True,10,16,write,4096,False,58.56522556928722,295.14790517935285,128
0,8,16,32,64,True,vast,True,10,16,write,4096,False,70.89909459770118,295.14790517935285,128
0,8,16,32,64,True,vast,True,10,16,write,4096,False,79.23777828280896,295.14790517935285,128
0,8,16,32,64,True,vast,True,10,16,write,4096,False,79.5471291842982,295.14790517935285,128
0,8,2,1,64,False,vast,True,10,16,write,4096,False,7.586757763389052,1.152921504606847,16
0,8,2,1,64,False,vast,True,10,16,write,4096,False,13.058089977304068,1.152921504606847,16
0,8,2,1,64,False,vast,True,10,16,write,4096,False,7.651684816210901,1.152921504606847,16
0,8,2,1,64,False,vast,True,10,16,write,4096,False,9.58909034256731,1.152921504606847,16
0,8,2,1,64,False,vast,True,10,16,write,4096,False,10.556511409550035,1.152921504606847,16
0,8,2,1,64,False,vast,True,10,16,write,4096,False,10.183090700020722,1.152921504606847,16
0,8,2,1,64,False,vast,True,10,16,write,4096,False,5.95589110287213,1.152921504606847,16
0,8,2,1,64,False,vast,True,10,16,write,4096,False,12.148109017438658,1.152921504606847,16
0,8,2,1,64,False,vast,True,10,16,write,4096,False,9.152377631500238,1.152921504606847,16
0,8,2,1,64,False,vast,True,10,16,write,4096,False,8.37466705813572,1.152921504606847,16
0,4,144,4,64,False,vast,True,10,16,write,4096,False,28.67695296276633,166.02069666338596,576
0,4,144,4,64,False,vast,True,10,16,write,4096,False,35.00655433237543,166.02069666338596,576
0,4,144,4,64,False,vast,True,10,16,write,4096,False,31.762341477215664,166.02069666338596,576
0,4,144,4,64,False,vast,True,10,16,write,4096,False,33.79286493607755,166.02069666338596,576
0,4,144,4,64,False,vast,True,10,16,write,4096,False,31.791466897686902,166.02069666338596,576
0,4,144,4,64,False,vast,True,10,16,write,4096,False,30.54478438905107,166.02069666338596,576
0,4,144,4,64,False,vast,True,10,16,write,4096,False,30.85797509994084,166.02069666338596,576
0,4,144,4,64,False,vast,True,10,16,write,4096,False,30.327522342473213,166.02069666338596,576
0,4,144,4,64,False,vast,True,10,16,write,4096,False,27.772204802011814,166.02069666338596,576
0,4,144,4,64,False,vast,True,10,16,write,4096,False,31.485662769665556,166.02069666338596,576
0,8,16,1,64,False,vast,True,10,16,write,4096,False,9.196023319755659,9.223372036854776,128
0,8,16,1,64,False,vast,True,10,16,write,4096,False,9.486077650466227,9.223372036854776,128
0,8,16,1,64,False,vast,True,10,16,write,4096,False,9.359275641551774,9.223372036854776,128
0,8,16,1,64,False,vast,True,10,16,write,4096,False,10.28517059784712,9.223372036854776,128
0,8,16,1,64,False,vast,True,10,16,write,4096,False,10.298190120309805,9.223372036854776,128
0,8,16,1,64,False,vast,True,10,16,write,4096,False,10.353333783434737,9.223372036854776,128
0,8,16,1,64,False,vast,True,10,16,write,4096,False,9.891625582951727,9.223372036854776,128
0,8,16,1,64,False,vast,True,10,16,write,4096,False,9.328890303459191,9.223372036854776,128
0,8,16,1,64,False,vast,True,10,16,write,4096,False,9.42020234428464,9.223372036854776,128
0,8,16,1,64,False,vast,True,10,16,write,4096,False,8.613583314191033,9.223372036854776,128
0,8,1,4,64,True,vast,True,10,16,write,4096,False,6.123359316067695,2.305843009213694,8
0,8,1,4,64,True,vast,True,10,16,write,4096,False,7.675859664317439,2.305843009213694,8
0,8,1,4,64,True,vast,True,10,16,write,4096,False,6.843687645489227,2.305843009213694,8
0,8,1,4,64,True,vast,True,10,16,write,4096,False,7.973940866279418,2.305843009213694,8
0,8,1,4,64,True,vast,True,10,16,write,4096,False,7.6921901005720645,2.305843009213694,8
0,8,1,4,64,True,vast,True,10,16,write,4096,False,8.878732153870608,2.305843009213694,8
0,8,1,4,64,True,vast,True,10,16,write,4096,False,7.163986111728323,2.305843009213694,8
0,8,1,4,64,True,vast,True,10,16,write,4096,False,7.841141348791962,2.305843009213694,8
0,8,1,4,64,True,vast,True,10,16,write,4096,False,10.12983188583457,2.305843009213694,8
0,8,1,4,64,True,vast,True,10,16,write,4096,False,10.036086246148157,2.305843009213694,8
0,2,1,1,64,True,vast,True,10,16,write,4096,False,3.49235522418844,0.14411518807585588,2
0,2,1,1,64,True,vast,True,10,16,write,4096,False,3.916117913601079,0.14411518807585588,2
0,2,1,1,64,True,vast,True,10,16,write,4096,False,3.989637468039471,0.14411518807585588,2
0,2,1,1,64,True,vast,True,10,16,write,4096,False,4.039154034800545,0.14411518807585588,2
0,2,1,1,64,True,vast,True,10,16,write,4096,False,3.8517730451671097,0.14411518807585588,2
0,2,1,1,64,True,vast,True,10,16,write,4096,False,3.973784774620186,0.14411518807585588,2
0,2,1,1,64,True,vast,True,10,16,write,4096,False,4.010770634413064,0.14411518807585588,2
0,2,1,1,64,True,vast,True,10,16,write,4096,False,3.9416812774031103,0.14411518807585588,2
0,2,1,1,64,True,vast,True,10,16,write,4096,False,4.091149376110461,0.14411518807585588,2
0,2,1,1,64,True,vast,True,10,16,write,4096,False,4.1016525398519255,0.14411518807585588,2
0,1,144,32,64,True,vast,True,10,16,write,4096,False,22.285635433571773,332.0413933267719,144
0,1,144,32,64,True,vast,True,10,16,write,4096,False,22.35266891335589,332.0413933267719,144
0,1,144,32,64,True,vast,True,10,16,write,4096,False,21.171490822850508,332.0413933267719,144
0,1,144,32,64,True,vast,True,10,16,write,4096,False,20.434962369669428,332.0413933267719,144
0,1,144,32,64,True,vast,True,10,16,write,4096,False,21.742179184945638,332.0413933267719,144
0,1,144,32,64,True,vast,True,10,16,write,4096,False,21.583979623180493,332.0413933267719,144
0,1,144,32,64,True,vast,True,10,16,write,4096,False,20.912614295541584,332.0413933267719,144
0,1,144,32,64,True,vast,True,10,16,write,4096,False,20.455162524919153,332.0413933267719,144
0,1,144,32,64,True,vast,True,10,16,write,4096,False,20.55929273983871,332.0413933267719,144
0,1,144,32,64,True,vast,True,10,16,write,4096,False,24.113285019479658,332.0413933267719,144
0,8,12,32,64,False,vast,True,10,16,write,4096,False,33.79620501202955,221.3609288845146,96
0,8,12,32,64,False,vast,True,10,16,write,4096,False,30.693463210977963,221.3609288845146,96
0,8,12,32,64,False,vast,True,10,16,write,4096,False,35.073432237515995,221.3609288845146,96
0,8,12,32,64,False,vast,True,10,16,write,4096,False,39.22464207417071,221.3609288845146,96
0,8,12,32,64,False,vast,True,10,16,write,4096,False,37.407621380260345,221.3609288845146,96
0,8,12,32,64,False,vast,True,10,16,write,4096,False,37.31328036640983,221.3609288845146,96
0,8,12,32,64,False,vast,True,10,16,write,4096,False,34.81832147967218,221.3609288845146,96
0,8,12,32,64,False,vast,True,10,16,write,4096,False,33.3429423242846,221.3609288845146,96
0,8,12,32,64,False,vast,True,10,16,write,4096,False,65.8650257162082,221.3609288845146,96
0,8,12,32,64,False,vast,True,10,16,write,4096,False,40.64779144364127,221.3609288845146,96
0,1,288,4,64,False,vast,True,10,16,write,4096,False,15.124908799025434,83.01034833169298,288
0,1,288,4,64,False,vast,True,10,16,write,4096,False,15.886048390094299,83.01034833169298,288
0,1,288,4,64,False,vast,True,10,16,write,4096,False,17.247573937576043,83.01034833169298,288
0,1,288,4,64,False,vast,True,10,16,write,4096,False,17.385361494978785,83.01034833169298,288
0,1,288,4,64,False,vast,True,10,16,write,4096,False,19.302819382877814,83.01034833169298,288
0,1,288,4,64,False,vast,True,10,16,write,4096,False,18.732684516029202,83.01034833169298,288
0,1,288,4,64,False,vast,True,10,16,write,4096,False,21.29628073062152,83.01034833169298,288
0,1,288,4,64,False,vast,True,10,16,write,4096,False,21.907375954256207,83.01034833169298,288
0,1,288,4,64,False,vast,True,10,16,write,4096,False,26.28107007150133,83.01034833169298,288
0,1,288,4,64,False,vast,True,10,16,write,4096,False,30.596713179872204,83.01034833169298,288
0,4,12,1,64,True,vast,True,10,16,write,4096,False,7.912004196706192,3.4587645138205407,48
0,4,12,1,64,True,vast,True,10,16,write,4096,False,11.360585230982768,3.4587645138205407,48
0,4,12,1,64,True,vast,True,10,16,write,4096,False,9.289038450620042,3.4587645138205407,48
0,4,12,1,64,True,vast,True,10,16,write,4096,False,13.180511446243969,3.4587645138205407,48
0,4,12,1,64,True,vast,True,10,16,write,4096,False,12.506391108630648,3.4587645138205407,48
0,4,12,1,64,True,vast,True,10,16,write,4096,False,17.32053343917581,3.4587645138205407,48
0,4,12,1,64,True,vast,True,10,16,write,4096,False,18.368828388073617,3.4587645138205407,48
0,4,12,1,64,True,vast,True,10,16,write,4096,False,21.699204080255466,3.4587645138205407,48
0,4,12,1,64,True,vast,True,10,16,write,4096,False,21.83584071924288,3.4587645138205407,48
0,4,12,1,64,True,vast,True,10,16,write,4096,False,23.882278587128553,3.4587645138205407,48
0,1,144,1,64,True,vast,True,10,16,write,4096,False,17.44816605067588,10.376293541461623,144
0,1,144,1,64,True,vast,True,10,16,write,4096,False,15.037416631224716,10.376293541461623,144
0,1,144,1,64,True,vast,True,10,16,write,4096,False,23.182777762958768,10.376293541461623,144
0,1,144,1,64,True,vast,True,10,16,write,4096,False,23.13500877088448,10.376293541461623,144
0,1,144,1,64,True,vast,True,10,16,write,4096,False,12.67064569556267,10.376293541461623,144
0,1,144,1,64,True,vast,True,10,16,write,4096,False,13.313926665527603,10.376293541461623,144
0,1,144,1,64,True,vast,True,10,16,write,4096,False,15.948224494305249,10.376293541461623,144
0,1,144,1,64,True,vast,True,10,16,write,4096,False,16.705436538534755,10.376293541461623,144
0,1,144,1,64,True,vast,True,10,16,write,4096,False,20.38689559546775,10.376293541461623,144
0,1,144,1,64,True,vast,True,10,16,write,4096,False,17.59152695830935,10.376293541461623,144
0,1,288,32,64,False,vast,True,10,16,write,4096,False,11.06417461552512,664.0827866535438,288
0,1,288,32,64,False,vast,True,10,16,write,4096,False,6.771342593664238,664.0827866535438,288
0,1,288,32,64,False,vast,True,10,16,write,4096,False,9.949092569861737,664.0827866535438,288
0,1,288,32,64,False,vast,True,10,16,write,4096,False,15.796240491962694,664.0827866535438,288
0,1,288,32,64,False,vast,True,10,16,write,4096,False,17.6254416477522,664.0827866535438,288
0,1,288,32,64,False,vast,True,10,16,write,4096,False,22.983203350403375,664.0827866535438,288
0,1,288,32,64,False,vast,True,10,16,write,4096,False,31.64500742348715,664.0827866535438,288
0,1,288,32,64,False,vast,True,10,16,write,4096,False,29.099669444660325,664.0827866535438,288
0,1,288,32,64,False,vast,True,10,16,write,4096,False,36.03898258186117,664.0827866535438,288
0,1,288,32,64,False,vast,True,10,16,write,4096,False,41.05597094191072,664.0827866535438,288
0,1,2,4,64,False,vast,True,10,16,write,4096,False,5.552464374912134,0.5764607523034235,2
0,1,2,4,64,False,vast,True,10,16,write,4096,False,6.1369825632704815,0.5764607523034235,2
0,1,2,4,64,False,vast,True,10,16,write,4096,False,6.539923082490448,0.5764607523034235,2
0,1,2,4,64,False,vast,True,10,16,write,4096,False,7.062710837915416,0.5764607523034235,2
0,1,2,4,64,False,vast,True,10,16,write,4096,False,6.398027341616879,0.5764607523034235,2
0,1,2,4,64,False,vast,True,10,16,write,4096,False,6.735357215646507,0.5764607523034235,2
0,1,2,4,64,False,vast,True,10,16,write,4096,False,6.60500511322263,0.5764607523034235,2
0,1,2,4,64,False,vast,True,10,16,write,4096,False,3.413250045435696,0.5764607523034235,2
0,1,2,4,64,False,vast,True,10,16,write,4096,False,5.992312481217821,0.5764607523034235,2
0,1,2,4,64,False,vast,True,10,16,write,4096,False,6.317533990625289,0.5764607523034235,2
0,1,24,32,64,True,vast,True,10,16,write,4096,False,18.43293719462081,55.34023222112865,24
0,1,24,32,64,True,vast,True,10,16,write,4096,False,18.894389174707406,55.34023222112865,24
0,1,24,32,64,True,vast,True,10,16,write,4096,False,19.931986236073715,55.34023222112865,24
0,1,24,32,64,True,vast,True,10,16,write,4096,False,20.566444001811014,55.34023222112865,24
0,1,24,32,64,True,vast,True,10,16,write,4096,False,22.361355318578184,55.34023222112865,24
0,1,24,32,64,True,vast,True,10,16,write,4096,False,23.435560938875945,55.34023222112865,24
0,1,24,32,64,True,vast,True,10,16,write,4096,False,24.74641703579242,55.34023222112865,24
0,1,24,32,64,True,vast,True,10,16,write,4096,False,25.881857232219286,55.34023222112865,24
0,1,24,32,64,True,vast,True,10,16,write,4096,False,26.683761277874755,55.34023222112865,24
0,1,24,32,64,True,vast,True,10,16,write,4096,False,29.4042934282013,55.34023222112865,24
0,8,24,32,64,True,vast,True,10,16,write,4096,False,41.488723215419256,442.7218577690292,192
0,8,24,32,64,True,vast,True,10,16,write,4096,False,62.92019581040378,442.7218577690292,192
0,8,24,32,64,True,vast,True,10,16,write,4096,False,63.15880668753069,442.7218577690292,192
0,8,24,32,64,True,vast,True,10,16,write,4096,False,59.616344255167796,442.7218577690292,192
0,8,24,32,64,True,vast,True,10,16,write,4096,False,59.91810275726766,442.7218577690292,192
0,8,24,32,64,True,vast,True,10,16,write,4096,False,76.24523212938954,442.7218577690292,192
0,8,24,32,64,True,vast,True,10,16,write,4096,False,88.43402823796325,442.7218577690292,192
0,8,24,32,64,True,vast,True,10,16,write,4096,False,64.49258414380665,442.7218577690292,192
0,8,24,32,64,True,vast,True,10,16,write,4096,False,74.38127818800412,442.7218577690292,192
0,8,24,32,64,True,vast,True,10,16,write,4096,False,94.49018055262381,442.7218577690292,192
0,4,1,4,64,False,vast,True,10,16,write,4096,False,7.206049941583585,1.152921504606847,4
0,4,1,4,64,False,vast,True,10,16,write,4096,False,9.7963013792781,1.152921504606847,4
0,4,1,4,64,False,vast,True,10,16,write,4096,False,8.66874569596748,1.152921504606847,4
0,4,1,4,64,False,vast,True,10,16,write,4096,False,9.494874271916274,1.152921504606847,4
0,4,1,4,64,False,vast,True,10,16,write,4096,False,8.910626100666564,1.152921504606847,4
0,4,1,4,64,False,vast,True,10,16,write,4096,False,9.423313434770652,1.152921504606847,4
0,4,1,4,64,False,vast,True,10,16,write,4096,False,9.733665167346512,1.152921504606847,4
0,4,1,4,64,False,vast,True,10,16,write,4096,False,10.302274677054564,1.152921504606847,4
0,4,1,4,64,False,vast,True,10,16,write,4096,False,9.459246537852092,1.152921504606847,4
0,4,1,4,64,False,vast,True,10,16,write,4096,False,8.493095904824282,1.152921504606847,4
0,8,16,32,64,False,vast,True,10,16,write,4096,False,35.62437965224709,295.14790517935285,128
0,8,16,32,64,False,vast,True,10,16,write,4096,False,33.44148416692751,295.14790517935285,128
0,8,16,32,64,False,vast,True,10,16,write,4096,False,36.62879583555062,295.14790517935285,128
0,8,16,32,64,False,vast,True,10,16,write,4096,False,39.97550857618695,295.14790517935285,128
0,8,16,32,64,False,vast,True,10,16,write,4096,False,45.264910832006315,295.14790517935285,128
0,8,16,32,64,False,vast,True,10,16,write,4096,False,34.634281774002,295.14790517935285,128
0,8,16,32,64,False,vast,True,10,16,write,4096,False,37.76600586443263,295.14790517935285,128
0,8,16,32,64,False,vast,True,10,16,write,4096,False,36.459987548393556,295.14790517935285,128
0,8,16,32,64,False,vast,True,10,16,write,4096,False,45.442094694748775,295.14790517935285,128
0,8,16,32,64,False,vast,True,10,16,write,4096,False,44.52862966976715,295.14790517935285,128
0,1,1,32,64,True,vast,True,10,16,write,4096,False,1.9755207537204984,2.305843009213694,1
0,1,1,32,64,True,vast,True,10,16,write,4096,False,2.083578948169736,2.305843009213694,1
0,1,1,32,64,True,vast,True,10,16,write,4096,False,2.1110194600034493,2.305843009213694,1
0,1,1,32,64,True,vast,True,10,16,write,4096,False,2.0931393272212193,2.305843009213694,1
0,1,1,32,64,True,vast,True,10,16,write,4096,False,2.0370855640462766,2.305843009213694,1
0,1,1,32,64,True,vast,True,10,16,write,4096,False,2.0781954298759975,2.305843009213694,1
0,1,1,32,64,True,vast,True,10,16,write,4096,False,2.055934986817581,2.305843009213694,1
0,1,1,32,64,True,vast,True,10,16,write,4096,False,2.0871701921238053,2.305843009213694,1
0,1,1,32,64,True,vast,True,10,16,write,4096,False,1.9978836431856097,2.305843009213694,1
0,1,1,32,64,True,vast,True,10,16,write,4096,False,2.085016890168794,2.305843009213694,1
0,8,144,32,64,True,vast,True,10,16,write,4096,False,49.9636315403034,2656.3311466141754,1152
0,8,144,32,64,True,vast,True,10,16,write,4096,False,47.792895929628905,2656.3311466141754,1152
0,8,144,32,64,True,vast,True,10,16,write,4096,False,66.7970641272155,2656.3311466141754,1152
0,8,144,32,64,True,vast,True,10,16,write,4096,False,65.42828462998115,2656.3311466141754,1152
0,8,144,32,64,True,vast,True,10,16,write,4096,False,71.17872231077777,2656.3311466141754,1152
0,8,144,32,64,True,vast,True,10,16,write,4096,False,76.87349330643056,2656.3311466141754,1152
0,8,144,32,64,True,vast,True,10,16,write,4096,False,72.36988023622742,2656.3311466141754,1152
0,8,144,32,64,True,vast,True,10,16,write,4096,False,74.28189911872485,2656.3311466141754,1152
0,8,144,32,64,True,vast,True,10,16,write,4096,False,86.98664929460264,2656.3311466141754,1152
0,8,144,32,64,True,vast,True,10,16,write,4096,False,90.52031832266965,2656.3311466141754,1152
0,1,1,4,64,False,vast,True,10,16,write,4096,False,4.868768224010302,0.28823037615171176,1
0,1,1,4,64,False,vast,True,10,16,write,4096,False,5.105857046369523,0.28823037615171176,1
0,1,1,4,64,False,vast,True,10,16,write,4096,False,4.355193489837079,0.28823037615171176,1
0,1,1,4,64,False,vast,True,10,16,write,4096,False,5.024098186825708,0.28823037615171176,1
0,1,1,4,64,False,vast,True,10,16,write,4096,False,4.908749476515257,0.28823037615171176,1
0,1,1,4,64,False,vast,True,10,16,write,4096,False,5.324997704817061,0.28823037615171176,1
0,1,1,4,64,False,vast,True,10,16,write,4096,False,4.794127048515178,0.28823037615171176,1
0,1,1,4,64,False,vast,True,10,16,write,4096,False,4.813719080525563,0.28823037615171176,1
0,1,1,4,64,False,vast,True,10,16,write,4096,False,4.540970254516813,0.28823037615171176,1
0,1,1,4,64,False,vast,True,10,16,write,4096,False,2.071615311358688,0.28823037615171176,1
0,8,8,1,64,False,vast,True,10,16,write,4096,False,8.202710547609417,4.611686018427388,64
0,8,8,1,64,False,vast,True,10,16,write,4096,False,7.996065004982104,4.611686018427388,64
0,8,8,1,64,False,vast,True,10,16,write,4096,False,8.741170904456089,4.611686018427388,64
0,8,8,1,64,False,vast,True,10,16,write,4096,False,8.755632449512518,4.611686018427388,64
0,8,8,1,64,False,vast,True,10,16,write,4096,False,9.07212435178932,4.611686018427388,64
0,8,8,1,64,False,vast,True,10,16,write,4096,False,9.92223224582144,4.611686018427388,64
0,8,8,1,64,False,vast,True,10,16,write,4096,False,8.668543405467302,4.611686018427388,64
0,8,8,1,64,False,vast,True,10,16,write,4096,False,8.681233106538365,4.611686018427388,64
0,8,8,1,64,False,vast,True,10,16,write,4096,False,9.612408008270835,4.611686018427388,64
0,8,8,1,64,False,vast,True,10,16,write,4096,False,8.575749992790854,4.611686018427388,64
0,8,8,1,64,True,vast,True,10,16,write,4096,False,7.360431167227413,4.611686018427388,64
0,8,8,1,64,True,vast,True,10,16,write,4096,False,10.190766228021717,4.611686018427388,64
0,8,8,1,64,True,vast,True,10,16,write,4096,False,11.227349016203652,4.611686018427388,64
0,8,8,1,64,True,vast,True,10,16,write,4096,False,13.28198891502935,4.611686018427388,64
0,8,8,1,64,True,vast,True,10,16,write,4096,False,16.061605352881024,4.611686018427388,64
0,8,8,1,64,True,vast,True,10,16,write,4096,False,21.618021608600873,4.611686018427388,64
0,8,8,1,64,True,vast,True,10,16,write,4096,False,29.726041579665306,4.611686018427388,64
0,8,8,1,64,True,vast,True,10,16,write,4096,False,23.229427498669892,4.611686018427388,64
0,8,8,1,64,True,vast,True,10,16,write,4096,False,34.54860342176829,4.611686018427388,64
0,8,8,1,64,True,vast,True,10,16,write,4096,False,35.03562290182624,4.611686018427388,64
0,1,8,1,64,True,vast,True,10,16,write,4096,False,6.884949366207562,0.5764607523034235,8
0,1,8,1,64,True,vast,True,10,16,write,4096,False,5.981846468869208,0.5764607523034235,8
0,1,8,1,64,True,vast,True,10,16,write,4096,False,11.235318573186552,0.5764607523034235,8
0,1,8,1,64,True,vast,True,10,16,write,4096,False,11.537588540849976,0.5764607523034235,8
0,1,8,1,64,True,vast,True,10,16,write,4096,False,10.476045309459698,0.5764607523034235,8
0,1,8,1,64,True,vast,True,10,16,write,4096,False,9.99149164154139,0.5764607523034235,8
0,1,8,1,64,True,vast,True,10,16,write,4096,False,10.573839463172702,0.5764607523034235,8
0,1,8,1,64,True,vast,True,10,16,write,4096,False,10.828331612814882,0.5764607523034235,8
0,1,8,1,64,True,vast,True,10,16,write,4096,False,10.13145911502054,0.5764607523034235,8
0,1,8,1,64,True,vast,True,10,16,write,4096,False,11.129282502776022,0.5764607523034235,8
0,1,16,4,64,False,vast,True,10,16,write,4096,False,9.325236543320237,4.611686018427388,16
0,1,16,4,64,False,vast,True,10,16,write,4096,False,9.081014823890467,4.611686018427388,16
0,1,16,4,64,False,vast,True,10,16,write,4096,False,9.079936296122073,4.611686018427388,16
0,1,16,4,64,False,vast,True,10,16,write,4096,False,9.4604475708612,4.611686018427388,16
0,1,16,4,64,False,vast,True,10,16,write,4096,False,9.384461709223682,4.611686018427388,16
0,1,16,4,64,False,vast,True,10,16,write,4096,False,10.927063435821546,4.611686018427388,16
0,1,16,4,64,False,vast,True,10,16,write,4096,False,9.204766431939742,4.611686018427388,16
0,1,16,4,64,False,vast,True,10,16,write,4096,False,9.48421436665688,4.611686018427388,16
0,1,16,4,64,False,vast,True,10,16,write,4096,False,9.093908160508747,4.611686018427388,16
0,1,16,4,64,False,vast,True,10,16,write,4096,False,9.50594615736052,4.611686018427388,16
0,8,2,32,64,False,vast,True,10,16,write,4096,False,18.606034612416366,36.893488147419106,16
0,8,2,32,64,False,vast,True,10,16,write,4096,False,19.589334406239047,36.893488147419106,16
0,8,2,32,64,False,vast,True,10,16,write,4096,False,19.211021497499924,36.893488147419106,16
0,8,2,32,64,False,vast,True,10,16,write,4096,False,19.175183732022667,36.893488147419106,16
0,8,2,32,64,False,vast,True,10,16,write,4096,False,19.01869779004578,36.893488147419106,16
0,8,2,32,64,False,vast,True,10,16,write,4096,False,20.00056884938535,36.893488147419106,16
0,8,2,32,64,False,vast,True,10,16,write,4096,False,19.396011115810833,36.893488147419106,16
0,8,2,32,64,False,vast,True,10,16,write,4096,False,20.28494219522808,36.893488147419106,16
0,8,2,32,64,False,vast,True,10,16,write,4096,False,18.364098447343572,36.893488147419106,16
0,8,2,32,64,False,vast,True,10,16,write,4096,False,19.21761843508996,36.893488147419106,16
0,2,12,1,64,True,vast,True,10,16,write,4096,False,8.701305172486238,1.7293822569102704,24
0,2,12,1,64,True,vast,True,10,16,write,4096,False,11.751856856772239,1.7293822569102704,24
0,2,12,1,64,True,vast,True,10,16,write,4096,False,10.514749012431277,1.7293822569102704,24
0,2,12,1,64,True,vast,True,10,16,write,4096,False,10.945163871440995,1.7293822569102704,24
0,2,12,1,64,True,vast,True,10,16,write,4096,False,12.113097106345714,1.7293822569102704,24
0,2,12,1,64,True,vast,True,10,16,write,4096,False,15.960290366384593,1.7293822569102704,24
0,2,12,1,64,True,vast,True,10,16,write,4096,False,12.629391020303874,1.7293822569102704,24
0,2,12,1,64,True,vast,True,10,16,write,4096,False,12.740109020173453,1.7293822569102704,24
0,2,12,1,64,True,vast,True,10,16,write,4096,False,19.6578777144217,1.7293822569102704,24
0,2,12,1,64,True,vast,True,10,16,write,4096,False,23.911896478258374,1.7293822569102704,24
0,8,24,1,64,True,vast,True,10,16,write,4096,False,8.037032196807594,13.835058055282163,192
0,8,24,1,64,True,vast,True,10,16,write,4096,False,11.166332305913754,13.835058055282163,192
0,8,24,1,64,True,vast,True,10,16,write,4096,False,15.05686108604562,13.835058055282163,192
0,8,24,1,64,True,vast,True,10,16,write,4096,False,22.246946033919418,13.835058055282163,192
0,8,24,1,64,True,vast,True,10,16,write,4096,False,27.484098942280927,13.835058055282163,192
0,8,24,1,64,True,vast,True,10,16,write,4096,False,37.09630103790288,13.835058055282163,192
0,8,24,1,64,True,vast,True,10,16,write,4096,False,41.52747675705379,13.835058055282163,192
0,8,24,1,64,True,vast,True,10,16,write,4096,False,25.783581181036936,13.835058055282163,192
0,8,24,1,64,True,vast,True,10,16,write,4096,False,62.50357306566872,13.835058055282163,192
0,8,24,1,64,True,vast,True,10,16,write,4096,False,84.43069481001787,13.835058055282163,192
0,1,144,1,64,False,vast,True,10,16,write,4096,False,12.516125319703727,10.376293541461623,144
0,1,144,1,64,False,vast,True,10,16,write,4096,False,14.090915974749478,10.376293541461623,144
0,1,144,1,64,False,vast,True,10,16,write,4096,False,13.444795013413124,10.376293541461623,144
0,1,144,1,64,False,vast,True,10,16,write,4096,False,12.11104525523625,10.376293541461623,144
0,1,144,1,64,False,vast,True,10,16,write,4096,False,12.882094931030947,10.376293541461623,144
0,1,144,1,64,False,vast,True,10,16,write,4096,False,12.96394725745881,10.376293541461623,144
0,1,144,1,64,False,vast,True,10,16,write,4096,False,12.90950590876107,10.376293541461623,144
0,1,144,1,64,False,vast,True,10,16,write,4096,False,13.379197776992415,10.376293541461623,144
0,1,144,1,64,False,vast,True,10,16,write,4096,False,14.821028532791107,10.376293541461623,144
0,1,144,1,64,False,vast,True,10,16,write,4096,False,14.982205478708265,10.376293541461623,144
0,1,1,32,64,False,vast,True,10,16,write,4096,False,6.929892619377792,2.305843009213694,1
0,1,1,32,64,False,vast,True,10,16,write,4096,False,7.526484984070981,2.305843009213694,1
0,1,1,32,64,False,vast,True,10,16,write,4096,False,7.167025321032477,2.305843009213694,1
0,1,1,32,64,False,vast,True,10,16,write,4096,False,5.924674796741681,2.305843009213694,1
0,1,1,32,64,False,vast,True,10,16,write,4096,False,7.335803761629024,2.305843009213694,1
0,1,1,32,64,False,vast,True,10,16,write,4096,False,5.735019818554634,2.305843009213694,1
0,1,1,32,64,False,vast,True,10,16,write,4096,False,6.745608852404346,2.305843009213694,1
0,1,1,32,64,False,vast,True,10,16,write,4096,False,7.4537967743227815,2.305843009213694,1
0,1,1,32,64,False,vast,True,10,16,write,4096,False,7.028578177557084,2.305843009213694,1
0,1,1,32,64,False,vast,True,10,16,write,4096,False,7.523373391542892,2.305843009213694,1
0,4,2,4,64,True,vast,True,10,16,write,4096,False,6.93927047726218,2.305843009213694,8
0,4,2,4,64,True,vast,True,10,16,write,4096,False,7.692237106417708,2.305843009213694,8
0,4,2,4,64,True,vast,True,10,16,write,4096,False,7.672777839876716,2.305843009213694,8
0,4,2,4,64,True,vast,True,10,16,write,4096,False,7.706369490812467,2.305843009213694,8
0,4,2,4,64,True,vast,True,10,16,write,4096,False,6.761970445318954,2.305843009213694,8
0,4,2,4,64,True,vast,True,10,16,write,4096,False,8.686047373908863,2.305843009213694,8
0,4,2,4,64,True,vast,True,10,16,write,4096,False,8.720887189847126,2.305843009213694,8
0,4,2,4,64,True,vast,True,10,16,write,4096,False,7.506803288471268,2.305843009213694,8
0,4,2,4,64,True,vast,True,10,16,write,4096,False,8.547930097690463,2.305843009213694,8
0,4,2,4,64,True,vast,True,10,16,write,4096,False,8.057548360343908,2.305843009213694,8
0,4,16,1,64,False,vast,True,10,16,write,4096,False,8.954816518592763,4.611686018427388,64
0,4,16,1,64,False,vast,True,10,16,write,4096,False,9.90444751821601,4.611686018427388,64
0,4,16,1,64,False,vast,True,10,16,write,4096,False,11.211588582500152,4.611686018427388,64
0,4,16,1,64,False,vast,True,10,16,write,4096,False,10.322626711508185,4.611686018427388,64
0,4,16,1,64,False,vast,True,10,16,write,4096,False,9.150148187405412,4.611686018427388,64
0,4,16,1,64,False,vast,True,10,16,write,4096,False,8.972842329562104,4.611686018427388,64
0,4,16,1,64,False,vast,True,10,16,write,4096,False,11.702854591837362,4.611686018427388,64
0,4,16,1,64,False,vast,True,10,16,write,4096,False,10.082154754897074,4.611686018427388,64
0,4,16,1,64,False,vast,True,10,16,write,4096,False,11.959420827598146,4.611686018427388,64
0,4,16,1,64,False,vast,True,10,16,write,4096,False,8.760291048741328,4.611686018427388,64
0,8,24,1,64,False,vast,True,10,16,write,4096,False,11.12472279414313,13.835058055282163,192
0,8,24,1,64,False,vast,True,10,16,write,4096,False,11.54400881404591,13.835058055282163,192
0,8,24,1,64,False,vast,True,10,16,write,4096,False,11.56598293512515,13.835058055282163,192
0,8,24,1,64,False,vast,True,10,16,write,4096,False,12.068943918910598,13.835058055282163,192
0,8,24,1,64,False,vast,True,10,16,write,4096,False,12.386607317461724,13.835058055282163,192
0,8,24,1,64,False,vast,True,10,16,write,4096,False,12.01051932636928,13.835058055282163,192
0,8,24,1,64,False,vast,True,10,16,write,4096,False,10.502421380417568,13.835058055282163,192
0,8,24,1,64,False,vast,True,10,16,write,4096,False,11.461354292206495,13.835058055282163,192
0,8,24,1,64,False,vast,True,10,16,write,4096,False,10.641620571404285,13.835058055282163,192
0,8,24,1,64,False,vast,True,10,16,write,4096,False,11.352927397575364,13.835058055282163,192
0,8,1,32,64,False,vast,True,10,16,write,4096,False,11.180873041246707,18.446744073709553,8
0,8,1,32,64,False,vast,True,10,16,write,4096,False,11.674583928943978,18.446744073709553,8
0,8,1,32,64,False,vast,True,10,16,write,4096,False,11.707531857004511,18.446744073709553,8
0,8,1,32,64,False,vast,True,10,16,write,4096,False,11.473938544706487,18.446744073709553,8
0,8,1,32,64,False,vast,True,10,16,write,4096,False,11.349192856269497,18.446744073709553,8
0,8,1,32,64,False,vast,True,10,16,write,4096,False,11.895037234351989,18.446744073709553,8
0,8,1,32,64,False,vast,True,10,16,write,4096,False,11.582890747007458,18.446744073709553,8
0,8,1,32,64,False,vast,True,10,16,write,4096,False,11.293985625758232,18.446744073709553,8
0,8,1,32,64,False,vast,True,10,16,write,4096,False,11.882627702770373,18.446744073709553,8
0,8,1,32,64,False,vast,True,10,16,write,4096,False,11.526582103256777,18.446744073709553,8
0,4,16,32,64,True,vast,True,10,16,write,4096,False,32.00575426112729,147.57395258967642,64
0,4,16,32,64,True,vast,True,10,16,write,4096,False,33.84902120502422,147.57395258967642,64
0,4,16,32,64,True,vast,True,10,16,write,4096,False,35.254106448709855,147.57395258967642,64
0,4,16,32,64,True,vast,True,10,16,write,4096,False,37.351051840492566,147.57395258967642,64
0,4,16,32,64,True,vast,True,10,16,write,4096,False,42.80742403707574,147.57395258967642,64
0,4,16,32,64,True,vast,True,10,16,write,4096,False,46.257645420476756,147.57395258967642,64
0,4,16,32,64,True,vast,True,10,16,write,4096,False,45.370512769218855,147.57395258967642,64
0,4,16,32,64,True,vast,True,10,16,write,4096,False,47.84123386929135,147.57395258967642,64
0,4,16,32,64,True,vast,True,10,16,write,4096,False,53.19645649976731,147.57395258967642,64
0,4,16,32,64,True,vast,True,10,16,write,4096,False,57.22284418134684,147.57395258967642,64
0,4,12,1,64,False,vast,True,10,16,write,4096,False,9.547005724126391,3.4587645138205407,48
0,4,12,1,64,False,vast,True,10,16,write,4096,False,12.829772049574824,3.4587645138205407,48
0,4,12,1,64,False,vast,True,10,16,write,4096,False,10.651205606617395,3.4587645138205407,48
0,4,12,1,64,False,vast,True,10,16,write,4096,False,10.63027025380587,3.4587645138205407,48
0,4,12,1,64,False,vast,True,10,16,write,4096,False,10.85656989070193,3.4587645138205407,48
0,4,12,1,64,False,vast,True,10,16,write,4096,False,11.84065043930954,3.4587645138205407,48
0,4,12,1,64,False,vast,True,10,16,write,4096,False,10.629341820558961,3.4587645138205407,48
0,4,12,1,64,False,vast,True,10,16,write,4096,False,11.854706768468278,3.4587645138205407,48
0,4,12,1,64,False,vast,True,10,16,write,4096,False,20.724466148693583,3.4587645138205407,48
0,4,12,1,64,False,vast,True,10,16,write,4096,False,18.86065269548006,3.4587645138205407,48
0,2,24,4,64,True,vast,True,10,16,write,4096,False,12.016473162968301,13.835058055282163,48
0,2,24,4,64,True,vast,True,10,16,write,4096,False,14.839742537754711,13.835058055282163,48
0,2,24,4,64,True,vast,True,10,16,write,4096,False,22.430240577216722,13.835058055282163,48
0,2,24,4,64,True,vast,True,10,16,write,4096,False,21.46841255847002,13.835058055282163,48
0,2,24,4,64,True,vast,True,10,16,write,4096,False,27.63479850768184,13.835058055282163,48
0,2,24,4,64,True,vast,True,10,16,write,4096,False,38.45646818514078,13.835058055282163,48
0,2,24,4,64,True,vast,True,10,16,write,4096,False,39.709241719465595,13.835058055282163,48
0,2,24,4,64,True,vast,True,10,16,write,4096,False,43.87654777359397,13.835058055282163,48
0,2,24,4,64,True,vast,True,10,16,write,4096,False,53.62055568665075,13.835058055282163,48
0,2,24,4,64,True,vast,True,10,16,write,4096,False,63.05432631830383,13.835058055282163,48
0,4,288,4,64,False,vast,True,10,16,write,4096,False,34.575007868255845,332.0413933267719,1152
0,4,288,4,64,False,vast,True,10,16,write,4096,False,46.04746529229953,332.0413933267719,1152
0,4,288,4,64,False,vast,True,10,16,write,4096,False,37.852786522339606,332.0413933267719,1152
0,4,288,4,64,False,vast,True,10,16,write,4096,False,41.766500494863394,332.0413933267719,1152
0,4,288,4,64,False,vast,True,10,16,write,4096,False,57.13236547118813,332.0413933267719,1152
0,4,288,4,64,False,vast,True,10,16,write,4096,False,59.95959803570451,332.0413933267719,1152
0,4,288,4,64,False,vast,True,10,16,write,4096,False,62.24733590756788,332.0413933267719,1152
0,4,288,4,64,False,vast,True,10,16,write,4096,False,60.235358907438965,332.0413933267719,1152
0,4,288,4,64,False,vast,True,10,16,write,4096,False,45.60313707483541,332.0413933267719,1152
0,4,288,4,64,False,vast,True,10,16,write,4096,False,50.3701870630656,332.0413933267719,1152
0,2,2,4,64,False,vast,True,10,16,write,4096,False,8.132535487708331,1.152921504606847,4
0,2,2,4,64,False,vast,True,10,16,write,4096,False,5.844181245015093,1.152921504606847,4
0,2,2,4,64,False,vast,True,10,16,write,4096,False,8.452991796956919,1.152921504606847,4
0,2,2,4,64,False,vast,True,10,16,write,4096,False,7.450760620382386,1.152921504606847,4
0,2,2,4,64,False,vast,True,10,16,write,4096,False,8.211183379661387,1.152921504606847,4
0,2,2,4,64,False,vast,True,10,16,write,4096,False,6.894430754261223,1.152921504606847,4
0,2,2,4,64,False,vast,True,10,16,write,4096,False,8.312348437341155,1.152921504606847,4
0,2,2,4,64,False,vast,True,10,16,write,4096,False,9.103660952683244,1.152921504606847,4
0,2,2,4,64,False,vast,True,10,16,write,4096,False,6.5384962492599605,1.152921504606847,4
0,2,2,4,64,False,vast,True,10,16,write,4096,False,10.286030599037856,1.152921504606847,4
0,4,16,1,64,True,vast,True,10,16,write,4096,False,8.429313881126037,4.611686018427388,64
0,4,16,1,64,True,vast,True,10,16,write,4096,False,10.43701442863478,4.611686018427388,64
0,4,16,1,64,True,vast,True,10,16,write,4096,False,12.163884588071042,4.611686018427388,64
0,4,16,1,64,True,vast,True,10,16,write,4096,False,14.575813122847334,4.611686018427388,64
0,4,16,1,64,True,vast,True,10,16,write,4096,False,16.990052444359787,4.611686018427388,64
0,4,16,1,64,True,vast,True,10,16,write,4096,False,14.27379768518739,4.611686018427388,64
0,4,16,1,64,True,vast,True,10,16,write,4096,False,22.46809501505834,4.611686018427388,64
0,4,16,1,64,True,vast,True,10,16,write,4096,False,21.00027273670176,4.611686018427388,64
0,4,16,1,64,True,vast,True,10,16,write,4096,False,27.384608818340826,4.611686018427388,64
0,4,16,1,64,True,vast,True,10,16,write,4096,False,40.60699223126979,4.611686018427388,64
0,8,24,4,64,True,vast,True,10,16,write,4096,False,15.045115964634677,55.34023222112865,192
0,8,24,4,64,True,vast,True,10,16,write,4096,False,20.63524046048854,55.34023222112865,192
0,8,24,4,64,True,vast,True,10,16,write,4096,False,21.386126364474062,55.34023222112865,192
0,8,24,4,64,True,vast,True,10,16,write,4096,False,34.92802932725549,55.34023222112865,192
0,8,24,4,64,True,vast,True,10,16,write,4096,False,34.019745619949816,55.34023222112865,192
0,8,24,4,64,True,vast,True,10,16,write,4096,False,75.81475036301501,55.34023222112865,192
0,8,24,4,64,True,vast,True,10,16,write,4096,False,81.19489144571574,55.34023222112865,192
0,8,24,4,64,True,vast,True,10,16,write,4096,False,70.7687419155488,55.34023222112865,192
0,8,24,4,64,True,vast,True,10,16,write,4096,False,70.14790803387815,55.34023222112865,192
0,8,24,4,64,True,vast,True,10,16,write,4096,False,90.61768604542235,55.34023222112865,192
0,2,16,32,64,True,vast,True,10,16,write,4096,False,25.453409838882255,73.78697629483821,32
0,2,16,32,64,True,vast,True,10,16,write,4096,False,26.679769365786985,73.78697629483821,32
0,2,16,32,64,True,vast,True,10,16,write,4096,False,27.635814561865818,73.78697629483821,32
0,2,16,32,64,True,vast,True,10,16,write,4096,False,28.088007024115765,73.78697629483821,32
0,2,16,32,64,True,vast,True,10,16,write,4096,False,31.20574723529216,73.78697629483821,32
0,2,16,32,64,True,vast,True,10,16,write,4096,False,34.05275016910888,73.78697629483821,32
0,2,16,32,64,True,vast,True,10,16,write,4096,False,38.482712474377024,73.78697629483821,32
0,2,16,32,64,True,vast,True,10,16,write,4096,False,40.93746040802768,73.78697629483821,32
0,2,16,32,64,True,vast,True,10,16,write,4096,False,42.34695356047322,73.78697629483821,32
0,2,16,32,64,True,vast,True,10,16,write,4096,False,41.08522542998517,73.78697629483821,32
0,4,8,1,64,True,vast,True,10,16,write,4096,False,7.827254462636068,2.305843009213694,32
0,4,8,1,64,True,vast,True,10,16,write,4096,False,10.135876664322016,2.305843009213694,32
0,4,8,1,64,True,vast,True,10,16,write,4096,False,14.578662667070478,2.305843009213694,32
0,4,8,1,64,True,vast,True,10,16,write,4096,False,14.958887912363975,2.305843009213694,32
0,4,8,1,64,True,vast,True,10,16,write,4096,False,12.302925247109895,2.305843009213694,32
0,4,8,1,64,True,vast,True,10,16,write,4096,False,12.315900746107094,2.305843009213694,32
0,4,8,1,64,True,vast,True,10,16,write,4096,False,26.146417081358248,2.305843009213694,32
0,4,8,1,64,True,vast,True,10,16,write,4096,False,25.014359318378524,2.305843009213694,32
0,4,8,1,64,True,vast,True,10,16,write,4096,False,34.989094773484105,2.305843009213694,32
0,4,8,1,64,True,vast,True,10,16,write,4096,False,26.32579100323907,2.305843009213694,32
0,1,16,32,64,True,vast,True,10,16,write,4096,False,16.470415111788846,36.893488147419106,16
0,1,16,32,64,True,vast,True,10,16,write,4096,False,16.947650602723346,36.893488147419106,16
0,1,16,32,64,True,vast,True,10,16,write,4096,False,18.05874548224696,36.893488147419106,16
0,1,16,32,64,True,vast,True,10,16,write,4096,False,18.420770677195677,36.893488147419106,16
0,1,16,32,64,True,vast,True,10,16,write,4096,False,19.9189177975598,36.893488147419106,16
0,1,16,32,64,True,vast,True,10,16,write,4096,False,21.186350211848175,36.893488147419106,16
0,1,16,32,64,True,vast,True,10,16,write,4096,False,21.56828269588067,36.893488147419106,16
0,1,16,32,64,True,vast,True,10,16,write,4096,False,23.85186705440481,36.893488147419106,16
0,1,16,32,64,True,vast,True,10,16,write,4096,False,25.345374924139172,36.893488147419106,16
0,1,16,32,64,True,vast,True,10,16,write,4096,False,29.738644844053837,36.893488147419106,16
0,2,144,32,64,False,vast,True,10,16,write,4096,False,30.312359872145905,664.0827866535438,288
0,2,144,32,64,False,vast,True,10,16,write,4096,False,24.826866111471773,664.0827866535438,288
0,2,144,32,64,False,vast,True,10,16,write,4096,False,27.533990985005843,664.0827866535438,288
0,2,144,32,64,False,vast,True,10,16,write,4096,False,31.54333960095699,664.0827866535438,288
0,2,144,32,64,False,vast,True,10,16,write,4096,False,27.893943995459647,664.0827866535438,288
0,2,144,32,64,False,vast,True,10,16,write,4096,False,34.27465745847089,664.0827866535438,288
0,2,144,32,64,False,vast,True,10,16,write,4096,False,37.9932424976358,664.0827866535438,288
0,2,144,32,64,False,vast,True,10,16,write,4096,False,42.874406400656525,664.0827866535438,288
0,2,144,32,64,False,vast,True,10,16,write,4096,False,41.72707588125236,664.0827866535438,288
0,2,144,32,64,False,vast,True,10,16,write,4096,False,64.69159607327366,664.0827866535438,288
0,8,2,4,64,False,vast,True,10,16,write,4096,False,8.564601647985024,4.611686018427388,16
0,8,2,4,64,False,vast,True,10,16,write,4096,False,8.840328589386917,4.611686018427388,16
0,8,2,4,64,False,vast,True,10,16,write,4096,False,8.511240074806768,4.611686018427388,16
0,8,2,4,64,False,vast,True,10,16,write,4096,False,8.510447741983947,4.611686018427388,16
0,8,2,4,64,False,vast,True,10,16,write,4096,False,7.897136264395127,4.611686018427388,16
0,8,2,4,64,False,vast,True,10,16,write,4096,False,8.366221021981563,4.611686018427388,16
0,8,2,4,64,False,vast,True,10,16,write,4096,False,8.373051295885757,4.611686018427388,16
0,8,2,4,64,False,vast,True,10,16,write,4096,False,7.946140277367095,4.611686018427388,16
0,8,2,4,64,False,vast,True,10,16,write,4096,False,9.52899688064611,4.611686018427388,16
0,8,2,4,64,False,vast,True,10,16,write,4096,False,8.148916177445052,4.611686018427388,16
0,8,8,4,64,True,vast,True,10,16,write,4096,False,10.830935515751715,18.446744073709553,64
0,8,8,4,64,True,vast,True,10,16,write,4096,False,15.470153181896007,18.446744073709553,64
0,8,8,4,64,True,vast,True,10,16,write,4096,False,18.687415692177552,18.446744073709553,64
0,8,8,4,64,True,vast,True,10,16,write,4096,False,20.767819079779223,18.446744073709553,64
0,8,8,4,64,True,vast,True,10,16,write,4096,False,25.292064784353894,18.446744073709553,64
0,8,8,4,64,True,vast,True,10,16,write,4096,False,29.73142537814306,18.446744073709553,64
0,8,8,4,64,True,vast,True,10,16,write,4096,False,29.767910834236805,18.446744073709553,64
0,8,8,4,64,True,vast,True,10,16,write,4096,False,26.948845603530927,18.446744073709553,64
0,8,8,4,64,True,vast,True,10,16,write,4096,False,26.524688097010767,18.446744073709553,64
0,8,8,4,64,True,vast,True,10,16,write,4096,False,36.12176408870792,18.446744073709553,64
0,1,12,1,64,True,vast,True,10,16,write,4096,False,7.64128854733409,0.8646911284551352,12
0,1,12,1,64,True,vast,True,10,16,write,4096,False,12.112186446279855,0.8646911284551352,12
0,1,12,1,64,True,vast,True,10,16,write,4096,False,12.636964245142812,0.8646911284551352,12
0,1,12,1,64,True,vast,True,10,16,write,4096,False,13.49439965890667,0.8646911284551352,12
0,1,12,1,64,True,vast,True,10,16,write,4096,False,16.149525981296993,0.8646911284551352,12
0,1,12,1,64,True,vast,True,10,16,write,4096,False,15.233511311045511,0.8646911284551352,12
0,1,12,1,64,True,vast,True,10,16,write,4096,False,12.387546265789773,0.8646911284551352,12
0,1,12,1,64,True,vast,True,10,16,write,4096,False,11.743330134935064,0.8646911284551352,12
0,1,12,1,64,True,vast,True,10,16,write,4096,False,11.343388400592081,0.8646911284551352,12
0,1,12,1,64,True,vast,True,10,16,write,4096,False,15.84163572678323,0.8646911284551352,12
0,8,1,1,64,False,vast,True,10,16,write,4096,False,8.192537410245981,0.5764607523034235,8
0,8,1,1,64,False,vast,True,10,16,write,4096,False,9.04253898740626,0.5764607523034235,8
0,8,1,1,64,False,vast,True,10,16,write,4096,False,6.962223178925403,0.5764607523034235,8
0,8,1,1,64,False,vast,True,10,16,write,4096,False,9.806865020292463,0.5764607523034235,8
0,8,1,1,64,False,vast,True,10,16,write,4096,False,6.638834383557692,0.5764607523034235,8
0,8,1,1,64,False,vast,True,10,16,write,4096,False,7.0817350903638685,0.5764607523034235,8
0,8,1,1,64,False,vast,True,10,16,write,4096,False,8.681093434586906,0.5764607523034235,8
0,8,1,1,64,False,vast,True,10,16,write,4096,False,9.60066923992461,0.5764607523034235,8
0,8,1,1,64,False,vast,True,10,16,write,4096,False,8.478480690211276,0.5764607523034235,8
0,8,1,1,64,False,vast,True,10,16,write,4096,False,8.254797982693555,0.5764607523034235,8
0,8,1,4,64,False,vast,True,10,16,write,4096,False,8.363627608534902,2.305843009213694,8
0,8,1,4,64,False,vast,True,10,16,write,4096,False,7.456353000018937,2.305843009213694,8
0,8,1,4,64,False,vast,True,10,16,write,4096,False,7.5350118632465035,2.305843009213694,8
0,8,1,4,64,False,vast,True,10,16,write,4096,False,8.34620575371858,2.305843009213694,8
0,8,1,4,64,False,vast,True,10,16,write,4096,False,7.27202409458374,2.305843009213694,8
0,8,1,4,64,False,vast,True,10,16,write,4096,False,8.793335954292884,2.305843009213694,8
0,8,1,4,64,False,vast,True,10,16,write,4096,False,7.822667095608001,2.305843009213694,8
0,8,1,4,64,False,vast,True,10,16,write,4096,False,7.500485607313114,2.305843009213694,8
0,8,1,4,64,False,vast,True,10,16,write,4096,False,8.28174284892711,2.305843009213694,8
0,8,1,4,64,False,vast,True,10,16,write,4096,False,8.176634032794821,2.305843009213694,8
0,2,2,32,64,False,vast,True,10,16,write,4096,False,12.069146309594892,9.223372036854776,4
0,2,2,32,64,False,vast,True,10,16,write,4096,False,10.998747082074626,9.223372036854776,4
0,2,2,32,64,False,vast,True,10,16,write,4096,False,11.896251620169535,9.223372036854776,4
0,2,2,32,64,False,vast,True,10,16,write,4096,False,11.75317302581696,9.223372036854776,4
0,2,2,32,64,False,vast,True,10,16,write,4096,False,12.28349477347625,9.223372036854776,4
0,2,2,32,64,False,vast,True,10,16,write,4096,False,12.075521969087852,9.223372036854776,4
0,2,2,32,64,False,vast,True,10,16,write,4096,False,11.771388278948475,9.223372036854776,4
0,2,2,32,64,False,vast,True,10,16,write,4096,False,11.51904794684121,9.223372036854776,4
0,2,2,32,64,False,vast,True,10,16,write,4096,False,12.294940539054323,9.223372036854776,4
0,2,2,32,64,False,vast,True,10,16,write,4096,False,11.22833797674779,9.223372036854776,4
0,8,12,1,64,False,vast,True,10,16,write,4096,False,8.628759638464803,6.9175290276410815,96
0,8,12,1,64,False,vast,True,10,16,write,4096,False,9.805250555703266,6.9175290276410815,96
0,8,12,1,64,False,vast,True,10,16,write,4096,False,8.579871535231018,6.9175290276410815,96
0,8,12,1,64,False,vast,True,10,16,write,4096,False,10.099104729526365,6.9175290276410815,96
0,8,12,1,64,False,vast,True,10,16,write,4096,False,9.28765842701427,6.9175290276410815,96
0,8,12,1,64,False,vast,True,10,16,write,4096,False,9.559743524903556,6.9175290276410815,96
0,8,12,1,64,False,vast,True,10,16,write,4096,False,9.753199488222377,6.9175290276410815,96
0,8,12,1,64,False,vast,True,10,16,write,4096,False,8.699201844685664,6.9175290276410815,96
0,8,12,1,64,False,vast,True,10,16,write,4096,False,9.976773142647085,6.9175290276410815,96
0,8,12,1,64,False,vast,True,10,16,write,4096,False,9.126922660221853,6.9175290276410815,96
0,4,288,1,64,True,vast,True,10,16,write,4096,False,19.884261919081528,83.01034833169298,1152
0,4,288,1,64,True,vast,True,10,16,write,4096,False,29.66943318014835,83.01034833169298,1152
0,4,288,1,64,True,vast,True,10,16,write,4096,False,31.552424657249993,83.01034833169298,1152
0,4,288,1,64,True,vast,True,10,16,write,4096,False,34.0301720026534,83.01034833169298,1152
0,4,288,1,64,True,vast,True,10,16,write,4096,False,35.94429950268913,83.01034833169298,1152
0,4,288,1,64,True,vast,True,10,16,write,4096,False,35.89095087884481,83.01034833169298,1152
0,4,288,1,64,True,vast,True,10,16,write,4096,False,44.175167145314575,83.01034833169298,1152
0,4,288,1,64,True,vast,True,10,16,write,4096,False,36.74535387466351,83.01034833169298,1152
0,4,288,1,64,True,vast,True,10,16,write,4096,False,61.42115212161107,83.01034833169298,1152
0,4,288,1,64,True,vast,True,10,16,write,4096,False,62.02259756918112,83.01034833169298,1152
0,8,16,4,64,False,vast,True,10,16,write,4096,False,21.032913256003962,36.893488147419106,128
0,8,16,4,64,False,vast,True,10,16,write,4096,False,19.58770392749364,36.893488147419106,128
0,8,16,4,64,False,vast,True,10,16,write,4096,False,19.09971674948901,36.893488147419106,128
0,8,16,4,64,False,vast,True,10,16,write,4096,False,18.965690021148035,36.893488147419106,128
0,8,16,4,64,False,vast,True,10,16,write,4096,False,19.360844023463677,36.893488147419106,128
0,8,16,4,64,False,vast,True,10,16,write,4096,False,19.484281985172416,36.893488147419106,128
0,8,16,4,64,False,vast,True,10,16,write,4096,False,18.89392413980641,36.893488147419106,128
0,8,16,4,64,False,vast,True,10,16,write,4096,False,18.905921335356492,36.893488147419106,128
0,8,16,4,64,False,vast,True,10,16,write,4096,False,19.20930403262071,36.893488147419106,128
0,8,16,4,64,False,vast,True,10,16,write,4096,False,19.472147846304214,36.893488147419106,128
0,8,24,4,64,False,vast,True,10,16,write,4096,False,25.308025581859244,55.34023222112865,192
0,8,24,4,64,False,vast,True,10,16,write,4096,False,26.055271690123632,55.34023222112865,192
0,8,24,4,64,False,vast,True,10,16,write,4096,False,26.27807667377309,55.34023222112865,192
0,8,24,4,64,False,vast,True,10,16,write,4096,False,25.146163543248477,55.34023222112865,192
0,8,24,4,64,False,vast,True,10,16,write,4096,False,26.424217585456745,55.34023222112865,192
0,8,24,4,64,False,vast,True,10,16,write,4096,False,25.52552469609964,55.34023222112865,192
0,8,24,4,64,False,vast,True,10,16,write,4096,False,25.655656053833027,55.34023222112865,192
0,8,24,4,64,False,vast,True,10,16,write,4096,False,24.694005275244212,55.34023222112865,192
0,8,24,4,64,False,vast,True,10,16,write,4096,False,25.083522256709145,55.34023222112865,192
0,8,24,4,64,False,vast,True,10,16,write,4096,False,24.697254731643614,55.34023222112865,192
0,4,16,4,64,True,vast,True,10,16,write,4096,False,12.013100661529748,18.446744073709553,64
0,4,16,4,64,True,vast,True,10,16,write,4096,False,15.166699089337609,18.446744073709553,64
0,4,16,4,64,True,vast,True,10,16,write,4096,False,15.895367478690325,18.446744073709553,64
0,4,16,4,64,True,vast,True,10,16,write,4096,False,19.565134453099873,18.446744073709553,64
0,4,16,4,64,True,vast,True,10,16,write,4096,False,19.878608471629768,18.446744073709553,64
0,4,16,4,64,True,vast,True,10,16,write,4096,False,25.1915920711505,18.446744073709553,64
0,4,16,4,64,True,vast,True,10,16,write,4096,False,25.283616728409744,18.446744073709553,64
0,4,16,4,64,True,vast,True,10,16,write,4096,False,25.18562424173181,18.446744073709553,64
0,4,16,4,64,True,vast,True,10,16,write,4096,False,29.112182075521098,18.446744073709553,64
0,4,16,4,64,True,vast,True,10,16,write,4096,False,35.09854842187629,18.446744073709553,64
0,2,2,4,64,True,vast,True,10,16,write,4096,False,5.711057885258753,1.152921504606847,4
0,2,2,4,64,True,vast,True,10,16,write,4096,False,5.751754362718257,1.152921504606847,4
0,2,2,4,64,True,vast,True,10,16,write,4096,False,5.824860151026849,1.152921504606847,4
0,2,2,4,64,True,vast,True,10,16,write,4096,False,5.974926674092967,1.152921504606847,4
0,2,2,4,64,True,vast,True,10,16,write,4096,False,6.644788241088299,1.152921504606847,4
0,2,2,4,64,True,vast,True,10,16,write,4096,False,6.480094591084205,1.152921504606847,4
0,2,2,4,64,True,vast,True,10,16,write,4096,False,6.959556305464859,1.152921504606847,4
0,2,2,4,64,True,vast,True,10,16,write,4096,False,6.711667218593459,1.152921504606847,4
0,2,2,4,64,True,vast,True,10,16,write,4096,False,6.3543075230356845,1.152921504606847,4
0,2,2,4,64,True,vast,True,10,16,write,4096,False,6.393012855005752,1.152921504606847,4
0,2,16,32,64,False,vast,True,10,16,write,4096,False,29.185047493263824,73.78697629483821,32
0,2,16,32,64,False,vast,True,10,16,write,4096,False,26.693825957171995,73.78697629483821,32
0,2,16,32,64,False,vast,True,10,16,write,4096,False,26.99232914232355,73.78697629483821,32
0,2,16,32,64,False,vast,True,10,16,write,4096,False,30.805717310499034,73.78697629483821,32
0,2,16,32,64,False,vast,True,10,16,write,4096,False,29.920826819476343,73.78697629483821,32
0,2,16,32,64,False,vast,True,10,16,write,4096,False,25.74262140839032,73.78697629483821,32
0,2,16,32,64,False,vast,True,10,16,write,4096,False,25.568611036378705,73.78697629483821,32
0,2,16,32,64,False,vast,True,10,16,write,4096,False,26.147149956018968,73.78697629483821,32
0,2,16,32,64,False,vast,True,10,16,write,4096,False,29.109437335559985,73.78697629483821,32
0,2,16,32,64,False,vast,True,10,16,write,4096,False,27.387393450696255,73.78697629483821,32
0,2,288,1,64,True,vast,True,10,16,write,4096,False,26.96466288864726,41.50517416584649,576
0,2,288,1,64,True,vast,True,10,16,write,4096,False,22.167760042670743,41.50517416584649,576
0,2,288,1,64,True,vast,True,10,16,write,4096,False,24.550099169626904,41.50517416584649,576
0,2,288,1,64,True,vast,True,10,16,write,4096,False,29.344637693010505,41.50517416584649,576
0,2,288,1,64,True,vast,True,10,16,write,4096,False,25.053242816889735,41.50517416584649,576
0,2,288,1,64,True,vast,True,10,16,write,4096,False,29.990491063592096,41.50517416584649,576
0,2,288,1,64,True,vast,True,10,16,write,4096,False,27.94020997894955,41.50517416584649,576
0,2,288,1,64,True,vast,True,10,16,write,4096,False,29.891897520132947,41.50517416584649,576
0,2,288,1,64,True,vast,True,10,16,write,4096,False,37.29181677674171,41.50517416584649,576
0,2,288,1,64,True,vast,True,10,16,write,4096,False,45.773626387258744,41.50517416584649,576
0,8,288,32,64,False,vast,True,10,16,write,4096,False,67.59832574277847,5312.662293228351,2304
0,8,288,32,64,False,vast,True,10,16,write,4096,False,56.72312898735496,5312.662293228351,2304
0,8,288,32,64,False,vast,True,10,16,write,4096,False,53.45497268144507,5312.662293228351,2304
0,8,288,32,64,False,vast,True,10,16,write,4096,False,55.419651317608974,5312.662293228351,2304
0,8,288,32,64,False,vast,True,10,16,write,4096,False,53.282568044750256,5312.662293228351,2304
0,8,288,32,64,False,vast,True,10,16,write,4096,False,55.8409227927217,5312.662293228351,2304
0,8,288,32,64,False,vast,True,10,16,write,4096,False,51.317724875096935,5312.662293228351,2304
0,8,288,32,64,False,vast,True,10,16,write,4096,False,54.11803438382365,5312.662293228351,2304
0,8,288,32,64,False,vast,True,10,16,write,4096,False,54.90795834085827,5312.662293228351,2304
0,8,288,32,64,False,vast,True,10,16,write,4096,False,55.058551011498054,5312.662293228351,2304
0,1,12,32,64,False,vast,True,10,16,write,4096,False,14.695238285350948,27.670116110564326,12
0,1,12,32,64,False,vast,True,10,16,write,4096,False,14.627982242990175,27.670116110564326,12
0,1,12,32,64,False,vast,True,10,16,write,4096,False,14.887778557829716,27.670116110564326,12
0,1,12,32,64,False,vast,True,10,16,write,4096,False,14.116180378546211,27.670116110564326,12
0,1,12,32,64,False,vast,True,10,16,write,4096,False,14.5488255964733,27.670116110564326,12
0,1,12,32,64,False,vast,True,10,16,write,4096,False,14.349848512639964,27.670116110564326,12
0,1,12,32,64,False,vast,True,10,16,write,4096,False,14.957857868320247,27.670116110564326,12
0,1,12,32,64,False,vast,True,10,16,write,4096,False,15.055775327864902,27.670116110564326,12
0,1,12,32,64,False,vast,True,10,16,write,4096,False,15.94314806062079,27.670116110564326,12
0,1,12,32,64,False,vast,True,10,16,write,4096,False,15.826945997385831,27.670116110564326,12
0,4,1,1,64,False,vast,True,10,16,write,4096,False,5.678129353417973,0.28823037615171176,4
0,4,1,1,64,False,vast,True,10,16,write,4096,False,6.821784396962622,0.28823037615171176,4
0,4,1,1,64,False,vast,True,10,16,write,4096,False,6.425979205798006,0.28823037615171176,4
0,4,1,1,64,False,vast,True,10,16,write,4096,False,3.689872638819701,0.28823037615171176,4
0,4,1,1,64,False,vast,True,10,16,write,4096,False,5.773284998425283,0.28823037615171176,4
0,4,1,1,64,False,vast,True,10,16,write,4096,False,6.568264741470069,0.28823037615171176,4
0,4,1,1,64,False,vast,True,10,16,write,4096,False,7.0845903961212775,0.28823037615171176,4
0,4,1,1,64,False,vast,True,10,16,write,4096,False,2.3675911538685095,0.28823037615171176,4
0,4,1,1,64,False,vast,True,10,16,write,4096,False,7.901825427926921,0.28823037615171176,4
0,4,1,1,64,False,vast,True,10,16,write,4096,False,8.197201800976462,0.28823037615171176,4
0,4,2,32,64,True,vast,True,10,16,write,4096,False,7.63653374025537,18.446744073709553,8
0,4,2,32,64,True,vast,True,10,16,write,4096,False,9.0440006505724,18.446744073709553,8
0,4,2,32,64,True,vast,True,10,16,write,4096,False,9.031551119277058,18.446744073709553,8
0,4,2,32,64,True,vast,True,10,16,write,4096,False,9.385699300440756,18.446744073709553,8
0,4,2,32,64,True,vast,True,10,16,write,4096,False,9.226300680957111,18.446744073709553,8
0,4,2,32,64,True,vast,True,10,16,write,4096,False,9.171761875350912,18.446744073709553,8
0,4,2,32,64,True,vast,True,10,16,write,4096,False,10.572885422214508,18.446744073709553,8
0,4,2,32,64,True,vast,True,10,16,write,4096,False,10.859479268870578,18.446744073709553,8
0,4,2,32,64,True,vast,True,10,16,write,4096,False,9.50026333929678,18.446744073709553,8
0,4,2,32,64,True,vast,True,10,16,write,4096,False,10.54082820353461,18.446744073709553,8
0,2,8,4,64,True,vast,True,10,16,write,4096,False,10.282715013961816,4.611686018427388,16
0,2,8,4,64,True,vast,True,10,16,write,4096,False,12.810134169239891,4.611686018427388,16
0,2,8,4,64,True,vast,True,10,16,write,4096,False,12.386723298415818,4.611686018427388,16
0,2,8,4,64,True,vast,True,10,16,write,4096,False,12.720257514696817,4.611686018427388,16
0,2,8,4,64,True,vast,True,10,16,write,4096,False,12.356881539886533,4.611686018427388,16
0,2,8,4,64,True,vast,True,10,16,write,4096,False,12.279769473543125,4.611686018427388,16
0,2,8,4,64,True,vast,True,10,16,write,4096,False,15.35400587401896,4.611686018427388,16
0,2,8,4,64,True,vast,True,10,16,write,4096,False,18.051872541045665,4.611686018427388,16
0,2,8,4,64,True,vast,True,10,16,write,4096,False,15.574329158860753,4.611686018427388,16
0,2,8,4,64,True,vast,True,10,16,write,4096,False,23.01363834492942,4.611686018427388,16
0,2,12,32,64,False,vast,True,10,16,write,4096,False,24.308811153534343,55.34023222112865,24
0,2,12,32,64,False,vast,True,10,16,write,4096,False,25.987780783204872,55.34023222112865,24
0,2,12,32,64,False,vast,True,10,16,write,4096,False,23.368706714587518,55.34023222112865,24
0,2,12,32,64,False,vast,True,10,16,write,4096,False,22.790437009404013,55.34023222112865,24
0,2,12,32,64,False,vast,True,10,16,write,4096,False,22.980773592208493,55.34023222112865,24
0,2,12,32,64,False,vast,True,10,16,write,4096,False,25.136855590462424,55.34023222112865,24
0,2,12,32,64,False,vast,True,10,16,write,4096,False,22.8644903087425,55.34023222112865,24
0,2,12,32,64,False,vast,True,10,16,write,4096,False,24.168465050264672,55.34023222112865,24
0,2,12,32,64,False,vast,True,10,16,write,4096,False,24.41687977694312,55.34023222112865,24
0,2,12,32,64,False,vast,True,10,16,write,4096,False,25.594706066295572,55.34023222112865,24
0,2,24,32,64,True,vast,True,10,16,write,4096,False,31.23800276708605,110.6804644422573,48
0,2,24,32,64,True,vast,True,10,16,write,4096,False,31.23982345766115,110.6804644422573,48
0,2,24,32,64,True,vast,True,10,16,write,4096,False,34.13788031212276,110.6804644422573,48
0,2,24,32,64,True,vast,True,10,16,write,4096,False,35.13166283381246,110.6804644422573,48
0,2,24,32,64,True,vast,True,10,16,write,4096,False,36.22317471553671,110.6804644422573,48
0,2,24,32,64,True,vast,True,10,16,write,4096,False,32.30277487815791,110.6804644422573,48
0,2,24,32,64,True,vast,True,10,16,write,4096,False,40.276842784710894,110.6804644422573,48
0,2,24,32,64,True,vast,True,10,16,write,4096,False,41.83903625265559,110.6804644422573,48
0,2,24,32,64,True,vast,True,10,16,write,4096,False,44.59558561376821,110.6804644422573,48
0,2,24,32,64,True,vast,True,10,16,write,4096,False,49.33826406761455,110.6804644422573,48
0,2,16,1,64,True,vast,True,10,16,write,4096,False,9.388822309226958,2.305843009213694,32
0,2,16,1,64,True,vast,True,10,16,write,4096,False,10.459468736179282,2.305843009213694,32
0,2,16,1,64,True,vast,True,10,16,write,4096,False,13.222581469380637,2.305843009213694,32
0,2,16,1,64,True,vast,True,10,16,write,4096,False,13.058899686017872,2.305843009213694,32
0,2,16,1,64,True,vast,True,10,16,write,4096,False,16.940087263022733,2.305843009213694,32
0,2,16,1,64,True,vast,True,10,16,write,4096,False,15.639719071372554,2.305843009213694,32
0,2,16,1,64,True,vast,True,10,16,write,4096,False,20.72456595069175,2.305843009213694,32
0,2,16,1,64,True,vast,True,10,16,write,4096,False,21.895341996868535,2.305843009213694,32
0,2,16,1,64,True,vast,True,10,16,write,4096,False,17.798721769333,2.305843009213694,32
0,2,16,1,64,True,vast,True,10,16,write,4096,False,25.577018025709528,2.305843009213694,32
0,2,288,4,64,True,vast,True,10,16,write,4096,False,26.37341682620384,166.02069666338596,576
0,2,288,4,64,True,vast,True,10,16,write,4096,False,29.8015079112308,166.02069666338596,576
0,2,288,4,64,True,vast,True,10,16,write,4096,False,28.04059295884432,166.02069666338596,576
0,2,288,4,64,True,vast,True,10,16,write,4096,False,30.85143293943666,166.02069666338596,576
0,2,288,4,64,True,vast,True,10,16,write,4096,False,35.60234824368182,166.02069666338596,576
0,2,288,4,64,True,vast,True,10,16,write,4096,False,32.27898129888535,166.02069666338596,576
0,2,288,4,64,True,vast,True,10,16,write,4096,False,28.79659821284236,166.02069666338596,576
0,2,288,4,64,True,vast,True,10,16,write,4096,False,29.425920572399534,166.02069666338596,576
0,2,288,4,64,True,vast,True,10,16,write,4096,False,33.883560672497616,166.02069666338596,576
0,2,288,4,64,True,vast,True,10,16,write,4096,False,35.61279957891934,166.02069666338596,576
0,4,144,1,64,False,vast,True,10,16,write,4096,False,25.330732726589357,41.50517416584649,576
0,4,144,1,64,False,vast,True,10,16,write,4096,False,24.311849198157923,41.50517416584649,576
0,4,144,1,64,False,vast,True,10,16,write,4096,False,26.820654804382237,41.50517416584649,576
0,4,144,1,64,False,vast,True,10,16,write,4096,False,26.746243842188616,41.50517416584649,576
0,4,144,1,64,False,vast,True,10,16,write,4096,False,25.034142292764045,41.50517416584649,576
0,4,144,1,64,False,vast,True,10,16,write,4096,False,25.790529475322085,41.50517416584649,576
0,4,144,1,64,False,vast,True,10,16,write,4096,False,26.318480867555213,41.50517416584649,576
0,4,144,1,64,False,vast,True,10,16,write,4096,False,25.09628873573739,41.50517416584649,576
0,4,144,1,64,False,vast,True,10,16,write,4096,False,25.989164906565875,41.50517416584649,576
0,4,144,1,64,False,vast,True,10,16,write,4096,False,26.769053236347357,41.50517416584649,576
0,1,16,4,64,True,vast,True,10,16,write,4096,False,11.535885700913312,4.611686018427388,16
0,1,16,4,64,True,vast,True,10,16,write,4096,False,11.758796570127942,4.611686018427388,16
0,1,16,4,64,True,vast,True,10,16,write,4096,False,13.728957757902956,4.611686018427388,16
0,1,16,4,64,True,vast,True,10,16,write,4096,False,18.46924206406696,4.611686018427388,16
0,1,16,4,64,True,vast,True,10,16,write,4096,False,17.57163468331502,4.611686018427388,16
0,1,16,4,64,True,vast,True,10,16,write,4096,False,19.1988275671577,4.611686018427388,16
0,1,16,4,64,True,vast,True,10,16,write,4096,False,19.836088813326185,4.611686018427388,16
0,1,16,4,64,True,vast,True,10,16,write,4096,False,22.213089624345532,4.611686018427388,16
0,1,16,4,64,True,vast,True,10,16,write,4096,False,19.95685956714177,4.611686018427388,16
0,1,16,4,64,True,vast,True,10,16,write,4096,False,28.558462533691056,4.611686018427388,16
0,4,24,1,64,False,vast,True,10,16,write,4096,False,8.561335018596782,6.9175290276410815,96
0,4,24,1,64,False,vast,True,10,16,write,4096,False,12.904384411410131,6.9175290276410815,96
0,4,24,1,64,False,vast,True,10,16,write,4096,False,11.893463990462747,6.9175290276410815,96
0,4,24,1,64,False,vast,True,10,16,write,4096,False,12.47740897596403,6.9175290276410815,96
0,4,24,1,64,False,vast,True,10,16,write,4096,False,9.772386787106047,6.9175290276410815,96
0,4,24,1,64,False,vast,True,10,16,write,4096,False,11.872529690381068,6.9175290276410815,96
0,4,24,1,64,False,vast,True,10,16,write,4096,False,12.453700720011453,6.9175290276410815,96
0,4,24,1,64,False,vast,True,10,16,write,4096,False,13.01215958560503,6.9175290276410815,96
0,4,24,1,64,False,vast,True,10,16,write,4096,False,12.09556378091434,6.9175290276410815,96
0,4,24,1,64,False,vast,True,10,16,write,4096,False,12.124603389064749,6.9175290276410815,96
0,1,12,32,64,True,vast,True,10,16,write,4096,False,14.605686872846636,27.670116110564326,12
0,1,12,32,64,True,vast,True,10,16,write,4096,False,14.401131144199573,27.670116110564326,12
0,1,12,32,64,True,vast,True,10,16,write,4096,False,16.732311943247783,27.670116110564326,12
0,1,12,32,64,True,vast,True,10,16,write,4096,False,17.224010441617608,27.670116110564326,12
0,1,12,32,64,True,vast,True,10,16,write,4096,False,18.173355036928797,27.670116110564326,12
0,1,12,32,64,True,vast,True,10,16,write,4096,False,18.35893530649995,27.670116110564326,12
0,1,12,32,64,True,vast,True,10,16,write,4096,False,20.485054453503807,27.670116110564326,12
0,1,12,32,64,True,vast,True,10,16,write,4096,False,22.58313188747408,27.670116110564326,12
0,1,12,32,64,True,vast,True,10,16,write,4096,False,26.603767149161033,27.670116110564326,12
0,1,12,32,64,True,vast,True,10,16,write,4096,False,25.92453785407153,27.670116110564326,12
0,4,8,4,64,True,vast,True,10,16,write,4096,False,10.662765685033529,9.223372036854776,32
0,4,8,4,64,True,vast,True,10,16,write,4096,False,12.340977417852027,9.223372036854776,32
0,4,8,4,64,True,vast,True,10,16,write,4096,False,12.619539375017505,9.223372036854776,32
0,4,8,4,64,True,vast,True,10,16,write,4096,False,14.318420957184975,9.223372036854776,32
0,4,8,4,64,True,vast,True,10,16,write,4096,False,15.117766816618895,9.223372036854776,32
0,4,8,4,64,True,vast,True,10,16,write,4096,False,15.823009271367019,9.223372036854776,32
0,4,8,4,64,True,vast,True,10,16,write,4096,False,16.679964379873425,9.223372036854776,32
0,4,8,4,64,True,vast,True,10,16,write,4096,False,18.097829423558593,9.223372036854776,32
0,4,8,4,64,True,vast,True,10,16,write,4096,False,20.0245477461601,9.223372036854776,32
0,4,8,4,64,True,vast,True,10,16,write,4096,False,26.288043022725603,9.223372036854776,32
0,2,1,32,64,False,vast,True,10,16,write,4096,False,10.489125098785657,4.611686018427388,2
0,2,1,32,64,False,vast,True,10,16,write,4096,False,10.790770479966417,4.611686018427388,2
0,2,1,32,64,False,vast,True,10,16,write,4096,False,11.319439242672384,4.611686018427388,2
0,2,1,32,64,False,vast,True,10,16,write,4096,False,10.824740283270634,4.611686018427388,2
0,2,1,32,64,False,vast,True,10,16,write,4096,False,10.904439218315598,4.611686018427388,2
0,2,1,32,64,False,vast,True,10,16,write,4096,False,10.709075680621586,4.611686018427388,2
0,2,1,32,64,False,vast,True,10,16,write,4096,False,10.655234707719204,4.611686018427388,2
0,2,1,32,64,False,vast,True,10,16,write,4096,False,11.391109594290562,4.611686018427388,2
0,2,1,32,64,False,vast,True,10,16,write,4096,False,10.37765202614994,4.611686018427388,2
0,2,1,32,64,False,vast,True,10,16,write,4096,False,10.754570408599417,4.611686018427388,2
0,4,288,32,64,True,vast,True,10,16,write,4096,False,51.92647784013304,2656.3311466141754,1152
0,4,288,32,64,True,vast,True,10,16,write,4096,False,59.88809780666498,2656.3311466141754,1152
0,4,288,32,64,True,vast,True,10,16,write,4096,False,62.15757117036026,2656.3311466141754,1152
0,4,288,32,64,True,vast,True,10,16,write,4096,False,59.352019792387516,2656.3311466141754,1152
0,4,288,32,64,True,vast,True,10,16,write,4096,False,62.86809105631566,2656.3311466141754,1152
0,4,288,32,64,True,vast,True,10,16,write,4096,False,63.57140473471259,2656.3311466141754,1152
0,4,288,32,64,True,vast,True,10,16,write,4096,False,61.733851582596024,2656.3311466141754,1152
0,4,288,32,64,True,vast,True,10,16,write,4096,False,65.15036065134237,2656.3311466141754,1152
0,4,288,32,64,True,vast,True,10,16,write,4096,False,69.36408275044249,2656.3311466141754,1152
0,4,288,32,64,True,vast,True,10,16,write,4096,False,74.60852099197987,2656.3311466141754,1152
0,1,1,1,64,False,vast,True,10,16,write,4096,False,2.170946192386384,0.07205759403792794,1
0,1,1,1,64,False,vast,True,10,16,write,4096,False,2.101146608001968,0.07205759403792794,1
0,1,1,1,64,False,vast,True,10,16,write,4096,False,2.172421517624376,0.07205759403792794,1
0,1,1,1,64,False,vast,True,10,16,write,4096,False,2.2555595223433738,0.07205759403792794,1
0,1,1,1,64,False,vast,True,10,16,write,4096,False,2.2246042343231722,0.07205759403792794,1
0,1,1,1,64,False,vast,True,10,16,write,4096,False,2.1046941715608978,0.07205759403792794,1
0,1,1,1,64,False,vast,True,10,16,write,4096,False,2.0497037286378847,0.07205759403792794,1
0,1,1,1,64,False,vast,True,10,16,write,4096,False,2.1206113961122877,0.07205759403792794,1
0,1,1,1,64,False,vast,True,10,16,write,4096,False,2.1455134830223535,0.07205759403792794,1
0,1,1,1,64,False,vast,True,10,16,write,4096,False,2.2499568339981226,0.07205759403792794,1
0,4,288,1,64,False,vast,True,10,16,write,4096,False,24.525351183932173,83.01034833169298,1152
0,4,288,1,64,False,vast,True,10,16,write,4096,False,25.220058891050403,83.01034833169298,1152
0,4,288,1,64,False,vast,True,10,16,write,4096,False,24.460140181330594,83.01034833169298,1152
0,4,288,1,64,False,vast,True,10,16,write,4096,False,19.322455347975612,83.01034833169298,1152
0,4,288,1,64,False,vast,True,10,16,write,4096,False,22.735099350580533,83.01034833169298,1152
0,4,288,1,64,False,vast,True,10,16,write,4096,False,22.026314266203773,83.01034833169298,1152
0,4,288,1,64,False,vast,True,10,16,write,4096,False,29.163010710843935,83.01034833169298,1152
0,4,288,1,64,False,vast,True,10,16,write,4096,False,19.38738242526624,83.01034833169298,1152
0,4,288,1,64,False,vast,True,10,16,write,4096,False,27.209497727313927,83.01034833169298,1152
0,4,288,1,64,False,vast,True,10,16,write,4096,False,26.752573871978548,83.01034833169298,1152
0,2,8,32,64,True,vast,True,10,16,write,4096,False,15.698465446732335,36.893488147419106,16
0,2,8,32,64,True,vast,True,10,16,write,4096,False,16.928909627359705,36.893488147419106,16
0,2,8,32,64,True,vast,True,10,16,write,4096,False,16.829971864220166,36.893488147419106,16
0,2,8,32,64,True,vast,True,10,16,write,4096,False,18.923775472530952,36.893488147419106,16
0,2,8,32,64,True,vast,True,10,16,write,4096,False,21.599537060312116,36.893488147419106,16
0,2,8,32,64,True,vast,True,10,16,write,4096,False,25.6444100413645,36.893488147419106,16
0,2,8,32,64,True,vast,True,10,16,write,4096,False,23.854051139699916,36.893488147419106,16
0,2,8,32,64,True,vast,True,10,16,write,4096,False,24.219175804208003,36.893488147419106,16
0,2,8,32,64,True,vast,True,10,16,write,4096,False,28.728169085502532,36.893488147419106,16
0,2,8,32,64,True,vast,True,10,16,write,4096,False,21.83501350243877,36.893488147419106,16
0,4,8,32,64,True,vast,True,10,16,write,4096,False,19.897140156246532,73.78697629483821,32
0,4,8,32,64,True,vast,True,10,16,write,4096,False,18.996466492110542,73.78697629483821,32
0,4,8,32,64,True,vast,True,10,16,write,4096,False,21.395574554854313,73.78697629483821,32
0,4,8,32,64,True,vast,True,10,16,write,4096,False,24.51840492289958,73.78697629483821,32
0,4,8,32,64,True,vast,True,10,16,write,4096,False,27.149930454701583,73.78697629483821,32
0,4,8,32,64,True,vast,True,10,16,write,4096,False,28.681497658991706,73.78697629483821,32
0,4,8,32,64,True,vast,True,10,16,write,4096,False,27.63434779989557,73.78697629483821,32
0,4,8,32,64,True,vast,True,10,16,write,4096,False,29.944532279940834,73.78697629483821,32
0,4,8,32,64,True,vast,True,10,16,write,4096,False,28.053171553457492,73.78697629483821,32
0,4,8,32,64,True,vast,True,10,16,write,4096,False,29.19518468817619,73.78697629483821,32
0,1,144,4,64,True,vast,True,10,16,write,4096,False,18.468096267684537,41.50517416584649,144
0,1,144,4,64,True,vast,True,10,16,write,4096,False,19.156428668120082,41.50517416584649,144
0,1,144,4,64,True,vast,True,10,16,write,4096,False,17.831606302777253,41.50517416584649,144
0,1,144,4,64,True,vast,True,10,16,write,4096,False,20.717347915524783,41.50517416584649,144
0,1,144,4,64,True,vast,True,10,16,write,4096,False,17.564144660211596,41.50517416584649,144
0,1,144,4,64,True,vast,True,10,16,write,4096,False,19.05277275900877,41.50517416584649,144
0,1,144,4,64,True,vast,True,10,16,write,4096,False,20.083744528901068,41.50517416584649,144
0,1,144,4,64,True,vast,True,10,16,write,4096,False,19.2873498269444,41.50517416584649,144
0,1,144,4,64,True,vast,True,10,16,write,4096,False,18.718831256836626,41.50517416584649,144
0,1,144,4,64,True,vast,True,10,16,write,4096,False,18.701519959697652,41.50517416584649,144
0,1,8,1,64,False,vast,True,10,16,write,4096,False,6.6286777048205145,0.5764607523034235,8
0,1,8,1,64,False,vast,True,10,16,write,4096,False,6.177960826452921,0.5764607523034235,8
0,1,8,1,64,False,vast,True,10,16,write,4096,False,6.141465108777496,0.5764607523034235,8
0,1,8,1,64,False,vast,True,10,16,write,4096,False,6.520033923016502,0.5764607523034235,8
0,1,8,1,64,False,vast,True,10,16,write,4096,False,6.952386946302,0.5764607523034235,8
0,1,8,1,64,False,vast,True,10,16,write,4096,False,6.351428870909268,0.5764607523034235,8
0,1,8,1,64,False,vast,True,10,16,write,4096,False,6.671063320730428,0.5764607523034235,8
0,1,8,1,64,False,vast,True,10,16,write,4096,False,6.28733416126344,0.5764607523034235,8
0,1,8,1,64,False,vast,True,10,16,write,4096,False,4.843330491648279,0.5764607523034235,8
0,1,8,1,64,False,vast,True,10,16,write,4096,False,7.31478788124898,0.5764607523034235,8
0,1,144,4,64,False,vast,True,10,16,write,4096,False,14.79975088860498,41.50517416584649,144
0,1,144,4,64,False,vast,True,10,16,write,4096,False,16.18894037351277,41.50517416584649,144
0,1,144,4,64,False,vast,True,10,16,write,4096,False,15.69958483787588,41.50517416584649,144
0,1,144,4,64,False,vast,True,10,16,write,4096,False,16.94213749469655,41.50517416584649,144
0,1,144,4,64,False,vast,True,10,16,write,4096,False,15.555679716485967,41.50517416584649,144
0,1,144,4,64,False,vast,True,10,16,write,4096,False,16.284712341544378,41.50517416584649,144
0,1,144,4,64,False,vast,True,10,16,write,4096,False,16.87852907775935,41.50517416584649,144
0,1,144,4,64,False,vast,True,10,16,write,4096,False,16.760433350344822,41.50517416584649,144
0,1,144,4,64,False,vast,True,10,16,write,4096,False,17.295565053011877,41.50517416584649,144
0,1,144,4,64,False,vast,True,10,16,write,4096,False,17.439802558223857,41.50517416584649,144
0,1,288,1,64,False,vast,True,10,16,write,4096,False,15.104139867019535,20.752587082923245,288
0,1,288,1,64,False,vast,True,10,16,write,4096,False,14.201794404489384,20.752587082923245,288
0,1,288,1,64,False,vast,True,10,16,write,4096,False,13.378395443151858,20.752587082923245,288
0,1,288,1,64,False,vast,True,10,16,write,4096,False,13.741489890232401,20.752587082923245,288
0,1,288,1,64,False,vast,True,10,16,write,4096,False,11.971568611598629,20.752587082923245,288
0,1,288,1,64,False,vast,True,10,16,write,4096,False,15.847441646285676,20.752587082923245,288
0,1,288,1,64,False,vast,True,10,16,write,4096,False,21.748360266646994,20.752587082923245,288
0,1,288,1,64,False,vast,True,10,16,write,4096,False,14.63704767357269,20.752587082923245,288
0,1,288,1,64,False,vast,True,10,16,write,4096,False,20.990034960000507,20.752587082923245,288
0,1,288,1,64,False,vast,True,10,16,write,4096,False,21.583713652936392,20.752587082923245,288
0,1,144,32,64,False,vast,True,10,16,write,4096,False,14.370450267458839,332.0413933267719,144
0,1,144,32,64,False,vast,True,10,16,write,4096,False,13.085197233220855,332.0413933267719,144
0,1,144,32,64,False,vast,True,10,16,write,4096,False,13.492045995077312,332.0413933267719,144
0,1,144,32,64,False,vast,True,10,16,write,4096,False,16.598902097893806,332.0413933267719,144
0,1,144,32,64,False,vast,True,10,16,write,4096,False,16.820193583974728,332.0413933267719,144
0,1,144,32,64,False,vast,True,10,16,write,4096,False,14.262690069279538,332.0413933267719,144
0,1,144,32,64,False,vast,True,10,16,write,4096,False,20.442653896835548,332.0413933267719,144
0,1,144,32,64,False,vast,True,10,16,write,4096,False,17.517096873916145,332.0413933267719,144
0,1,144,32,64,False,vast,True,10,16,write,4096,False,23.15989033195251,332.0413933267719,144
0,1,144,32,64,False,vast,True,10,16,write,4096,False,33.61945114300371,332.0413933267719,144
0,8,8,4,64,False,vast,True,10,16,write,4096,False,12.364232618610691,18.446744073709553,64
0,8,8,4,64,False,vast,True,10,16,write,4096,False,12.853953183906485,18.446744073709553,64
0,8,8,4,64,False,vast,True,10,16,write,4096,False,11.59544162629263,18.446744073709553,64
0,8,8,4,64,False,vast,True,10,16,write,4096,False,12.00764471473146,18.446744073709553,64
0,8,8,4,64,False,vast,True,10,16,write,4096,False,12.845728716245544,18.446744073709553,64
0,8,8,4,64,False,vast,True,10,16,write,4096,False,12.050477618596073,18.446744073709553,64
0,8,8,4,64,False,vast,True,10,16,write,4096,False,12.364877674378713,18.446744073709553,64
0,8,8,4,64,False,vast,True,10,16,write,4096,False,12.496528965543972,18.446744073709553,64
0,8,8,4,64,False,vast,True,10,16,write,4096,False,12.652129750836217,18.446744073709553,64
0,8,8,4,64,False,vast,True,10,16,write,4096,False,12.200400001468761,18.446744073709553,64
0,1,1,1,64,True,vast,True,10,16,write,4096,False,1.9595733553519241,0.07205759403792794,1
0,1,1,1,64,True,vast,True,10,16,write,4096,False,2.0712026783494646,0.07205759403792794,1
0,1,1,1,64,True,vast,True,10,16,write,4096,False,1.369135726760809,0.07205759403792794,1
0,1,1,1,64,True,vast,True,10,16,write,4096,False,2.052329947707008,0.07205759403792794,1
0,1,1,1,64,True,vast,True,10,16,write,4096,False,2.2006099639379544,0.07205759403792794,1
0,1,1,1,64,True,vast,True,10,16,write,4096,False,2.0439748640911635,0.07205759403792794,1
0,1,1,1,64,True,vast,True,10,16,write,4096,False,2.1423948261456798,0.07205759403792794,1
0,1,1,1,64,True,vast,True,10,16,write,4096,False,2.0010775169212676,0.07205759403792794,1
0,1,1,1,64,True,vast,True,10,16,write,4096,False,2.0584902088180534,0.07205759403792794,1
0,1,1,1,64,True,vast,True,10,16,write,4096,False,2.1171685049821636,0.07205759403792794,1
0,8,2,4,64,True,vast,True,10,16,write,4096,False,8.557227550490156,4.611686018427388,16
0,8,2,4,64,True,vast,True,10,16,write,4096,False,9.533253410845017,4.611686018427388,16
0,8,2,4,64,True,vast,True,10,16,write,4096,False,9.006553190737725,4.611686018427388,16
0,8,2,4,64,True,vast,True,10,16,write,4096,False,10.157701289445077,4.611686018427388,16
0,8,2,4,64,True,vast,True,10,16,write,4096,False,11.365552790605676,4.611686018427388,16
0,8,2,4,64,True,vast,True,10,16,write,4096,False,11.335729880594757,4.611686018427388,16
0,8,2,4,64,True,vast,True,10,16,write,4096,False,12.035349944190749,4.611686018427388,16
0,8,2,4,64,True,vast,True,10,16,write,4096,False,12.992155666897126,4.611686018427388,16
0,8,2,4,64,True,vast,True,10,16,write,4096,False,13.761942604591205,4.611686018427388,16
0,8,2,4,64,True,vast,True,10,16,write,4096,False,14.786847064446153,4.611686018427388,16
0,8,12,4,64,True,vast,True,10,16,write,4096,False,14.256411816102064,27.670116110564326,96
0,8,12,4,64,True,vast,True,10,16,write,4096,False,18.482395702849143,27.670116110564326,96
0,8,12,4,64,True,vast,True,10,16,write,4096,False,19.063771240126083,27.670116110564326,96
0,8,12,4,64,True,vast,True,10,16,write,4096,False,18.967689285987284,27.670116110564326,96
0,8,12,4,64,True,vast,True,10,16,write,4096,False,21.906020848352284,27.670116110564326,96
0,8,12,4,64,True,vast,True,10,16,write,4096,False,22.487618513554914,27.670116110564326,96
0,8,12,4,64,True,vast,True,10,16,write,4096,False,25.93032115057187,27.670116110564326,96
0,8,12,4,64,True,vast,True,10,16,write,4096,False,30.81182558788989,27.670116110564326,96
0,8,12,4,64,True,vast,True,10,16,write,4096,False,37.96072682633248,27.670116110564326,96
0,8,12,4,64,True,vast,True,10,16,write,4096,False,57.20129011579558,27.670116110564326,96
0,2,288,32,64,True,vast,True,10,16,write,4096,False,40.342552405630414,1328.1655733070877,576
0,2,288,32,64,True,vast,True,10,16,write,4096,False,41.13979158312095,1328.1655733070877,576
0,2,288,32,64,True,vast,True,10,16,write,4096,False,39.989354647989224,1328.1655733070877,576
0,2,288,32,64,True,vast,True,10,16,write,4096,False,36.656510082320665,1328.1655733070877,576
0,2,288,32,64,True,vast,True,10,16,write,4096,False,39.629215340311106,1328.1655733070877,576
0,2,288,32,64,True,vast,True,10,16,write,4096,False,39.435027324535646,1328.1655733070877,576
0,2,288,32,64,True,vast,True,10,16,write,4096,False,40.65660186003485,1328.1655733070877,576
0,2,288,32,64,True,vast,True,10,16,write,4096,False,40.65939554583624,1328.1655733070877,576
0,2,288,32,64,True,vast,True,10,16,write,4096,False,40.56967500595459,1328.1655733070877,576
0,2,288,32,64,True,vast,True,10,16,write,4096,False,44.15790141102749,1328.1655733070877,576
0,4,2,1,64,True,vast,True,10,16,write,4096,False,5.927035116759347,0.5764607523034235,8
0,4,2,1,64,True,vast,True,10,16,write,4096,False,8.947783512790734,0.5764607523034235,8
0,4,2,1,64,True,vast,True,10,16,write,4096,False,8.525986690645032,0.5764607523034235,8
0,4,2,1,64,True,vast,True,10,16,write,4096,False,6.679424889383622,0.5764607523034235,8
0,4,2,1,64,True,vast,True,10,16,write,4096,False,9.342997859010246,0.5764607523034235,8
0,4,2,1,64,True,vast,True,10,16,write,4096,False,10.531286835257484,0.5764607523034235,8
0,4,2,1,64,True,vast,True,10,16,write,4096,False,11.038433223234334,0.5764607523034235,8
0,4,2,1,64,True,vast,True,10,16,write,4096,False,10.26673681602635,0.5764607523034235,8
0,4,2,1,64,True,vast,True,10,16,write,4096,False,11.452582056171897,0.5764607523034235,8
0,4,2,1,64,True,vast,True,10,16,write,4096,False,11.272121940089567,0.5764607523034235,8
0,1,16,1,64,True,vast,True,10,16,write,4096,False,8.991971538193765,1.152921504606847,16
0,1,16,1,64,True,vast,True,10,16,write,4096,False,9.108135552126292,1.152921504606847,16
0,1,16,1,64,True,vast,True,10,16,write,4096,False,13.003196334151943,1.152921504606847,16
0,1,16,1,64,True,vast,True,10,16,write,4096,False,8.075075589137262,1.152921504606847,16
0,1,16,1,64,True,vast,True,10,16,write,4096,False,20.597922367030133,1.152921504606847,16
0,1,16,1,64,True,vast,True,10,16,write,4096,False,17.317928820758883,1.152921504606847,16
0,1,16,1,64,True,vast,True,10,16,write,4096,False,9.854082426227379,1.152921504606847,16
0,1,16,1,64,True,vast,True,10,16,write,4096,False,15.462260435217868,1.152921504606847,16
0,1,16,1,64,True,vast,True,10,16,write,4096,False,19.53300711302333,1.152921504606847,16
0,1,16,1,64,True,vast,True,10,16,write,4096,False,15.656533787835654,1.152921504606847,16
0,2,1,1,64,False,vast,True,10,16,write,4096,False,4.034723256183339,0.14411518807585588,2
0,2,1,1,64,False,vast,True,10,16,write,4096,False,4.112755764594154,0.14411518807585588,2
0,2,1,1,64,False,vast,True,10,16,write,4096,False,4.017743989287361,0.14411518807585588,2
0,2,1,1,64,False,vast,True,10,16,write,4096,False,4.06328711626623,0.14411518807585588,2
0,2,1,1,64,False,vast,True,10,16,write,4096,False,4.288111942914432,0.14411518807585588,2
0,2,1,1,64,False,vast,True,10,16,write,4096,False,4.279674137247723,0.14411518807585588,2
0,2,1,1,64,False,vast,True,10,16,write,4096,False,4.013853801772309,0.14411518807585588,2
0,2,1,1,64,False,vast,True,10,16,write,4096,False,4.290845063994766,0.14411518807585588,2
0,2,1,1,64,False,vast,True,10,16,write,4096,False,4.115591385562431,0.14411518807585588,2
0,2,1,1,64,False,vast,True,10,16,write,4096,False,4.158149281833892,0.14411518807585588,2
0,4,8,32,64,False,vast,True,10,16,write,4096,False,22.765979964367812,73.78697629483821,32
0,4,8,32,64,False,vast,True,10,16,write,4096,False,25.668789379532086,73.78697629483821,32
0,4,8,32,64,False,vast,True,10,16,write,4096,False,26.057227980378663,73.78697629483821,32
0,4,8,32,64,False,vast,True,10,16,write,4096,False,24.64137090439517,73.78697629483821,32
0,4,8,32,64,False,vast,True,10,16,write,4096,False,25.06164849091168,73.78697629483821,32
0,4,8,32,64,False,vast,True,10,16,write,4096,False,25.187396947068606,73.78697629483821,32
0,4,8,32,64,False,vast,True,10,16,write,4096,False,24.317865440670555,73.78697629483821,32
0,4,8,32,64,False,vast,True,10,16,write,4096,False,24.329342334667682,73.78697629483821,32
0,4,8,32,64,False,vast,True,10,16,write,4096,False,22.221590853182352,73.78697629483821,32
0,4,8,32,64,False,vast,True,10,16,write,4096,False,24.37040852629894,73.78697629483821,32
0,1,12,4,64,True,vast,True,10,16,write,4096,False,10.800996143597656,3.4587645138205407,12
0,1,12,4,64,True,vast,True,10,16,write,4096,False,10.034533018442213,3.4587645138205407,12
0,1,12,4,64,True,vast,True,10,16,write,4096,False,10.567958419990852,3.4587645138205407,12
0,1,12,4,64,True,vast,True,10,16,write,4096,False,15.819339969468695,3.4587645138205407,12
0,1,12,4,64,True,vast,True,10,16,write,4096,False,16.24516067415059,3.4587645138205407,12
0,1,12,4,64,True,vast,True,10,16,write,4096,False,16.673529658489773,3.4587645138205407,12
0,1,12,4,64,True,vast,True,10,16,write,4096,False,15.982841791944002,3.4587645138205407,12
0,1,12,4,64,True,vast,True,10,16,write,4096,False,18.68089168317751,3.4587645138205407,12
0,1,12,4,64,True,vast,True,10,16,write,4096,False,17.338414046288896,3.4587645138205407,12
0,1,12,4,64,True,vast,True,10,16,write,4096,False,21.410603812070697,3.4587645138205407,12
0,4,144,1,64,True,vast,True,10,16,write,4096,False,14.75535912463772,41.50517416584649,576
0,4,144,1,64,True,vast,True,10,16,write,4096,False,17.412702116546654,41.50517416584649,576
0,4,144,1,64,True,vast,True,10,16,write,4096,False,20.87319641870967,41.50517416584649,576
0,4,144,1,64,True,vast,True,10,16,write,4096,False,23.87826206307123,41.50517416584649,576
0,4,144,1,64,True,vast,True,10,16,write,4096,False,24.466981662840144,41.50517416584649,576
0,4,144,1,64,True,vast,True,10,16,write,4096,False,29.346864328660775,41.50517416584649,576
0,4,144,1,64,True,vast,True,10,16,write,4096,False,24.760140938843303,41.50517416584649,576
0,4,144,1,64,True,vast,True,10,16,write,4096,False,27.751511059214863,41.50517416584649,576
0,4,144,1,64,True,vast,True,10,16,write,4096,False,29.873011257134095,41.50517416584649,576
0,4,144,1,64,True,vast,True,10,16,write,4096,False,31.50078315062229,41.50517416584649,576
0,8,8,32,64,False,vast,True,10,16,write,4096,False,30.474891094924583,147.57395258967642,64
0,8,8,32,64,False,vast,True,10,16,write,4096,False,30.897879580763192,147.57395258967642,64
0,8,8,32,64,False,vast,True,10,16,write,4096,False,30.765906560588075,147.57395258967642,64
0,8,8,32,64,False,vast,True,10,16,write,4096,False,32.263513551072585,147.57395258967642,64
0,8,8,32,64,False,vast,True,10,16,write,4096,False,29.74055329822054,147.57395258967642,64
0,8,8,32,64,False,vast,True,10,16,write,4096,False,29.13095077770024,147.57395258967642,64
0,8,8,32,64,False,vast,True,10,16,write,4096,False,29.723058570246724,147.57395258967642,64
0,8,8,32,64,False,vast,True,10,16,write,4096,False,29.95955774238644,147.57395258967642,64
0,8,8,32,64,False,vast,True,10,16,write,4096,False,32.45075085935551,147.57395258967642,64
0,8,8,32,64,False,vast,True,10,16,write,4096,False,32.754135790337706,147.57395258967642,64
0,8,288,1,64,True,vast,True,10,16,write,4096,False,27.02323731084557,166.02069666338596,2304
0,8,288,1,64,True,vast,True,10,16,write,4096,False,48.15791690604876,166.02069666338596,2304
0,8,288,1,64,True,vast,True,10,16,write,4096,False,66.72044697954786,166.02069666338596,2304
0,8,288,1,64,True,vast,True,10,16,write,4096,False,68.26905082834296,166.02069666338596,2304
0,8,288,1,64,True,vast,True,10,16,write,4096,False,70.02806301382003,166.02069666338596,2304
0,8,288,1,64,True,vast,True,10,16,write,4096,False,66.39155386103772,166.02069666338596,2304
0,8,288,1,64,True,vast,True,10,16,write,4096,False,95.67289525883326,166.02069666338596,2304
0,8,288,1,64,True,vast,True,10,16,write,4096,False,72.04207373009936,166.02069666338596,2304
0,8,288,1,64,True,vast,True,10,16,write,4096,False,81.72482004633196,166.02069666338596,2304
0,8,288,1,64,True,vast,True,10,16,write,4096,False,87.02880620203723,166.02069666338596,2304
0,4,1,4,64,True,vast,True,10,16,write,4096,False,5.507090717300249,1.152921504606847,4
0,4,1,4,64,True,vast,True,10,16,write,4096,False,5.424131238636639,1.152921504606847,4
0,4,1,4,64,True,vast,True,10,16,write,4096,False,5.603945520831555,1.152921504606847,4
0,4,1,4,64,True,vast,True,10,16,write,4096,False,5.8591179996647895,1.152921504606847,4
0,4,1,4,64,True,vast,True,10,16,write,4096,False,6.037659107938777,1.152921504606847,4
0,4,1,4,64,True,vast,True,10,16,write,4096,False,5.148663159749878,1.152921504606847,4
0,4,1,4,64,True,vast,True,10,16,write,4096,False,7.2068770568184215,1.152921504606847,4
0,4,1,4,64,True,vast,True,10,16,write,4096,False,6.401363243502913,1.152921504606847,4
0,4,1,4,64,True,vast,True,10,16,write,4096,False,5.420630302111177,1.152921504606847,4
0,4,1,4,64,True,vast,True,10,16,write,4096,False,7.442566818503611,1.152921504606847,4
0,8,12,1,64,True,vast,True,10,16,write,4096,False,8.311930570365208,6.9175290276410815,96
0,8,12,1,64,True,vast,True,10,16,write,4096,False,11.445875853593568,6.9175290276410815,96
0,8,12,1,64,True,vast,True,10,16,write,4096,False,11.559038325265938,6.9175290276410815,96
0,8,12,1,64,True,vast,True,10,16,write,4096,False,11.516894295288989,6.9175290276410815,96
0,8,12,1,64,True,vast,True,10,16,write,4096,False,13.361972461415075,6.9175290276410815,96
0,8,12,1,64,True,vast,True,10,16,write,4096,False,16.939870741948386,6.9175290276410815,96
0,8,12,1,64,True,vast,True,10,16,write,4096,False,20.116086876124708,6.9175290276410815,96
0,8,12,1,64,True,vast,True,10,16,write,4096,False,25.80144357024692,6.9175290276410815,96
0,8,12,1,64,True,vast,True,10,16,write,4096,False,28.357598176272276,6.9175290276410815,96
0,8,12,1,64,True,vast,True,10,16,write,4096,False,35.57792677030668,6.9175290276410815,96
0,1,24,1,64,True,vast,True,10,16,write,4096,False,10.744820561736367,1.7293822569102704,24
0,1,24,1,64,True,vast,True,10,16,write,4096,False,9.405672517045614,1.7293822569102704,24
0,1,24,1,64,True,vast,True,10,16,write,4096,False,8.561571953420277,1.7293822569102704,24
0,1,24,1,64,True,vast,True,10,16,write,4096,False,14.000058273726138,1.7293822569102704,24
0,1,24,1,64,True,vast,True,10,16,write,4096,False,14.245784469468528,1.7293822569102704,24
0,1,24,1,64,True,vast,True,10,16,write,4096,False,9.404033386393502,1.7293822569102704,24
0,1,24,1,64,True,vast,True,10,16,write,4096,False,19.365092997066164,1.7293822569102704,24
0,1,24,1,64,True,vast,True,10,16,write,4096,False,16.420530100315784,1.7293822569102704,24
0,1,24,1,64,True,vast,True,10,16,write,4096,False,22.324700934522674,1.7293822569102704,24
0,1,24,1,64,True,vast,True,10,16,write,4096,False,21.6819555283905,1.7293822569102704,24
0,8,288,1,64,False,vast,True,10,16,write,4096,False,30.926355244349686,166.02069666338596,2304
0,8,288,1,64,False,vast,True,10,16,write,4096,False,32.52275950574963,166.02069666338596,2304
0,8,288,1,64,False,vast,True,10,16,write,4096,False,39.07889167512961,166.02069666338596,2304
0,8,288,1,64,False,vast,True,10,16,write,4096,False,32.991969073936765,166.02069666338596,2304
0,8,288,1,64,False,vast,True,10,16,write,4096,False,40.14571416607007,166.02069666338596,2304
0,8,288,1,64,False,vast,True,10,16,write,4096,False,29.750757032123193,166.02069666338596,2304
0,8,288,1,64,False,vast,True,10,16,write,4096,False,35.31538094211505,166.02069666338596,2304
0,8,288,1,64,False,vast,True,10,16,write,4096,False,32.44924353825926,166.02069666338596,2304
0,8,288,1,64,False,vast,True,10,16,write,4096,False,33.63882512535544,166.02069666338596,2304
0,8,288,1,64,False,vast,True,10,16,write,4096,False,32.50653126159352,166.02069666338596,2304
0,2,16,4,64,True,vast,True,10,16,write,4096,False,11.149745283947047,9.223372036854776,32
0,2,16,4,64,True,vast,True,10,16,write,4096,False,15.085929418082697,9.223372036854776,32
0,2,16,4,64,True,vast,True,10,16,write,4096,False,15.583004392921701,9.223372036854776,32
0,2,16,4,64,True,vast,True,10,16,write,4096,False,20.787837178591282,9.223372036854776,32
0,2,16,4,64,True,vast,True,10,16,write,4096,False,21.745583399775924,9.223372036854776,32
0,2,16,4,64,True,vast,True,10,16,write,4096,False,30.016859511605784,9.223372036854776,32
0,2,16,4,64,True,vast,True,10,16,write,4096,False,35.0826489053575,9.223372036854776,32
0,2,16,4,64,True,vast,True,10,16,write,4096,False,37.41692977378182,9.223372036854776,32
0,2,16,4,64,True,vast,True,10,16,write,4096,False,47.09848759684133,9.223372036854776,32
0,2,16,4,64,True,vast,True,10,16,write,4096,False,45.97759014854702,9.223372036854776,32
0,8,12,4,64,False,vast,True,10,16,write,4096,False,17.171879337501338,27.670116110564326,96
0,8,12,4,64,False,vast,True,10,16,write,4096,False,15.871465666901939,27.670116110564326,96
0,8,12,4,64,False,vast,True,10,16,write,4096,False,15.838231163434187,27.670116110564326,96
0,8,12,4,64,False,vast,True,10,16,write,4096,False,16.250682841141987,27.670116110564326,96
0,8,12,4,64,False,vast,True,10,16,write,4096,False,15.654459094490974,27.670116110564326,96
0,8,12,4,64,False,vast,True,10,16,write,4096,False,16.076796470694813,27.670116110564326,96
0,8,12,4,64,False,vast,True,10,16,write,4096,False,16.664851330393684,27.670116110564326,96
0,8,12,4,64,False,vast,True,10,16,write,4096,False,16.183609261932453,27.670116110564326,96
0,8,12,4,64,False,vast,True,10,16,write,4096,False,15.105349000203214,27.670116110564326,96
0,8,12,4,64,False,vast,True,10,16,write,4096,False,16.298125337337897,27.670116110564326,96
0,4,16,4,64,False,vast,True,10,16,write,4096,False,13.690655836696553,18.446744073709553,64
0,4,16,4,64,False,vast,True,10,16,write,4096,False,13.976081282526684,18.446744073709553,64
0,4,16,4,64,False,vast,True,10,16,write,4096,False,13.610896256654065,18.446744073709553,64
0,4,16,4,64,False,vast,True,10,16,write,4096,False,14.624314867444223,18.446744073709553,64
0,4,16,4,64,False,vast,True,10,16,write,4096,False,13.752726335852202,18.446744073709553,64
0,4,16,4,64,False,vast,True,10,16,write,4096,False,13.3901650016816,18.446744073709553,64
0,4,16,4,64,False,vast,True,10,16,write,4096,False,14.763456892881534,18.446744073709553,64
0,4,16,4,64,False,vast,True,10,16,write,4096,False,13.626263001800481,18.446744073709553,64
0,4,16,4,64,False,vast,True,10,16,write,4096,False,13.269923776699395,18.446744073709553,64
0,4,16,4,64,False,vast,True,10,16,write,4096,False,14.03009876650615,18.446744073709553,64
0,4,1,1,64,True,vast,True,10,16,write,4096,False,4.504984936473747,0.28823037615171176,4
0,4,1,1,64,True,vast,True,10,16,write,4096,False,5.838023001946977,0.28823037615171176,4
0,4,1,1,64,True,vast,True,10,16,write,4096,False,5.37235125180736,0.28823037615171176,4
0,4,1,1,64,True,vast,True,10,16,write,4096,False,5.520228688248034,0.28823037615171176,4
0,4,1,1,64,True,vast,True,10,16,write,4096,False,5.657127587206081,0.28823037615171176,4
0,4,1,1,64,True,vast,True,10,16,write,4096,False,5.211213025880021,0.28823037615171176,4
0,4,1,1,64,True,vast,True,10,16,write,4096,False,5.491176186726969,0.28823037615171176,4
0,4,1,1,64,True,vast,True,10,16,write,4096,False,5.454614719960762,0.28823037615171176,4
0,4,1,1,64,True,vast,True,10,16,write,4096,False,4.717734422768188,0.28823037615171176,4
0,4,1,1,64,True,vast,True,10,16,write,4096,False,5.419556920505724,0.28823037615171176,4
0,4,144,4,64,True,vast,True,10,16,write,4096,False,28.211661108068714,166.02069666338596,576
0,4,144,4,64,True,vast,True,10,16,write,4096,False,50.47306725819001,166.02069666338596,576
0,4,144,4,64,True,vast,True,10,16,write,4096,False,58.57940518270761,166.02069666338596,576
0,4,144,4,64,True,vast,True,10,16,write,4096,False,54.52256007676264,166.02069666338596,576
0,4,144,4,64,True,vast,True,10,16,write,4096,False,58.8007443167607,166.02069666338596,576
0,4,144,4,64,True,vast,True,10,16,write,4096,False,54.239235962585575,166.02069666338596,576
0,4,144,4,64,True,vast,True,10,16,write,4096,False,49.37888538024861,166.02069666338596,576
0,4,144,4,64,True,vast,True,10,16,write,4096,False,57.932857004028094,166.02069666338596,576
0,4,144,4,64,True,vast,True,10,16,write,4096,False,72.80603083907624,166.02069666338596,576
0,4,144,4,64,True,vast,True,10,16,write,4096,False,64.4497122045784,166.02069666338596,576
0,4,1,32,64,False,vast,True,10,16,write,4096,False,8.796022397325588,9.223372036854776,4
0,4,1,32,64,False,vast,True,10,16,write,4096,False,9.369840908314345,9.223372036854776,4
0,4,1,32,64,False,vast,True,10,16,write,4096,False,9.604002508249465,9.223372036854776,4
0,4,1,32,64,False,vast,True,10,16,write,4096,False,9.455288609664736,9.223372036854776,4
0,4,1,32,64,False,vast,True,10,16,write,4096,False,8.996360573689458,9.223372036854776,4
0,4,1,32,64,False,vast,True,10,16,write,4096,False,9.640793068136627,9.223372036854776,4
0,4,1,32,64,False,vast,True,10,16,write,4096,False,8.760777390512967,9.223372036854776,4
0,4,1,32,64,False,vast,True,10,16,write,4096,False,8.816359782309462,9.223372036854776,4
0,4,1,32,64,False,vast,True,10,16,write,4096,False,9.652150285052631,9.223372036854776,4
0,4,1,32,64,False,vast,True,10,16,write,4096,False,9.016707077742184,9.223372036854776,4
0,2,12,4,64,False,vast,True,10,16,write,4096,False,12.646665793608198,6.9175290276410815,24
0,2,12,4,64,False,vast,True,10,16,write,4096,False,13.691789638876205,6.9175290276410815,24
0,2,12,4,64,False,vast,True,10,16,write,4096,False,13.935263753562422,6.9175290276410815,24
0,2,12,4,64,False,vast,True,10,16,write,4096,False,13.052712202844388,6.9175290276410815,24
0,2,12,4,64,False,vast,True,10,16,write,4096,False,12.905324564126186,6.9175290276410815,24
0,2,12,4,64,False,vast,True,10,16,write,4096,False,12.776769456081736,6.9175290276410815,24
0,2,12,4,64,False,vast,True,10,16,write,4096,False,13.406214859725749,6.9175290276410815,24
0,2,12,4,64,False,vast,True,10,16,write,4096,False,13.954609655297032,6.9175290276410815,24
0,2,12,4,64,False,vast,True,10,16,write,4096,False,13.58555882542831,6.9175290276410815,24
0,2,12,4,64,False,vast,True,10,16,write,4096,False,13.292727746747158,6.9175290276410815,24
0,2,2,1,64,False,vast,True,10,16,write,4096,False,5.979797014930158,0.28823037615171176,4
0,2,2,1,64,False,vast,True,10,16,write,4096,False,6.05358919827359,0.28823037615171176,4
0,2,2,1,64,False,vast,True,10,16,write,4096,False,6.151035312367597,0.28823037615171176,4
0,2,2,1,64,False,vast,True,10,16,write,4096,False,6.229644204807489,0.28823037615171176,4
0,2,2,1,64,False,vast,True,10,16,write,4096,False,6.1567872457309685,0.28823037615171176,4
0,2,2,1,64,False,vast,True,10,16,write,4096,False,5.015156720027922,0.28823037615171176,4
0,2,2,1,64,False,vast,True,10,16,write,4096,False,3.0723334346341495,0.28823037615171176,4
0,2,2,1,64,False,vast,True,10,16,write,4096,False,6.286166142071423,0.28823037615171176,4
0,2,2,1,64,False,vast,True,10,16,write,4096,False,6.210144013026766,0.28823037615171176,4
0,2,2,1,64,False,vast,True,10,16,write,4096,False,6.367576446380779,0.28823037615171176,4
0,2,288,4,64,False,vast,True,10,16,write,4096,False,29.064821707663505,166.02069666338596,576
0,2,288,4,64,False,vast,True,10,16,write,4096,False,29.620967031239598,166.02069666338596,576
0,2,288,4,64,False,vast,True,10,16,write,4096,False,31.36576900967986,166.02069666338596,576
0,2,288,4,64,False,vast,True,10,16,write,4096,False,30.93020061724969,166.02069666338596,576
0,2,288,4,64,False,vast,True,10,16,write,4096,False,33.403362430057804,166.02069666338596,576
0,2,288,4,64,False,vast,True,10,16,write,4096,False,34.97306857131826,166.02069666338596,576
0,2,288,4,64,False,vast,True,10,16,write,4096,False,37.115448610887135,166.02069666338596,576
0,2,288,4,64,False,vast,True,10,16,write,4096,False,39.015527760818,166.02069666338596,576
0,2,288,4,64,False,vast,True,10,16,write,4096,False,43.80080766296087,166.02069666338596,576
0,2,288,4,64,False,vast,True,10,16,write,4096,False,46.45639955418643,166.02069666338596,576
0,2,16,1,64,False,vast,True,10,16,write,4096,False,12.90399027044926,2.305843009213694,32
0,2,16,1,64,False,vast,True,10,16,write,4096,False,11.95308353108282,2.305843009213694,32
0,2,16,1,64,False,vast,True,10,16,write,4096,False,9.934019235979362,2.305843009213694,32
0,2,16,1,64,False,vast,True,10,16,write,4096,False,10.061151644031078,2.305843009213694,32
0,2,16,1,64,False,vast,True,10,16,write,4096,False,11.519940928185118,2.305843009213694,32
0,2,16,1,64,False,vast,True,10,16,write,4096,False,10.435596474999661,2.305843009213694,32
0,2,16,1,64,False,vast,True,10,16,write,4096,False,12.260371276913851,2.305843009213694,32
0,2,16,1,64,False,vast,True,10,16,write,4096,False,11.624546053260103,2.305843009213694,32
0,2,16,1,64,False,vast,True,10,16,write,4096,False,12.246907938727247,2.305843009213694,32
0,2,16,1,64,False,vast,True,10,16,write,4096,False,11.316793477912409,2.305843009213694,32
0,4,8,1,64,False,vast,True,10,16,write,4096,False,7.081135893678822,2.305843009213694,32
0,4,8,1,64,False,vast,True,10,16,write,4096,False,10.680520384380948,2.305843009213694,32
0,4,8,1,64,False,vast,True,10,16,write,4096,False,9.033859229518688,2.305843009213694,32
0,4,8,1,64,False,vast,True,10,16,write,4096,False,7.8299946777838,2.305843009213694,32
0,4,8,1,64,False,vast,True,10,16,write,4096,False,9.99394749830604,2.305843009213694,32
0,4,8,1,64,False,vast,True,10,16,write,4096,False,10.608202588480081,2.305843009213694,32
0,4,8,1,64,False,vast,True,10,16,write,4096,False,12.863150531985484,2.305843009213694,32
0,4,8,1,64,False,vast,True,10,16,write,4096,False,8.381161338149965,2.305843009213694,32
0,4,8,1,64,False,vast,True,10,16,write,4096,False,10.888870560617494,2.305843009213694,32
0,4,8,1,64,False,vast,True,10,16,write,4096,False,9.855504708678923,2.305843009213694,32
0,4,24,1,64,True,vast,True,10,16,write,4096,False,9.402992785292783,6.9175290276410815,96
0,4,24,1,64,True,vast,True,10,16,write,4096,False,11.121409595824852,6.9175290276410815,96
0,4,24,1,64,True,vast,True,10,16,write,4096,False,20.28379017090052,6.9175290276410815,96
0,4,24,1,64,True,vast,True,10,16,write,4096,False,20.539228739952513,6.9175290276410815,96
0,4,24,1,64,True,vast,True,10,16,write,4096,False,20.91485829922138,6.9175290276410815,96
0,4,24,1,64,True,vast,True,10,16,write,4096,False,23.0560315757192,6.9175290276410815,96
0,4,24,1,64,True,vast,True,10,16,write,4096,False,30.58841909220112,6.9175290276410815,96
0,4,24,1,64,True,vast,True,10,16,write,4096,False,42.21071335783741,6.9175290276410815,96
0,4,24,1,64,True,vast,True,10,16,write,4096,False,38.07365351018772,6.9175290276410815,96
0,4,24,1,64,True,vast,True,10,16,write,4096,False,32.97441394782577,6.9175290276410815,96
0,4,24,32,64,False,vast,True,10,16,write,4096,False,32.28714479776209,221.3609288845146,96
0,4,24,32,64,False,vast,True,10,16,write,4096,False,31.5900904600207,221.3609288845146,96
0,4,24,32,64,False,vast,True,10,16,write,4096,False,39.191259058421025,221.3609288845146,96
0,4,24,32,64,False,vast,True,10,16,write,4096,False,30.898125061551557,221.3609288845146,96
0,4,24,32,64,False,vast,True,10,16,write,4096,False,36.29555711575519,221.3609288845146,96
0,4,24,32,64,False,vast,True,10,16,write,4096,False,31.446128979830817,221.3609288845146,96
0,4,24,32,64,False,vast,True,10,16,write,4096,False,33.60862114803789,221.3609288845146,96
0,4,24,32,64,False,vast,True,10,16,write,4096,False,57.77980260096555,221.3609288845146,96
0,4,24,32,64,False,vast,True,10,16,write,4096,False,58.36056653724917,221.3609288845146,96
0,4,24,32,64,False,vast,True,10,16,write,4096,False,59.69981584733975,221.3609288845146,96
0,2,24,1,64,False,vast,True,10,16,write,4096,False,12.285232045525738,3.4587645138205407,48
0,2,24,1,64,False,vast,True,10,16,write,4096,False,13.020754555653111,3.4587645138205407,48
0,2,24,1,64,False,vast,True,10,16,write,4096,False,13.246044046270773,3.4587645138205407,48
0,2,24,1,64,False,vast,True,10,16,write,4096,False,13.88709468295078,3.4587645138205407,48
0,2,24,1,64,False,vast,True,10,16,write,4096,False,13.724921020871648,3.4587645138205407,48
0,2,24,1,64,False,vast,True,10,16,write,4096,False,13.140754694667908,3.4587645138205407,48
0,2,24,1,64,False,vast,True,10,16,write,4096,False,13.932184654275394,3.4587645138205407,48
0,2,24,1,64,False,vast,True,10,16,write,4096,False,12.88022497525959,3.4587645138205407,48
0,2,24,1,64,False,vast,True,10,16,write,4096,False,14.726194436836433,3.4587645138205407,48
0,2,24,1,64,False,vast,True,10,16,write,4096,False,14.035581407680215,3.4587645138205407,48
0,8,144,1,64,True,vast,True,10,16,write,4096,False,17.12129554644075,83.01034833169298,1152
0,8,144,1,64,True,vast,True,10,16,write,4096,False,22.08133931517966,83.01034833169298,1152
0,8,144,1,64,True,vast,True,10,16,write,4096,False,27.270582766728584,83.01034833169298,1152
0,8,144,1,64,True,vast,True,10,16,write,4096,False,41.88095033231132,83.01034833169298,1152
0,8,144,1,64,True,vast,True,10,16,write,4096,False,40.87653870468032,83.01034833169298,1152
0,8,144,1,64,True,vast,True,10,16,write,4096,False,37.49069392421359,83.01034833169298,1152
0,8,144,1,64,True,vast,True,10,16,write,4096,False,39.55332284655782,83.01034833169298,1152
0,8,144,1,64,True,vast,True,10,16,write,4096,False,60.798133578243196,83.01034833169298,1152
0,8,144,1,64,True,vast,True,10,16,write,4096,False,69.4711906498436,83.01034833169298,1152
0,8,144,1,64,True,vast,True,10,16,write,4096,False,41.897805917616104,83.01034833169298,1152
0,8,144,4,64,False,vast,True,10,16,write,4096,False,35.309910381801814,332.0413933267719,1152
0,8,144,4,64,False,vast,True,10,16,write,4096,False,49.39111917270619,332.0413933267719,1152
0,8,144,4,64,False,vast,True,10,16,write,4096,False,28.89153509121086,332.0413933267719,1152
0,8,144,4,64,False,vast,True,10,16,write,4096,False,37.97086419280476,332.0413933267719,1152
0,8,144,4,64,False,vast,True,10,16,write,4096,False,38.33585847975576,332.0413933267719,1152
0,8,144,4,64,False,vast,True,10,16,write,4096,False,68.51870054459188,332.0413933267719,1152
0,8,144,4,64,False,vast,True,10,16,write,4096,False,64.79252940068106,332.0413933267719,1152
0,8,144,4,64,False,vast,True,10,16,write,4096,False,64.32832499138387,332.0413933267719,1152
0,8,144,4,64,False,vast,True,10,16,write,4096,False,61.069106927555005,332.0413933267719,1152
0,8,144,4,64,False,vast,True,10,16,write,4096,False,62.34020014818049,332.0413933267719,1152
0,1,2,1,64,False,vast,True,10,16,write,4096,False,3.5073262077626812,0.14411518807585588,2
0,1,2,1,64,False,vast,True,10,16,write,4096,False,3.6325053731370063,0.14411518807585588,2
0,1,2,1,64,False,vast,True,10,16,write,4096,False,3.537667665475424,0.14411518807585588,2
0,1,2,1,64,False,vast,True,10,16,write,4096,False,3.2763941302791264,0.14411518807585588,2
0,1,2,1,64,False,vast,True,10,16,write,4096,False,3.579371452055101,0.14411518807585588,2
0,1,2,1,64,False,vast,True,10,16,write,4096,False,3.379071271386965,0.14411518807585588,2
0,1,2,1,64,False,vast,True,10,16,write,4096,False,3.508740603266833,0.14411518807585588,2
0,1,2,1,64,False,vast,True,10,16,write,4096,False,3.7035403459443206,0.14411518807585588,2
0,1,2,1,64,False,vast,True,10,16,write,4096,False,3.6672127596465733,0.14411518807585588,2
0,1,2,1,64,False,vast,True,10,16,write,4096,False,2.813384179688851,0.14411518807585588,2
0,1,2,4,64,True,vast,True,10,16,write,4096,False,3.8875225567625833,0.5764607523034235,2
0,1,2,4,64,True,vast,True,10,16,write,4096,False,4.112952813791922,0.5764607523034235,2
0,1,2,4,64,True,vast,True,10,16,write,4096,False,3.9982864749710085,0.5764607523034235,2
0,1,2,4,64,True,vast,True,10,16,write,4096,False,4.044206925040709,0.5764607523034235,2
0,1,2,4,64,True,vast,True,10,16,write,4096,False,3.685892618905403,0.5764607523034235,2
0,1,2,4,64,True,vast,True,10,16,write,4096,False,4.021433446569624,0.5764607523034235,2
0,1,2,4,64,True,vast,True,10,16,write,4096,False,4.028858183291677,0.5764607523034235,2
0,1,2,4,64,True,vast,True,10,16,write,4096,False,3.993916984709847,0.5764607523034235,2
0,1,2,4,64,True,vast,True,10,16,write,4096,False,4.1189239271777485,0.5764607523034235,2
0,1,2,4,64,True,vast,True,10,16,write,4096,False,2.289729688629439,0.5764607523034235,2
0,2,12,1,64,False,vast,True,10,16,write,4096,False,11.284717167297005,1.7293822569102704,24
0,2,12,1,64,False,vast,True,10,16,write,4096,False,14.784335473277245,1.7293822569102704,24
0,2,12,1,64,False,vast,True,10,16,write,4096,False,9.579641653573647,1.7293822569102704,24
0,2,12,1,64,False,vast,True,10,16,write,4096,False,8.07721605027473,1.7293822569102704,24
0,2,12,1,64,False,vast,True,10,16,write,4096,False,10.500574629063289,1.7293822569102704,24
0,2,12,1,64,False,vast,True,10,16,write,4096,False,10.944125334292691,1.7293822569102704,24
0,2,12,1,64,False,vast,True,10,16,write,4096,False,10.735802358603948,1.7293822569102704,24
0,2,12,1,64,False,vast,True,10,16,write,4096,False,8.848767652929677,1.7293822569102704,24
0,2,12,1,64,False,vast,True,10,16,write,4096,False,10.056038062099303,1.7293822569102704,24
0,2,12,1,64,False,vast,True,10,16,write,4096,False,10.738857390077213,1.7293822569102704,24
0,4,12,4,64,True,vast,True,10,16,write,4096,False,11.362854874746494,13.835058055282163,48
0,4,12,4,64,True,vast,True,10,16,write,4096,False,15.724735228833437,13.835058055282163,48
0,4,12,4,64,True,vast,True,10,16,write,4096,False,16.85313789400787,13.835058055282163,48
0,4,12,4,64,True,vast,True,10,16,write,4096,False,20.74176972303703,13.835058055282163,48
0,4,12,4,64,True,vast,True,10,16,write,4096,False,23.27526580500926,13.835058055282163,48
0,4,12,4,64,True,vast,True,10,16,write,4096,False,24.585997393360103,13.835058055282163,48
0,4,12,4,64,True,vast,True,10,16,write,4096,False,27.861005550664185,13.835058055282163,48
0,4,12,4,64,True,vast,True,10,16,write,4096,False,36.46031750078149,13.835058055282163,48
0,4,12,4,64,True,vast,True,10,16,write,4096,False,51.516444728125116,13.835058055282163,48
0,4,12,4,64,True,vast,True,10,16,write,4096,False,64.88933445394122,13.835058055282163,48
0,2,2,32,64,True,vast,True,10,16,write,4096,False,6.989114201691357,9.223372036854776,4
0,2,2,32,64,True,vast,True,10,16,write,4096,False,7.123854568553108,9.223372036854776,4
0,2,2,32,64,True,vast,True,10,16,write,4096,False,6.117165861126316,9.223372036854776,4
0,2,2,32,64,True,vast,True,10,16,write,4096,False,6.686319951576187,9.223372036854776,4
0,2,2,32,64,True,vast,True,10,16,write,4096,False,6.747621633004396,9.223372036854776,4
0,2,2,32,64,True,vast,True,10,16,write,4096,False,7.266749186040437,9.223372036854776,4
0,2,2,32,64,True,vast,True,10,16,write,4096,False,6.60122253851001,9.223372036854776,4
0,2,2,32,64,True,vast,True,10,16,write,4096,False,7.278092563515157,9.223372036854776,4
0,2,2,32,64,True,vast,True,10,16,write,4096,False,6.947905118266061,9.223372036854776,4
0,2,2,32,64,True,vast,True,10,16,write,4096,False,6.6214419600535,9.223372036854776,4
0,1,16,32,64,False,vast,True,10,16,write,4096,False,14.958895238929214,36.893488147419106,16
0,1,16,32,64,False,vast,True,10,16,write,4096,False,15.260627519525567,36.893488147419106,16
0,1,16,32,64,False,vast,True,10,16,write,4096,False,14.592739308498734,36.893488147419106,16
0,1,16,32,64,False,vast,True,10,16,write,4096,False,15.422643711738395,36.893488147419106,16
0,1,16,32,64,False,vast,True,10,16,write,4096,False,15.03760292537948,36.893488147419106,16
0,1,16,32,64,False,vast,True,10,16,write,4096,False,14.99435428500085,36.893488147419106,16
0,1,16,32,64,False,vast,True,10,16,write,4096,False,14.844303711998467,36.893488147419106,16
0,1,16,32,64,False,vast,True,10,16,write,4096,False,15.303801392016021,36.893488147419106,16
0,1,16,32,64,False,vast,True,10,16,write,4096,False,15.132744484399927,36.893488147419106,16
0,1,16,32,64,False,vast,True,10,16,write,4096,False,15.495161590612614,36.893488147419106,16
0,1,2,32,64,False,vast,True,10,16,write,4096,False,8.811406817541208,4.611686018427388,2
0,1,2,32,64,False,vast,True,10,16,write,4096,False,9.40845412535021,4.611686018427388,2
0,1,2,32,64,False,vast,True,10,16,write,4096,False,9.0703862389942,4.611686018427388,2
0,1,2,32,64,False,vast,True,10,16,write,4096,False,9.5961988556951,4.611686018427388,2
0,1,2,32,64,False,vast,True,10,16,write,4096,False,9.038195788312,4.611686018427388,2
0,1,2,32,64,False,vast,True,10,16,write,4096,False,9.481209698632235,4.611686018427388,2
0,1,2,32,64,False,vast,True,10,16,write,4096,False,9.329754370307914,4.611686018427388,2
0,1,2,32,64,False,vast,True,10,16,write,4096,False,9.38945032460246,4.611686018427388,2
0,1,2,32,64,False,vast,True,10,16,write,4096,False,9.574672885109267,4.611686018427388,2
0,1,2,32,64,False,vast,True,10,16,write,4096,False,9.664989702048988,4.611686018427388,2
0,8,24,32,64,False,vast,True,10,16,write,4096,False,37.45830350559658,442.7218577690292,192
0,8,24,32,64,False,vast,True,10,16,write,4096,False,50.502301237273,442.7218577690292,192
0,8,24,32,64,False,vast,True,10,16,write,4096,False,42.40773236036137,442.7218577690292,192
0,8,24,32,64,False,vast,True,10,16,write,4096,False,46.98389135162502,442.7218577690292,192
0,8,24,32,64,False,vast,True,10,16,write,4096,False,46.62085061112148,442.7218577690292,192
0,8,24,32,64,False,vast,True,10,16,write,4096,False,45.84422185202123,442.7218577690292,192
0,8,24,32,64,False,vast,True,10,16,write,4096,False,46.308691869362235,442.7218577690292,192
0,8,24,32,64,False,vast,True,10,16,write,4096,False,46.1154324261351,442.7218577690292,192
0,8,24,32,64,False,vast,True,10,16,write,4096,False,59.047302562818544,442.7218577690292,192
0,8,24,32,64,False,vast,True,10,16,write,4096,False,45.27116852215927,442.7218577690292,192
0,8,12,32,64,True,vast,True,10,16,write,4096,False,34.29008064663595,221.3609288845146,96
0,8,12,32,64,True,vast,True,10,16,write,4096,False,38.17671898117701,221.3609288845146,96
0,8,12,32,64,True,vast,True,10,16,write,4096,False,37.6161921533363,221.3609288845146,96
0,8,12,32,64,True,vast,True,10,16,write,4096,False,43.59794692778097,221.3609288845146,96
0,8,12,32,64,True,vast,True,10,16,write,4096,False,48.03572351690298,221.3609288845146,96
0,8,12,32,64,True,vast,True,10,16,write,4096,False,48.40991236918343,221.3609288845146,96
0,8,12,32,64,True,vast,True,10,16,write,4096,False,52.233110358186664,221.3609288845146,96
0,8,12,32,64,True,vast,True,10,16,write,4096,False,46.35825407649264,221.3609288845146,96
0,8,12,32,64,True,vast,True,10,16,write,4096,False,60.219967564058074,221.3609288845146,96
0,8,12,32,64,True,vast,True,10,16,write,4096,False,63.38468791324811,221.3609288845146,96
0,8,1,32,64,True,vast,True,10,16,write,4096,False,8.086987021171531,18.446744073709553,8
0,8,1,32,64,True,vast,True,10,16,write,4096,False,8.010912688245323,18.446744073709553,8
0,8,1,32,64,True,vast,True,10,16,write,4096,False,8.6553398010557,18.446744073709553,8
0,8,1,32,64,True,vast,True,10,16,write,4096,False,8.716867109101182,18.446744073709553,8
0,8,1,32,64,True,vast,True,10,16,write,4096,False,9.157481421563013,18.446744073709553,8
0,8,1,32,64,True,vast,True,10,16,write,4096,False,8.838914996566471,18.446744073709553,8
0,8,1,32,64,True,vast,True,10,16,write,4096,False,10.005205777324907,18.446744073709553,8
0,8,1,32,64,True,vast,True,10,16,write,4096,False,9.548609993698463,18.446744073709553,8
0,8,1,32,64,True,vast,True,10,16,write,4096,False,10.258519547557173,18.446744073709553,8
0,8,1,32,64,True,vast,True,10,16,write,4096,False,11.409943144474754,18.446744073709553,8
0,8,144,4,64,True,vast,True,10,16,write,4096,False,31.63997707907139,332.0413933267719,1152
0,8,144,4,64,True,vast,True,10,16,write,4096,False,48.922402290555155,332.0413933267719,1152
0,8,144,4,64,True,vast,True,10,16,write,4096,False,53.43612495097514,332.0413933267719,1152
0,8,144,4,64,True,vast,True,10,16,write,4096,False,71.66628682333734,332.0413933267719,1152
0,8,144,4,64,True,vast,True,10,16,write,4096,False,78.61949676636301,332.0413933267719,1152
0,8,144,4,64,True,vast,True,10,16,write,4096,False,58.778793558780094,332.0413933267719,1152
0,8,144,4,64,True,vast,True,10,16,write,4096,False,77.13794124414349,332.0413933267719,1152
0,8,144,4,64,True,vast,True,10,16,write,4096,False,82.48479034781512,332.0413933267719,1152
0,8,144,4,64,True,vast,True,10,16,write,4096,False,74.3765730107408,332.0413933267719,1152
0,8,144,4,64,True,vast,True,10,16,write,4096,False,95.50016258837327,332.0413933267719,1152
0,2,144,4,64,False,vast,True,10,16,write,4096,False,28.729699865094055,83.01034833169298,288
0,2,144,4,64,False,vast,True,10,16,write,4096,False,27.124815250962566,83.01034833169298,288
0,2,144,4,64,False,vast,True,10,16,write,4096,False,28.20370779688479,83.01034833169298,288
0,2,144,4,64,False,vast,True,10,16,write,4096,False,29.353542897659114,83.01034833169298,288
0,2,144,4,64,False,vast,True,10,16,write,4096,False,29.647932294852374,83.01034833169298,288
0,2,144,4,64,False,vast,True,10,16,write,4096,False,28.926476175295512,83.01034833169298,288
0,2,144,4,64,False,vast,True,10,16,write,4096,False,30.907510345687776,83.01034833169298,288
0,2,144,4,64,False,vast,True,10,16,write,4096,False,29.52785552372614,83.01034833169298,288
0,2,144,4,64,False,vast,True,10,16,write,4096,False,27.274378068400065,83.01034833169298,288
0,2,144,4,64,False,vast,True,10,16,write,4096,False,27.535634321632756,83.01034833169298,288
0,8,2,1,64,True,vast,True,10,16,write,4096,False,7.173236075962162,1.152921504606847,16
0,8,2,1,64,True,vast,True,10,16,write,4096,False,7.34437641383157,1.152921504606847,16
0,8,2,1,64,True,vast,True,10,16,write,4096,False,10.579507245302088,1.152921504606847,16
0,8,2,1,64,True,vast,True,10,16,write,4096,False,8.309395120553265,1.152921504606847,16
0,8,2,1,64,True,vast,True,10,16,write,4096,False,8.886364150035769,1.152921504606847,16
0,8,2,1,64,True,vast,True,10,16,write,4096,False,10.239042960561054,1.152921504606847,16
0,8,2,1,64,True,vast,True,10,16,write,4096,False,14.933955031981869,1.152921504606847,16
0,8,2,1,64,True,vast,True,10,16,write,4096,False,12.644213418707166,1.152921504606847,16
0,8,2,1,64,True,vast,True,10,16,write,4096,False,13.26912593624379,1.152921504606847,16
0,8,2,1,64,True,vast,True,10,16,write,4096,False,14.932677747083638,1.152921504606847,16
0,2,8,1,64,False,vast,True,10,16,write,4096,False,10.318568159491422,1.152921504606847,16
0,2,8,1,64,False,vast,True,10,16,write,4096,False,9.986943851476425,1.152921504606847,16
0,2,8,1,64,False,vast,True,10,16,write,4096,False,9.647315485406308,1.152921504606847,16
0,2,8,1,64,False,vast,True,10,16,write,4096,False,9.015635746150952,1.152921504606847,16
0,2,8,1,64,False,vast,True,10,16,write,4096,False,7.097173393916193,1.152921504606847,16
0,2,8,1,64,False,vast,True,10,16,write,4096,False,9.908952976742441,1.152921504606847,16
0,2,8,1,64,False,vast,True,10,16,write,4096,False,10.935339352692425,1.152921504606847,16
0,2,8,1,64,False,vast,True,10,16,write,4096,False,8.7821936015051,1.152921504606847,16
0,2,8,1,64,False,vast,True,10,16,write,4096,False,8.643325102643095,1.152921504606847,16
0,2,8,1,64,False,vast,True,10,16,write,4096,False,8.995393912747549,1.152921504606847,16
0,1,8,4,64,True,vast,True,10,16,write,4096,False,8.969809429881156,2.305843009213694,8
0,1,8,4,64,True,vast,True,10,16,write,4096,False,9.534042036893092,2.305843009213694,8
0,1,8,4,64,True,vast,True,10,16,write,4096,False,7.627308601000545,2.305843009213694,8
0,1,8,4,64,True,vast,True,10,16,write,4096,False,11.84420461908968,2.305843009213694,8
0,1,8,4,64,True,vast,True,10,16,write,4096,False,8.778221042822995,2.305843009213694,8
0,1,8,4,64,True,vast,True,10,16,write,4096,False,11.88508922322032,2.305843009213694,8
0,1,8,4,64,True,vast,True,10,16,write,4096,False,13.7735786653778,2.305843009213694,8
0,1,8,4,64,True,vast,True,10,16,write,4096,False,10.398408041235278,2.305843009213694,8
0,1,8,4,64,True,vast,True,10,16,write,4096,False,15.113114185011616,2.305843009213694,8
0,1,8,4,64,True,vast,True,10,16,write,4096,False,15.569481244064205,2.305843009213694,8
0,2,144,32,64,True,vast,True,10,16,write,4096,False,38.42453597163757,664.0827866535438,288
0,2,144,32,64,True,vast,True,10,16,write,4096,False,44.39931253377996,664.0827866535438,288
0,2,144,32,64,True,vast,True,10,16,write,4096,False,43.229593421458425,664.0827866535438,288
0,2,144,32,64,True,vast,True,10,16,write,4096,False,43.127270929911525,664.0827866535438,288
0,2,144,32,64,True,vast,True,10,16,write,4096,False,41.1109855692977,664.0827866535438,288
0,2,144,32,64,True,vast,True,10,16,write,4096,False,40.84667833885368,664.0827866535438,288
0,2,144,32,64,True,vast,True,10,16,write,4096,False,42.03809059569915,664.0827866535438,288
0,2,144,32,64,True,vast,True,10,16,write,4096,False,42.23909700075828,664.0827866535438,288
0,2,144,32,64,True,vast,True,10,16,write,4096,False,44.46784972161621,664.0827866535438,288
0,2,144,32,64,True,vast,True,10,16,write,4096,False,53.42181067503829,664.0827866535438,288
0,2,24,32,64,False,vast,True,10,16,write,4096,False,31.36815765355816,110.6804644422573,48
0,2,24,32,64,False,vast,True,10,16,write,4096,False,31.495155240562962,110.6804644422573,48
0,2,24,32,64,False,vast,True,10,16,write,4096,False,31.835660199677406,110.6804644422573,48
0,2,24,32,64,False,vast,True,10,16,write,4096,False,32.21938719622526,110.6804644422573,48
0,2,24,32,64,False,vast,True,10,16,write,4096,False,31.46080896224191,110.6804644422573,48
0,2,24,32,64,False,vast,True,10,16,write,4096,False,30.278437011820913,110.6804644422573,48
0,2,24,32,64,False,vast,True,10,16,write,4096,False,27.797488683156068,110.6804644422573,48
0,2,24,32,64,False,vast,True,10,16,write,4096,False,31.787080368449836,110.6804644422573,48
0,2,24,32,64,False,vast,True,10,16,write,4096,False,31.861469430317634,110.6804644422573,48
0,2,24,32,64,False,vast,True,10,16,write,4096,False,30.20705289135847,110.6804644422573,48
0,4,288,4,64,True,vast,True,10,16,write,4096,False,29.074558438254677,332.0413933267719,1152
0,4,288,4,64,True,vast,True,10,16,write,4096,False,49.48510229570258,332.0413933267719,1152
0,4,288,4,64,True,vast,True,10,16,write,4096,False,56.72307209276762,332.0413933267719,1152
0,4,288,4,64,True,vast,True,10,16,write,4096,False,54.10682805608867,332.0413933267719,1152
0,4,288,4,64,True,vast,True,10,16,write,4096,False,67.23724565580716,332.0413933267719,1152
0,4,288,4,64,True,vast,True,10,16,write,4096,False,61.26929507826977,332.0413933267719,1152
0,4,288,4,64,True,vast,True,10,16,write,4096,False,61.54244906148963,332.0413933267719,1152
0,4,288,4,64,True,vast,True,10,16,write,4096,False,59.27728075123777,332.0413933267719,1152
0,4,288,4,64,True,vast,True,10,16,write,4096,False,58.27456076644098,332.0413933267719,1152
0,4,288,4,64,True,vast,True,10,16,write,4096,False,58.09438694872028,332.0413933267719,1152
0,2,288,32,64,False,vast,True,10,16,write,4096,False,20.980385720804186,1328.1655733070877,576
0,2,288,32,64,False,vast,True,10,16,write,4096,False,10.567986938585387,1328.1655733070877,576
0,2,288,32,64,False,vast,True,10,16,write,4096,False,11.46947404934844,1328.1655733070877,576
0,2,288,32,64,False,vast,True,10,16,write,4096,False,28.6920748165851,1328.1655733070877,576
0,2,288,32,64,False,vast,True,10,16,write,4096,False,30.583729769223346,1328.1655733070877,576
0,2,288,32,64,False,vast,True,10,16,write,4096,False,27.490951722545585,1328.1655733070877,576
0,2,288,32,64,False,vast,True,10,16,write,4096,False,41.05492549134544,1328.1655733070877,576
0,2,288,32,64,False,vast,True,10,16,write,4096,False,62.095682289019635,1328.1655733070877,576
0,2,288,32,64,False,vast,True,10,16,write,4096,False,70.03798117466948,1328.1655733070877,576
0,2,288,32,64,False,vast,True,10,16,write,4096,False,74.19111116074828,1328.1655733070877,576
0,8,1,1,64,True,vast,True,10,16,write,4096,False,5.596434066302765,0.5764607523034235,8
0,8,1,1,64,True,vast,True,10,16,write,4096,False,6.363192268276402,0.5764607523034235,8
0,8,1,1,64,True,vast,True,10,16,write,4096,False,9.343971731680496,0.5764607523034235,8
0,8,1,1,64,True,vast,True,10,16,write,4096,False,9.740110766385374,0.5764607523034235,8
0,8,1,1,64,True,vast,True,10,16,write,4096,False,9.878104540525998,0.5764607523034235,8
0,8,1,1,64,True,vast,True,10,16,write,4096,False,9.583370721072045,0.5764607523034235,8
0,8,1,1,64,True,vast,True,10,16,write,4096,False,10.963738752093636,0.5764607523034235,8
0,8,1,1,64,True,vast,True,10,16,write,4096,False,8.261916162992986,0.5764607523034235,8
0,8,1,1,64,True,vast,True,10,16,write,4096,False,7.711855782784412,0.5764607523034235,8
0,8,1,1,64,True,vast,True,10,16,write,4096,False,10.129368458541128,0.5764607523034235,8
0,2,1,4,64,False,vast,True,10,16,write,4096,False,7.186115442522705,0.5764607523034235,2
0,2,1,4,64,False,vast,True,10,16,write,4096,False,7.666384836698809,0.5764607523034235,2
0,2,1,4,64,False,vast,True,10,16,write,4096,False,5.966531269429009,0.5764607523034235,2
0,2,1,4,64,False,vast,True,10,16,write,4096,False,7.19122402924632,0.5764607523034235,2
0,2,1,4,64,False,vast,True,10,16,write,4096,False,8.149310500473288,0.5764607523034235,2
0,2,1,4,64,False,vast,True,10,16,write,4096,False,7.005168721942565,0.5764607523034235,2
0,2,1,4,64,False,vast,True,10,16,write,4096,False,6.144680020577208,0.5764607523034235,2
0,2,1,4,64,False,vast,True,10,16,write,4096,False,7.462503502986047,0.5764607523034235,2
0,2,1,4,64,False,vast,True,10,16,write,4096,False,6.960762368309082,0.5764607523034235,2
0,2,1,4,64,False,vast,True,10,16,write,4096,False,7.726948439270194,0.5764607523034235,2
0,2,24,4,64,False,vast,True,10,16,write,4096,False,16.234588063436625,13.835058055282163,48
0,2,24,4,64,False,vast,True,10,16,write,4096,False,16.133725226364135,13.835058055282163,48
0,2,24,4,64,False,vast,True,10,16,write,4096,False,16.666789319303454,13.835058055282163,48
0,2,24,4,64,False,vast,True,10,16,write,4096,False,17.159611004833817,13.835058055282163,48
0,2,24,4,64,False,vast,True,10,16,write,4096,False,15.958982192795785,13.835058055282163,48
0,2,24,4,64,False,vast,True,10,16,write,4096,False,18.205191800227972,13.835058055282163,48
0,2,24,4,64,False,vast,True,10,16,write,4096,False,16.539141815661896,13.835058055282163,48
0,2,24,4,64,False,vast,True,10,16,write,4096,False,16.47509843367144,13.835058055282163,48
0,2,24,4,64,False,vast,True,10,16,write,4096,False,16.950261105266566,13.835058055282163,48
0,2,24,4,64,False,vast,True,10,16,write,4096,False,16.140171399856417,13.835058055282163,48
0,1,288,1,64,True,vast,True,10,16,write,4096,False,17.96914259275899,20.752587082923245,288
0,1,288,1,64,True,vast,True,10,16,write,4096,False,16.92375141816162,20.752587082923245,288
0,1,288,1,64,True,vast,True,10,16,write,4096,False,22.519670602284137,20.752587082923245,288
0,1,288,1,64,True,vast,True,10,16,write,4096,False,25.39519275268287,20.752587082923245,288
0,1,288,1,64,True,vast,True,10,16,write,4096,False,22.752819553743493,20.752587082923245,288
0,1,288,1,64,True,vast,True,10,16,write,4096,False,27.549619072709465,20.752587082923245,288
0,1,288,1,64,True,vast,True,10,16,write,4096,False,33.18276156602167,20.752587082923245,288
0,1,288,1,64,True,vast,True,10,16,write,4096,False,42.746158688519195,20.752587082923245,288
0,1,288,1,64,True,vast,True,10,16,write,4096,False,26.8799885551418,20.752587082923245,288
0,1,288,1,64,True,vast,True,10,16,write,4096,False,29.394398347257464,20.752587082923245,288
0,8,288,4,64,True,vast,True,10,16,write,4096,False,37.642208879710445,664.0827866535438,2304
0,8,288,4,64,True,vast,True,10,16,write,4096,False,81.03761853505358,664.0827866535438,2304
0,8,288,4,64,True,vast,True,10,16,write,4096,False,84.98461072212052,664.0827866535438,2304
0,8,288,4,64,True,vast,True,10,16,write,4096,False,79.04972649073241,664.0827866535438,2304
0,8,288,4,64,True,vast,True,10,16,write,4096,False,82.44643217754788,664.0827866535438,2304
0,8,288,4,64,True,vast,True,10,16,write,4096,False,89.89881257708254,664.0827866535438,2304
0,8,288,4,64,True,vast,True,10,16,write,4096,False,77.38629232653237,664.0827866535438,2304
0,8,288,4,64,True,vast,True,10,16,write,4096,False,81.39538821918454,664.0827866535438,2304
0,8,288,4,64,True,vast,True,10,16,write,4096,False,89.80182277261945,664.0827866535438,2304
0,8,288,4,64,True,vast,True,10,16,write,4096,False,83.7668910801494,664.0827866535438,2304
0,1,288,32,64,True,vast,True,10,16,write,4096,False,20.014449813511526,664.0827866535438,288
0,1,288,32,64,True,vast,True,10,16,write,4096,False,19.92986193041306,664.0827866535438,288
0,1,288,32,64,True,vast,True,10,16,write,4096,False,19.04141282742815,664.0827866535438,288
0,1,288,32,64,True,vast,True,10,16,write,4096,False,19.33296577739146,664.0827866535438,288
0,1,288,32,64,True,vast,True,10,16,write,4096,False,19.614908054043994,664.0827866535438,288
0,1,288,32,64,True,vast,True,10,16,write,4096,False,20.015459232926208,664.0827866535438,288
0,1,288,32,64,True,vast,True,10,16,write,4096,False,17.265618152356907,664.0827866535438,288
0,1,288,32,64,True,vast,True,10,16,write,4096,False,19.261187468329137,664.0827866535438,288
0,1,288,32,64,True,vast,True,10,16,write,4096,False,19.94408435648763,664.0827866535438,288
0,1,288,32,64,True,vast,True,10,16,write,4096,False,21.738537357035256,664.0827866535438,288
0,1,12,1,64,False,vast,True,10,16,write,4096,False,7.528450319800687,0.8646911284551352,12
0,1,12,1,64,False,vast,True,10,16,write,4096,False,6.722040618113626,0.8646911284551352,12
0,1,12,1,64,False,vast,True,10,16,write,4096,False,6.967663315570776,0.8646911284551352,12
0,1,12,1,64,False,vast,True,10,16,write,4096,False,6.230195509698207,0.8646911284551352,12
0,1,12,1,64,False,vast,True,10,16,write,4096,False,7.626105343276998,0.8646911284551352,12
0,1,12,1,64,False,vast,True,10,16,write,4096,False,7.657970816204793,0.8646911284551352,12
0,1,12,1,64,False,vast,True,10,16,write,4096,False,7.687085681707161,0.8646911284551352,12
0,1,12,1,64,False,vast,True,10,16,write,4096,False,6.799662051124994,0.8646911284551352,12
0,1,12,1,64,False,vast,True,10,16,write,4096,False,7.620690758424053,0.8646911284551352,12
0,1,12,1,64,False,vast,True,10,16,write,4096,False,7.398734406573361,0.8646911284551352,12
0,4,2,32,64,False,vast,True,10,16,write,4096,False,13.78917928776399,18.446744073709553,8
0,4,2,32,64,False,vast,True,10,16,write,4096,False,14.419904919630879,18.446744073709553,8
0,4,2,32,64,False,vast,True,10,16,write,4096,False,13.698734204117093,18.446744073709553,8
0,4,2,32,64,False,vast,True,10,16,write,4096,False,13.894669720830379,18.446744073709553,8
0,4,2,32,64,False,vast,True,10,16,write,4096,False,14.2084792926583,18.446744073709553,8
0,4,2,32,64,False,vast,True,10,16,write,4096,False,13.49646840336301,18.446744073709553,8
0,4,2,32,64,False,vast,True,10,16,write,4096,False,13.42567037699819,18.446744073709553,8
0,4,2,32,64,False,vast,True,10,16,write,4096,False,14.568449112884085,18.446744073709553,8
0,4,2,32,64,False,vast,True,10,16,write,4096,False,14.160571255245795,18.446744073709553,8
0,4,2,32,64,False,vast,True,10,16,write,4096,False,14.423404490972871,18.446744073709553,8
0,2,24,1,64,True,vast,True,10,16,write,4096,False,11.536436607851059,3.4587645138205407,48
0,2,24,1,64,True,vast,True,10,16,write,4096,False,11.572993750976202,3.4587645138205407,48
0,2,24,1,64,True,vast,True,10,16,write,4096,False,13.800309599673888,3.4587645138205407,48
0,2,24,1,64,True,vast,True,10,16,write,4096,False,14.384704455472981,3.4587645138205407,48
0,2,24,1,64,True,vast,True,10,16,write,4096,False,16.439167802962494,3.4587645138205407,48
0,2,24,1,64,True,vast,True,10,16,write,4096,False,20.125040362870667,3.4587645138205407,48
0,2,24,1,64,True,vast,True,10,16,write,4096,False,23.761616075702424,3.4587645138205407,48
0,2,24,1,64,True,vast,True,10,16,write,4096,False,29.47570519534449,3.4587645138205407,48
0,2,24,1,64,True,vast,True,10,16,write,4096,False,35.13774539580162,3.4587645138205407,48
0,2,24,1,64,True,vast,True,10,16,write,4096,False,47.357360814575046,3.4587645138205407,48
0,4,24,4,64,False,vast,True,10,16,write,4096,False,19.33371448925048,27.670116110564326,96
0,4,24,4,64,False,vast,True,10,16,write,4096,False,20.21130259423092,27.670116110564326,96
0,4,24,4,64,False,vast,True,10,16,write,4096,False,20.433373647990795,27.670116110564326,96
0,4,24,4,64,False,vast,True,10,16,write,4096,False,20.81306055614113,27.670116110564326,96
0,4,24,4,64,False,vast,True,10,16,write,4096,False,20.493351732711712,27.670116110564326,96
0,4,24,4,64,False,vast,True,10,16,write,4096,False,19.202296674761676,27.670116110564326,96
0,4,24,4,64,False,vast,True,10,16,write,4096,False,19.341747100419685,27.670116110564326,96
0,4,24,4,64,False,vast,True,10,16,write,4096,False,21.76757421907221,27.670116110564326,96
0,4,24,4,64,False,vast,True,10,16,write,4096,False,21.399582583057576,27.670116110564326,96
0,4,24,4,64,False,vast,True,10,16,write,4096,False,19.36485446058041,27.670116110564326,96
